item,family,wave,question_text,option_code,option_label,option_position,n_options,option_text,paired_coverage,entropy_nats
CC20_302,CC20_302,source_pre,[CC20_302] {single} Would you say that OVER THE PAST YEAR the nation's economy has ... (Allows one selection) ◯ [1] Gotten much better ◯ [2] Gotten somewhat better ◯ [3] Stayed about the same ◯ [4] Gotten somewhat worse ◯ [5] Gotten much worse ◯ [6] Not sure,1,Gotten much better,0,6,Question: [CC20_302] {single} Would you say that OVER THE PAST YEAR the nation's economy has ... (Allows one selection) ◯ [1] Gotten much better ◯ [2] Gotten somewhat better ◯ [3] Stayed about the same ◯ [4] Gotten somewhat worse ◯ [5] Gotten much worse ◯ [6] Not sure Response option: Gotten much better,0.9982347578126516,1.4684927749973486
CC20_302,CC20_302,source_pre,[CC20_302] {single} Would you say that OVER THE PAST YEAR the nation's economy has ... (Allows one selection) ◯ [1] Gotten much better ◯ [2] Gotten somewhat better ◯ [3] Stayed about the same ◯ [4] Gotten somewhat worse ◯ [5] Gotten much worse ◯ [6] Not sure,2,Gotten somewhat better,1,6,Question: [CC20_302] {single} Would you say that OVER THE PAST YEAR the nation's economy has ... (Allows one selection) ◯ [1] Gotten much better ◯ [2] Gotten somewhat better ◯ [3] Stayed about the same ◯ [4] Gotten somewhat worse ◯ [5] Gotten much worse ◯ [6] Not sure Response option: Gotten somewhat better,0.9982347578126516,1.4684927749973486
CC20_302,CC20_302,source_pre,[CC20_302] {single} Would you say that OVER THE PAST YEAR the nation's economy has ... (Allows one selection) ◯ [1] Gotten much better ◯ [2] Gotten somewhat better ◯ [3] Stayed about the same ◯ [4] Gotten somewhat worse ◯ [5] Gotten much worse ◯ [6] Not sure,3,Stayed about the same,2,6,Question: [CC20_302] {single} Would you say that OVER THE PAST YEAR the nation's economy has ... (Allows one selection) ◯ [1] Gotten much better ◯ [2] Gotten somewhat better ◯ [3] Stayed about the same ◯ [4] Gotten somewhat worse ◯ [5] Gotten much worse ◯ [6] Not sure Response option: Stayed about the same,0.9982347578126516,1.4684927749973486
CC20_302,CC20_302,source_pre,[CC20_302] {single} Would you say that OVER THE PAST YEAR the nation's economy has ... (Allows one selection) ◯ [1] Gotten much better ◯ [2] Gotten somewhat better ◯ [3] Stayed about the same ◯ [4] Gotten somewhat worse ◯ [5] Gotten much worse ◯ [6] Not sure,4,Gotten somewhat worse,3,6,Question: [CC20_302] {single} Would you say that OVER THE PAST YEAR the nation's economy has ... (Allows one selection) ◯ [1] Gotten much better ◯ [2] Gotten somewhat better ◯ [3] Stayed about the same ◯ [4] Gotten somewhat worse ◯ [5] Gotten much worse ◯ [6] Not sure Response option: Gotten somewhat worse,0.9982347578126516,1.4684927749973486
CC20_302,CC20_302,source_pre,[CC20_302] {single} Would you say that OVER THE PAST YEAR the nation's economy has ... (Allows one selection) ◯ [1] Gotten much better ◯ [2] Gotten somewhat better ◯ [3] Stayed about the same ◯ [4] Gotten somewhat worse ◯ [5] Gotten much worse ◯ [6] Not sure,5,Gotten much worse,4,6,Question: [CC20_302] {single} Would you say that OVER THE PAST YEAR the nation's economy has ... (Allows one selection) ◯ [1] Gotten much better ◯ [2] Gotten somewhat better ◯ [3] Stayed about the same ◯ [4] Gotten somewhat worse ◯ [5] Gotten much worse ◯ [6] Not sure Response option: Gotten much worse,0.9982347578126516,1.4684927749973486
CC20_302,CC20_302,source_pre,[CC20_302] {single} Would you say that OVER THE PAST YEAR the nation's economy has ... (Allows one selection) ◯ [1] Gotten much better ◯ [2] Gotten somewhat better ◯ [3] Stayed about the same ◯ [4] Gotten somewhat worse ◯ [5] Gotten much worse ◯ [6] Not sure,6,Not sure varlabel: None,5,6,Question: [CC20_302] {single} Would you say that OVER THE PAST YEAR the nation's economy has ... (Allows one selection) ◯ [1] Gotten much better ◯ [2] Gotten somewhat better ◯ [3] Stayed about the same ◯ [4] Gotten somewhat worse ◯ [5] Gotten much worse ◯ [6] Not sure Response option: Not sure varlabel: None,0.9982347578126516,1.4684927749973486
CC20_303,CC20_303,source_pre,"[CC20_303] {single} OVER THE PAST YEAR, has your household's annual income…? (Allows one selection) ◯ [1] Increased a lot ◯ [2] Increased somewhat ◯ [3] Stayed about the same ◯ [4] Decreased somewhat ◯ [5] Decreased a lot",1,Increased a lot,0,5,"Question: [CC20_303] {single} OVER THE PAST YEAR, has your household's annual income…? (Allows one selection) ◯ [1] Increased a lot ◯ [2] Increased somewhat ◯ [3] Stayed about the same ◯ [4] Decreased somewhat ◯ [5] Decreased a lot Response option: Increased a lot",0.9987003161917324,1.2666130216247058
CC20_303,CC20_303,source_pre,"[CC20_303] {single} OVER THE PAST YEAR, has your household's annual income…? (Allows one selection) ◯ [1] Increased a lot ◯ [2] Increased somewhat ◯ [3] Stayed about the same ◯ [4] Decreased somewhat ◯ [5] Decreased a lot",2,Increased somewhat,1,5,"Question: [CC20_303] {single} OVER THE PAST YEAR, has your household's annual income…? (Allows one selection) ◯ [1] Increased a lot ◯ [2] Increased somewhat ◯ [3] Stayed about the same ◯ [4] Decreased somewhat ◯ [5] Decreased a lot Response option: Increased somewhat",0.9987003161917324,1.2666130216247058
CC20_303,CC20_303,source_pre,"[CC20_303] {single} OVER THE PAST YEAR, has your household's annual income…? (Allows one selection) ◯ [1] Increased a lot ◯ [2] Increased somewhat ◯ [3] Stayed about the same ◯ [4] Decreased somewhat ◯ [5] Decreased a lot",3,Stayed about the same,2,5,"Question: [CC20_303] {single} OVER THE PAST YEAR, has your household's annual income…? (Allows one selection) ◯ [1] Increased a lot ◯ [2] Increased somewhat ◯ [3] Stayed about the same ◯ [4] Decreased somewhat ◯ [5] Decreased a lot Response option: Stayed about the same",0.9987003161917324,1.2666130216247058
CC20_303,CC20_303,source_pre,"[CC20_303] {single} OVER THE PAST YEAR, has your household's annual income…? (Allows one selection) ◯ [1] Increased a lot ◯ [2] Increased somewhat ◯ [3] Stayed about the same ◯ [4] Decreased somewhat ◯ [5] Decreased a lot",4,Decreased somewhat,3,5,"Question: [CC20_303] {single} OVER THE PAST YEAR, has your household's annual income…? (Allows one selection) ◯ [1] Increased a lot ◯ [2] Increased somewhat ◯ [3] Stayed about the same ◯ [4] Decreased somewhat ◯ [5] Decreased a lot Response option: Decreased somewhat",0.9987003161917324,1.2666130216247058
CC20_303,CC20_303,source_pre,"[CC20_303] {single} OVER THE PAST YEAR, has your household's annual income…? (Allows one selection) ◯ [1] Increased a lot ◯ [2] Increased somewhat ◯ [3] Stayed about the same ◯ [4] Decreased somewhat ◯ [5] Decreased a lot",5,Decreased a lot varlabel: None,4,5,"Question: [CC20_303] {single} OVER THE PAST YEAR, has your household's annual income…? (Allows one selection) ◯ [1] Increased a lot ◯ [2] Increased somewhat ◯ [3] Stayed about the same ◯ [4] Decreased somewhat ◯ [5] Decreased a lot Response option: Decreased a lot varlabel: None",0.9987003161917324,1.2666130216247058
CC20_307,CC20_307,source_pre,[CC20_307] {single} Do the police make you feel...? (Allows one selection) ◯ [1] Mostly safe ◯ [2] Somewhat safe ◯ [3] Somewhat unsafe ◯ [4] Mostly unsafe,1,Mostly safe,0,4,Question: [CC20_307] {single} Do the police make you feel...? (Allows one selection) ◯ [1] Mostly safe ◯ [2] Somewhat safe ◯ [3] Somewhat unsafe ◯ [4] Mostly unsafe Response option: Mostly safe,0.9987003161917324,1.1671283804179653
CC20_307,CC20_307,source_pre,[CC20_307] {single} Do the police make you feel...? (Allows one selection) ◯ [1] Mostly safe ◯ [2] Somewhat safe ◯ [3] Somewhat unsafe ◯ [4] Mostly unsafe,2,Somewhat safe,1,4,Question: [CC20_307] {single} Do the police make you feel...? (Allows one selection) ◯ [1] Mostly safe ◯ [2] Somewhat safe ◯ [3] Somewhat unsafe ◯ [4] Mostly unsafe Response option: Somewhat safe,0.9987003161917324,1.1671283804179653
CC20_307,CC20_307,source_pre,[CC20_307] {single} Do the police make you feel...? (Allows one selection) ◯ [1] Mostly safe ◯ [2] Somewhat safe ◯ [3] Somewhat unsafe ◯ [4] Mostly unsafe,3,Somewhat unsafe,2,4,Question: [CC20_307] {single} Do the police make you feel...? (Allows one selection) ◯ [1] Mostly safe ◯ [2] Somewhat safe ◯ [3] Somewhat unsafe ◯ [4] Mostly unsafe Response option: Somewhat unsafe,0.9987003161917324,1.1671283804179653
CC20_307,CC20_307,source_pre,[CC20_307] {single} Do the police make you feel...? (Allows one selection) ◯ [1] Mostly safe ◯ [2] Somewhat safe ◯ [3] Somewhat unsafe ◯ [4] Mostly unsafe,4,Mostly unsafe varlabel: None,3,4,Question: [CC20_307] {single} Do the police make you feel...? (Allows one selection) ◯ [1] Mostly safe ◯ [2] Somewhat safe ◯ [3] Somewhat unsafe ◯ [4] Mostly unsafe Response option: Mostly unsafe varlabel: None,0.9987003161917324,1.1671283804179653
CC20_309e,CC20_309,source_pre,[CC20_309e] {single} Would you say that in general your health is... (Allows one selection) ◯ [1] Excellent ◯ [2] Very good ◯ [3] Good ◯ [4] Fair ◯ [5] Poor,1,Excellent,0,5,Question: [CC20_309e] {single} Would you say that in general your health is... (Allows one selection) ◯ [1] Excellent ◯ [2] Very good ◯ [3] Good ◯ [4] Fair ◯ [5] Poor Response option: Excellent,0.9995732381525092,1.3830534380462305
CC20_309e,CC20_309,source_pre,[CC20_309e] {single} Would you say that in general your health is... (Allows one selection) ◯ [1] Excellent ◯ [2] Very good ◯ [3] Good ◯ [4] Fair ◯ [5] Poor,2,Very good,1,5,Question: [CC20_309e] {single} Would you say that in general your health is... (Allows one selection) ◯ [1] Excellent ◯ [2] Very good ◯ [3] Good ◯ [4] Fair ◯ [5] Poor Response option: Very good,0.9995732381525092,1.3830534380462305
CC20_309e,CC20_309,source_pre,[CC20_309e] {single} Would you say that in general your health is... (Allows one selection) ◯ [1] Excellent ◯ [2] Very good ◯ [3] Good ◯ [4] Fair ◯ [5] Poor,3,Good,2,5,Question: [CC20_309e] {single} Would you say that in general your health is... (Allows one selection) ◯ [1] Excellent ◯ [2] Very good ◯ [3] Good ◯ [4] Fair ◯ [5] Poor Response option: Good,0.9995732381525092,1.3830534380462305
CC20_309e,CC20_309,source_pre,[CC20_309e] {single} Would you say that in general your health is... (Allows one selection) ◯ [1] Excellent ◯ [2] Very good ◯ [3] Good ◯ [4] Fair ◯ [5] Poor,4,Fair,3,5,Question: [CC20_309e] {single} Would you say that in general your health is... (Allows one selection) ◯ [1] Excellent ◯ [2] Very good ◯ [3] Good ◯ [4] Fair ◯ [5] Poor Response option: Fair,0.9995732381525092,1.3830534380462305
CC20_309e,CC20_309,source_pre,[CC20_309e] {single} Would you say that in general your health is... (Allows one selection) ◯ [1] Excellent ◯ [2] Very good ◯ [3] Good ◯ [4] Fair ◯ [5] Poor,5,Poor varlabel: None,4,5,Question: [CC20_309e] {single} Would you say that in general your health is... (Allows one selection) ◯ [1] Excellent ◯ [2] Very good ◯ [3] Good ◯ [4] Fair ◯ [5] Poor Response option: Poor varlabel: None,0.9995732381525092,1.3830534380462305
CC20_327a,CC20_327,source_pre,"[CC20_327grid] {grid} Thinking now about health care policy, would you support or oppose each of the following proposals? [1] Support [2] Oppose [CC20_327a] Expand Medicare to a single comprehensive public health care coverage program that would cover all Americans. ◯ ◯ [CC20_327b] Allow the government to negotiate with drug companies to get a lower price on prescription drugs that would apply to both Medicare and private insurance. Maximum negotiated price could not",1,Support,0,2,"Question: [CC20_327grid] {grid} Thinking now about health care policy, would you support or oppose each of the following proposals? [1] Support [2] Oppose [CC20_327a] Expand Medicare to a single comprehensive public health care coverage program that would cover all Americans. ◯ ◯ [CC20_327b] Allow the government to negotiate with drug companies to get a lower price on prescription drugs that would apply to both Medicare and private insurance. Maximum negotiated price could not Response option: Support",0.9983317491416268,0.6661757769144323
CC20_327a,CC20_327,source_pre,"[CC20_327grid] {grid} Thinking now about health care policy, would you support or oppose each of the following proposals? [1] Support [2] Oppose [CC20_327a] Expand Medicare to a single comprehensive public health care coverage program that would cover all Americans. ◯ ◯ [CC20_327b] Allow the government to negotiate with drug companies to get a lower price on prescription drugs that would apply to both Medicare and private insurance. Maximum negotiated price could not",2,Oppose,1,2,"Question: [CC20_327grid] {grid} Thinking now about health care policy, would you support or oppose each of the following proposals? [1] Support [2] Oppose [CC20_327a] Expand Medicare to a single comprehensive public health care coverage program that would cover all Americans. ◯ ◯ [CC20_327b] Allow the government to negotiate with drug companies to get a lower price on prescription drugs that would apply to both Medicare and private insurance. Maximum negotiated price could not Response option: Oppose",0.9983317491416268,0.6661757769144323
CC20_327b,CC20_327,source_pre,"[CC20_327grid] {grid} Thinking now about health care policy, would you support or oppose each of the following proposals? [1] Support [2] Oppose [CC20_327a] Expand Medicare to a single comprehensive public health care coverage program that would cover all Americans. ◯ ◯ [CC20_327b] Allow the government to negotiate with drug companies to get a lower price on prescription drugs that would apply to both Medicare and private insurance. Maximum negotiated price could not exceed 120% of the average prices in 6 other countries. ◯ ◯ [CC20_327c] Lower the eligibility age for Medicare from 65 to 50. ◯ ◯",1,Support,0,2,"Question: [CC20_327grid] {grid} Thinking now about health care policy, would you support or oppose each of the following proposals? [1] Support [2] Oppose [CC20_327a] Expand Medicare to a single comprehensive public health care coverage program that would cover all Americans. ◯ ◯ [CC20_327b] Allow the government to negotiate with drug companies to get a lower price on prescription drugs that would apply to both Medicare and private insurance. Maximum negotiated price could not exceed 120% of the average prices in 6 other countries. ◯ ◯ [CC20_327c] Lower the eligibility age for Medicare from 65 to 50. ◯ ◯ Response option: Support",0.9978855890283408,0.3031319977107851
CC20_327b,CC20_327,source_pre,"[CC20_327grid] {grid} Thinking now about health care policy, would you support or oppose each of the following proposals? [1] Support [2] Oppose [CC20_327a] Expand Medicare to a single comprehensive public health care coverage program that would cover all Americans. ◯ ◯ [CC20_327b] Allow the government to negotiate with drug companies to get a lower price on prescription drugs that would apply to both Medicare and private insurance. Maximum negotiated price could not exceed 120% of the average prices in 6 other countries. ◯ ◯ [CC20_327c] Lower the eligibility age for Medicare from 65 to 50. ◯ ◯",2,Oppose,1,2,"Question: [CC20_327grid] {grid} Thinking now about health care policy, would you support or oppose each of the following proposals? [1] Support [2] Oppose [CC20_327a] Expand Medicare to a single comprehensive public health care coverage program that would cover all Americans. ◯ ◯ [CC20_327b] Allow the government to negotiate with drug companies to get a lower price on prescription drugs that would apply to both Medicare and private insurance. Maximum negotiated price could not exceed 120% of the average prices in 6 other countries. ◯ ◯ [CC20_327c] Lower the eligibility age for Medicare from 65 to 50. ◯ ◯ Response option: Oppose",0.9978855890283408,0.3031319977107851
CC20_327c,CC20_327,source_pre,"[CC20_327grid] {grid} Thinking now about health care policy, would you support or oppose each of the following proposals? [1] Support [2] Oppose [CC20_327a] Expand Medicare to a single comprehensive public health care coverage program that would cover all Americans. ◯ ◯ [CC20_327b] Allow the government to negotiate with drug companies to get a lower price on prescription drugs that would apply to both Medicare and private insurance. Maximum negotiated price could not exceed 120% of the average prices in 6 other countries. ◯ ◯ [CC20_327c] Lower the eligibility age for Medicare from 65 to 50. ◯ ◯ [CC20_327d] Repeal the entire Affordable Care Act. ◯ ◯ [CC20_327e] Restore the Affordable Care Act’s mandate that all individuals be purchase health insurance. ◯ ◯ [CC20_327f] Allow states to import prescription drugs from other countries.",1,Support,0,2,"Question: [CC20_327grid] {grid} Thinking now about health care policy, would you support or oppose each of the following proposals? [1] Support [2] Oppose [CC20_327a] Expand Medicare to a single comprehensive public health care coverage program that would cover all Americans. ◯ ◯ [CC20_327b] Allow the government to negotiate with drug companies to get a lower price on prescription drugs that would apply to both Medicare and private insurance. Maximum negotiated price could not exceed 120% of the average prices in 6 other countries. ◯ ◯ [CC20_327c] Lower the eligibility age for Medicare from 65 to 50. ◯ ◯ [CC20_327d] Repeal the entire Affordable Care Act. ◯ ◯ [CC20_327e] Restore the Affordable Care Act’s mandate that all individuals be purchase health insurance. ◯ ◯ [CC20_327f] Allow states to import prescription drugs from other countries. Response option: Support",0.997943783825726,0.679242819527573
CC20_327c,CC20_327,source_pre,"[CC20_327grid] {grid} Thinking now about health care policy, would you support or oppose each of the following proposals? [1] Support [2] Oppose [CC20_327a] Expand Medicare to a single comprehensive public health care coverage program that would cover all Americans. ◯ ◯ [CC20_327b] Allow the government to negotiate with drug companies to get a lower price on prescription drugs that would apply to both Medicare and private insurance. Maximum negotiated price could not exceed 120% of the average prices in 6 other countries. ◯ ◯ [CC20_327c] Lower the eligibility age for Medicare from 65 to 50. ◯ ◯ [CC20_327d] Repeal the entire Affordable Care Act. ◯ ◯ [CC20_327e] Restore the Affordable Care Act’s mandate that all individuals be purchase health insurance. ◯ ◯ [CC20_327f] Allow states to import prescription drugs from other countries.",2,Oppose,1,2,"Question: [CC20_327grid] {grid} Thinking now about health care policy, would you support or oppose each of the following proposals? [1] Support [2] Oppose [CC20_327a] Expand Medicare to a single comprehensive public health care coverage program that would cover all Americans. ◯ ◯ [CC20_327b] Allow the government to negotiate with drug companies to get a lower price on prescription drugs that would apply to both Medicare and private insurance. Maximum negotiated price could not exceed 120% of the average prices in 6 other countries. ◯ ◯ [CC20_327c] Lower the eligibility age for Medicare from 65 to 50. ◯ ◯ [CC20_327d] Repeal the entire Affordable Care Act. ◯ ◯ [CC20_327e] Restore the Affordable Care Act’s mandate that all individuals be purchase health insurance. ◯ ◯ [CC20_327f] Allow states to import prescription drugs from other countries. Response option: Oppose",0.997943783825726,0.679242819527573
CC20_327d,CC20_327,source_pre,"[CC20_327grid] {grid} Thinking now about health care policy, would you support or oppose each of the following proposals? [1] Support [2] Oppose [CC20_327a] Expand Medicare to a single comprehensive public health care coverage program that would cover all Americans. ◯ ◯ [CC20_327b] Allow the government to negotiate with drug companies to get a lower price on prescription drugs that would apply to both Medicare and private insurance. Maximum negotiated price could not exceed 120% of the average prices in 6 other countries. ◯ ◯ [CC20_327c] Lower the eligibility age for Medicare from 65 to 50. ◯ ◯ [CC20_327d] Repeal the entire Affordable Care Act. ◯ ◯ [CC20_327e] Restore the Affordable Care Act’s mandate that all individuals be purchase health insurance. ◯ ◯ [CC20_327f] Allow states to import prescription drugs from other countries. ◯ ◯",1,Support,0,2,"Question: [CC20_327grid] {grid} Thinking now about health care policy, would you support or oppose each of the following proposals? [1] Support [2] Oppose [CC20_327a] Expand Medicare to a single comprehensive public health care coverage program that would cover all Americans. ◯ ◯ [CC20_327b] Allow the government to negotiate with drug companies to get a lower price on prescription drugs that would apply to both Medicare and private insurance. Maximum negotiated price could not exceed 120% of the average prices in 6 other countries. ◯ ◯ [CC20_327c] Lower the eligibility age for Medicare from 65 to 50. ◯ ◯ [CC20_327d] Repeal the entire Affordable Care Act. ◯ ◯ [CC20_327e] Restore the Affordable Care Act’s mandate that all individuals be purchase health insurance. ◯ ◯ [CC20_327f] Allow states to import prescription drugs from other countries. ◯ ◯ Response option: Support",0.9975752167756202,0.6746825208427244
CC20_327d,CC20_327,source_pre,"[CC20_327grid] {grid} Thinking now about health care policy, would you support or oppose each of the following proposals? [1] Support [2] Oppose [CC20_327a] Expand Medicare to a single comprehensive public health care coverage program that would cover all Americans. ◯ ◯ [CC20_327b] Allow the government to negotiate with drug companies to get a lower price on prescription drugs that would apply to both Medicare and private insurance. Maximum negotiated price could not exceed 120% of the average prices in 6 other countries. ◯ ◯ [CC20_327c] Lower the eligibility age for Medicare from 65 to 50. ◯ ◯ [CC20_327d] Repeal the entire Affordable Care Act. ◯ ◯ [CC20_327e] Restore the Affordable Care Act’s mandate that all individuals be purchase health insurance. ◯ ◯ [CC20_327f] Allow states to import prescription drugs from other countries. ◯ ◯",2,Oppose,1,2,"Question: [CC20_327grid] {grid} Thinking now about health care policy, would you support or oppose each of the following proposals? [1] Support [2] Oppose [CC20_327a] Expand Medicare to a single comprehensive public health care coverage program that would cover all Americans. ◯ ◯ [CC20_327b] Allow the government to negotiate with drug companies to get a lower price on prescription drugs that would apply to both Medicare and private insurance. Maximum negotiated price could not exceed 120% of the average prices in 6 other countries. ◯ ◯ [CC20_327c] Lower the eligibility age for Medicare from 65 to 50. ◯ ◯ [CC20_327d] Repeal the entire Affordable Care Act. ◯ ◯ [CC20_327e] Restore the Affordable Care Act’s mandate that all individuals be purchase health insurance. ◯ ◯ [CC20_327f] Allow states to import prescription drugs from other countries. ◯ ◯ Response option: Oppose",0.9975752167756202,0.6746825208427244
CC20_327e,CC20_327,source_pre,"[CC20_327grid] {grid} Thinking now about health care policy, would you support or oppose each of the following proposals? [1] Support [2] Oppose [CC20_327a] Expand Medicare to a single comprehensive public health care coverage program that would cover all Americans. ◯ ◯ [CC20_327b] Allow the government to negotiate with drug companies to get a lower price on prescription drugs that would apply to both Medicare and private insurance. Maximum negotiated price could not exceed 120% of the average prices in 6 other countries. ◯ ◯ [CC20_327c] Lower the eligibility age for Medicare from 65 to 50. ◯ ◯ [CC20_327d] Repeal the entire Affordable Care Act. ◯ ◯ [CC20_327e] Restore the Affordable Care Act’s mandate that all individuals be purchase health insurance. ◯ ◯ [CC20_327f] Allow states to import prescription drugs from other countries. ◯ ◯",1,Support,0,2,"Question: [CC20_327grid] {grid} Thinking now about health care policy, would you support or oppose each of the following proposals? [1] Support [2] Oppose [CC20_327a] Expand Medicare to a single comprehensive public health care coverage program that would cover all Americans. ◯ ◯ [CC20_327b] Allow the government to negotiate with drug companies to get a lower price on prescription drugs that would apply to both Medicare and private insurance. Maximum negotiated price could not exceed 120% of the average prices in 6 other countries. ◯ ◯ [CC20_327c] Lower the eligibility age for Medicare from 65 to 50. ◯ ◯ [CC20_327d] Repeal the entire Affordable Care Act. ◯ ◯ [CC20_327e] Restore the Affordable Care Act’s mandate that all individuals be purchase health insurance. ◯ ◯ [CC20_327f] Allow states to import prescription drugs from other countries. ◯ ◯ Response option: Support",0.9980795716862912,0.6774241871896761
CC20_327e,CC20_327,source_pre,"[CC20_327grid] {grid} Thinking now about health care policy, would you support or oppose each of the following proposals? [1] Support [2] Oppose [CC20_327a] Expand Medicare to a single comprehensive public health care coverage program that would cover all Americans. ◯ ◯ [CC20_327b] Allow the government to negotiate with drug companies to get a lower price on prescription drugs that would apply to both Medicare and private insurance. Maximum negotiated price could not exceed 120% of the average prices in 6 other countries. ◯ ◯ [CC20_327c] Lower the eligibility age for Medicare from 65 to 50. ◯ ◯ [CC20_327d] Repeal the entire Affordable Care Act. ◯ ◯ [CC20_327e] Restore the Affordable Care Act’s mandate that all individuals be purchase health insurance. ◯ ◯ [CC20_327f] Allow states to import prescription drugs from other countries. ◯ ◯",2,Oppose,1,2,"Question: [CC20_327grid] {grid} Thinking now about health care policy, would you support or oppose each of the following proposals? [1] Support [2] Oppose [CC20_327a] Expand Medicare to a single comprehensive public health care coverage program that would cover all Americans. ◯ ◯ [CC20_327b] Allow the government to negotiate with drug companies to get a lower price on prescription drugs that would apply to both Medicare and private insurance. Maximum negotiated price could not exceed 120% of the average prices in 6 other countries. ◯ ◯ [CC20_327c] Lower the eligibility age for Medicare from 65 to 50. ◯ ◯ [CC20_327d] Repeal the entire Affordable Care Act. ◯ ◯ [CC20_327e] Restore the Affordable Care Act’s mandate that all individuals be purchase health insurance. ◯ ◯ [CC20_327f] Allow states to import prescription drugs from other countries. ◯ ◯ Response option: Oppose",0.9980795716862912,0.6774241871896761
CC20_327f,CC20_327,source_pre,"[CC20_327grid] {grid} Thinking now about health care policy, would you support or oppose each of the following proposals? [1] Support [2] Oppose [CC20_327a] Expand Medicare to a single comprehensive public health care coverage program that would cover all Americans. ◯ ◯ [CC20_327b] Allow the government to negotiate with drug companies to get a lower price on prescription drugs that would apply to both Medicare and private insurance. Maximum negotiated price could not exceed 120% of the average prices in 6 other countries. ◯ ◯ [CC20_327c] Lower the eligibility age for Medicare from 65 to 50. ◯ ◯ [CC20_327d] Repeal the entire Affordable Care Act. ◯ ◯ [CC20_327e] Restore the Affordable Care Act’s mandate that all individuals be purchase health insurance. ◯ ◯ [CC20_327f] Allow states to import prescription drugs from other countries. ◯ ◯",1,Support,0,2,"Question: [CC20_327grid] {grid} Thinking now about health care policy, would you support or oppose each of the following proposals? [1] Support [2] Oppose [CC20_327a] Expand Medicare to a single comprehensive public health care coverage program that would cover all Americans. ◯ ◯ [CC20_327b] Allow the government to negotiate with drug companies to get a lower price on prescription drugs that would apply to both Medicare and private insurance. Maximum negotiated price could not exceed 120% of the average prices in 6 other countries. ◯ ◯ [CC20_327c] Lower the eligibility age for Medicare from 65 to 50. ◯ ◯ [CC20_327d] Repeal the entire Affordable Care Act. ◯ ◯ [CC20_327e] Restore the Affordable Care Act’s mandate that all individuals be purchase health insurance. ◯ ◯ [CC20_327f] Allow states to import prescription drugs from other countries. ◯ ◯ Response option: Support",0.9978467924967508,0.609673679844086
CC20_327f,CC20_327,source_pre,"[CC20_327grid] {grid} Thinking now about health care policy, would you support or oppose each of the following proposals? [1] Support [2] Oppose [CC20_327a] Expand Medicare to a single comprehensive public health care coverage program that would cover all Americans. ◯ ◯ [CC20_327b] Allow the government to negotiate with drug companies to get a lower price on prescription drugs that would apply to both Medicare and private insurance. Maximum negotiated price could not exceed 120% of the average prices in 6 other countries. ◯ ◯ [CC20_327c] Lower the eligibility age for Medicare from 65 to 50. ◯ ◯ [CC20_327d] Repeal the entire Affordable Care Act. ◯ ◯ [CC20_327e] Restore the Affordable Care Act’s mandate that all individuals be purchase health insurance. ◯ ◯ [CC20_327f] Allow states to import prescription drugs from other countries. ◯ ◯",2,Oppose,1,2,"Question: [CC20_327grid] {grid} Thinking now about health care policy, would you support or oppose each of the following proposals? [1] Support [2] Oppose [CC20_327a] Expand Medicare to a single comprehensive public health care coverage program that would cover all Americans. ◯ ◯ [CC20_327b] Allow the government to negotiate with drug companies to get a lower price on prescription drugs that would apply to both Medicare and private insurance. Maximum negotiated price could not exceed 120% of the average prices in 6 other countries. ◯ ◯ [CC20_327c] Lower the eligibility age for Medicare from 65 to 50. ◯ ◯ [CC20_327d] Repeal the entire Affordable Care Act. ◯ ◯ [CC20_327e] Restore the Affordable Care Act’s mandate that all individuals be purchase health insurance. ◯ ◯ [CC20_327f] Allow states to import prescription drugs from other countries. ◯ ◯ Response option: Oppose",0.9978467924967508,0.609673679844086
CC20_330a,CC20_330,source_pre,"[CC20_330grid] {grid} On the issue of gun regulation, do you support or oppose each of the following proposals? [1] Support [2] Oppose [CC20_330a] Prohibit state and local governments from publishing the names and addresses of all gun owners ◯ ◯ [CC20_330b] Ban assault rifles ◯ ◯ [CC20_330c] Make it easier for people to obtain concealed-carry permit ◯ ◯",1,Support,0,2,"Question: [CC20_330grid] {grid} On the issue of gun regulation, do you support or oppose each of the following proposals? [1] Support [2] Oppose [CC20_330a] Prohibit state and local governments from publishing the names and addresses of all gun owners ◯ ◯ [CC20_330b] Ban assault rifles ◯ ◯ [CC20_330c] Make it easier for people to obtain concealed-carry permit ◯ ◯ Response option: Support",0.9997672208104595,0.69019992333182
CC20_330a,CC20_330,source_pre,"[CC20_330grid] {grid} On the issue of gun regulation, do you support or oppose each of the following proposals? [1] Support [2] Oppose [CC20_330a] Prohibit state and local governments from publishing the names and addresses of all gun owners ◯ ◯ [CC20_330b] Ban assault rifles ◯ ◯ [CC20_330c] Make it easier for people to obtain concealed-carry permit ◯ ◯",2,Oppose,1,2,"Question: [CC20_330grid] {grid} On the issue of gun regulation, do you support or oppose each of the following proposals? [1] Support [2] Oppose [CC20_330a] Prohibit state and local governments from publishing the names and addresses of all gun owners ◯ ◯ [CC20_330b] Ban assault rifles ◯ ◯ [CC20_330c] Make it easier for people to obtain concealed-carry permit ◯ ◯ Response option: Oppose",0.9997672208104595,0.69019992333182
CC20_330b,CC20_330,source_pre,"[CC20_330grid] {grid} On the issue of gun regulation, do you support or oppose each of the following proposals? [1] Support [2] Oppose [CC20_330a] Prohibit state and local governments from publishing the names and addresses of all gun owners ◯ ◯ [CC20_330b] Ban assault rifles ◯ ◯ [CC20_330c] Make it easier for people to obtain concealed-carry permit ◯ ◯",1,Support,0,2,"Question: [CC20_330grid] {grid} On the issue of gun regulation, do you support or oppose each of the following proposals? [1] Support [2] Oppose [CC20_330a] Prohibit state and local governments from publishing the names and addresses of all gun owners ◯ ◯ [CC20_330b] Ban assault rifles ◯ ◯ [CC20_330c] Make it easier for people to obtain concealed-carry permit ◯ ◯ Response option: Support",0.9998254156078448,0.6397886682829802
CC20_330b,CC20_330,source_pre,"[CC20_330grid] {grid} On the issue of gun regulation, do you support or oppose each of the following proposals? [1] Support [2] Oppose [CC20_330a] Prohibit state and local governments from publishing the names and addresses of all gun owners ◯ ◯ [CC20_330b] Ban assault rifles ◯ ◯ [CC20_330c] Make it easier for people to obtain concealed-carry permit ◯ ◯",2,Oppose,1,2,"Question: [CC20_330grid] {grid} On the issue of gun regulation, do you support or oppose each of the following proposals? [1] Support [2] Oppose [CC20_330a] Prohibit state and local governments from publishing the names and addresses of all gun owners ◯ ◯ [CC20_330b] Ban assault rifles ◯ ◯ [CC20_330c] Make it easier for people to obtain concealed-carry permit ◯ ◯ Response option: Oppose",0.9998254156078448,0.6397886682829802
CC20_330c,CC20_330,source_pre,"[CC20_330grid] {grid} On the issue of gun regulation, do you support or oppose each of the following proposals? [1] Support [2] Oppose [CC20_330a] Prohibit state and local governments from publishing the names and addresses of all gun owners ◯ ◯ [CC20_330b] Ban assault rifles ◯ ◯ [CC20_330c] Make it easier for people to obtain concealed-carry permit ◯ ◯",1,Support,0,2,"Question: [CC20_330grid] {grid} On the issue of gun regulation, do you support or oppose each of the following proposals? [1] Support [2] Oppose [CC20_330a] Prohibit state and local governments from publishing the names and addresses of all gun owners ◯ ◯ [CC20_330b] Ban assault rifles ◯ ◯ [CC20_330c] Make it easier for people to obtain concealed-carry permit ◯ ◯ Response option: Support",0.9997284242788694,0.6478905314237668
CC20_330c,CC20_330,source_pre,"[CC20_330grid] {grid} On the issue of gun regulation, do you support or oppose each of the following proposals? [1] Support [2] Oppose [CC20_330a] Prohibit state and local governments from publishing the names and addresses of all gun owners ◯ ◯ [CC20_330b] Ban assault rifles ◯ ◯ [CC20_330c] Make it easier for people to obtain concealed-carry permit ◯ ◯",2,Oppose,1,2,"Question: [CC20_330grid] {grid} On the issue of gun regulation, do you support or oppose each of the following proposals? [1] Support [2] Oppose [CC20_330a] Prohibit state and local governments from publishing the names and addresses of all gun owners ◯ ◯ [CC20_330b] Ban assault rifles ◯ ◯ [CC20_330c] Make it easier for people to obtain concealed-carry permit ◯ ◯ Response option: Oppose",0.9997284242788694,0.6478905314237668
CC20_331a,CC20_331,source_pre,"[CC20_331grid] {grid} What do you think the U.S. government should do about immigration? Do you support or oppose each of the following? [1] Support [2] Oppose [CC20_331a] Grant legal status to all illegal immigrants who have held jobs and paid taxes for at least 3 years, and not been convicted of any felony crimes. ◯ ◯ [CC20_331b] Increase the number of border patrols on the US-Mexican border. ◯ ◯ [CC20_331c] Withhold federal funds from any local police department that does not report to the federal",1,Support,0,2,"Question: [CC20_331grid] {grid} What do you think the U.S. government should do about immigration? Do you support or oppose each of the following? [1] Support [2] Oppose [CC20_331a] Grant legal status to all illegal immigrants who have held jobs and paid taxes for at least 3 years, and not been convicted of any felony crimes. ◯ ◯ [CC20_331b] Increase the number of border patrols on the US-Mexican border. ◯ ◯ [CC20_331c] Withhold federal funds from any local police department that does not report to the federal Response option: Support",0.998971891912863,0.6122335068055307
CC20_331a,CC20_331,source_pre,"[CC20_331grid] {grid} What do you think the U.S. government should do about immigration? Do you support or oppose each of the following? [1] Support [2] Oppose [CC20_331a] Grant legal status to all illegal immigrants who have held jobs and paid taxes for at least 3 years, and not been convicted of any felony crimes. ◯ ◯ [CC20_331b] Increase the number of border patrols on the US-Mexican border. ◯ ◯ [CC20_331c] Withhold federal funds from any local police department that does not report to the federal",2,Oppose,1,2,"Question: [CC20_331grid] {grid} What do you think the U.S. government should do about immigration? Do you support or oppose each of the following? [1] Support [2] Oppose [CC20_331a] Grant legal status to all illegal immigrants who have held jobs and paid taxes for at least 3 years, and not been convicted of any felony crimes. ◯ ◯ [CC20_331b] Increase the number of border patrols on the US-Mexican border. ◯ ◯ [CC20_331c] Withhold federal funds from any local police department that does not report to the federal Response option: Oppose",0.998971891912863,0.6122335068055307
CC20_331b,CC20_331,source_pre,"[CC20_331grid] {grid} What do you think the U.S. government should do about immigration? Do you support or oppose each of the following? [1] Support [2] Oppose [CC20_331a] Grant legal status to all illegal immigrants who have held jobs and paid taxes for at least 3 years, and not been convicted of any felony crimes. ◯ ◯ [CC20_331b] Increase the number of border patrols on the US-Mexican border. ◯ ◯ [CC20_331c] Withhold federal funds from any local police department that does not report to the federal government anyone they identify as an illegal immigrant. ◯ ◯ [CC20_331d] Reduce <u>legal</u> immigration by 50 percent over the next 10 years by eliminating the",1,Support,0,2,"Question: [CC20_331grid] {grid} What do you think the U.S. government should do about immigration? Do you support or oppose each of the following? [1] Support [2] Oppose [CC20_331a] Grant legal status to all illegal immigrants who have held jobs and paid taxes for at least 3 years, and not been convicted of any felony crimes. ◯ ◯ [CC20_331b] Increase the number of border patrols on the US-Mexican border. ◯ ◯ [CC20_331c] Withhold federal funds from any local police department that does not report to the federal government anyone they identify as an illegal immigrant. ◯ ◯ [CC20_331d] Reduce <u>legal</u> immigration by 50 percent over the next 10 years by eliminating the Response option: Support",0.9991270780392232,0.6737956661301494
CC20_331b,CC20_331,source_pre,"[CC20_331grid] {grid} What do you think the U.S. government should do about immigration? Do you support or oppose each of the following? [1] Support [2] Oppose [CC20_331a] Grant legal status to all illegal immigrants who have held jobs and paid taxes for at least 3 years, and not been convicted of any felony crimes. ◯ ◯ [CC20_331b] Increase the number of border patrols on the US-Mexican border. ◯ ◯ [CC20_331c] Withhold federal funds from any local police department that does not report to the federal government anyone they identify as an illegal immigrant. ◯ ◯ [CC20_331d] Reduce <u>legal</u> immigration by 50 percent over the next 10 years by eliminating the",2,Oppose,1,2,"Question: [CC20_331grid] {grid} What do you think the U.S. government should do about immigration? Do you support or oppose each of the following? [1] Support [2] Oppose [CC20_331a] Grant legal status to all illegal immigrants who have held jobs and paid taxes for at least 3 years, and not been convicted of any felony crimes. ◯ ◯ [CC20_331b] Increase the number of border patrols on the US-Mexican border. ◯ ◯ [CC20_331c] Withhold federal funds from any local police department that does not report to the federal government anyone they identify as an illegal immigrant. ◯ ◯ [CC20_331d] Reduce <u>legal</u> immigration by 50 percent over the next 10 years by eliminating the Response option: Oppose",0.9991270780392232,0.6737956661301494
CC20_331c,CC20_331,source_pre,"[CC20_331grid] {grid} What do you think the U.S. government should do about immigration? Do you support or oppose each of the following? [1] Support [2] Oppose [CC20_331a] Grant legal status to all illegal immigrants who have held jobs and paid taxes for at least 3 years, and not been convicted of any felony crimes. ◯ ◯ [CC20_331b] Increase the number of border patrols on the US-Mexican border. ◯ ◯ [CC20_331c] Withhold federal funds from any local police department that does not report to the federal government anyone they identify as an illegal immigrant. ◯ ◯ [CC20_331d] Reduce <u>legal</u> immigration by 50 percent over the next 10 years by eliminating the visa lottery and ending family-based migration. ◯ ◯ [CC20_331e] Increase",1,Support,0,2,"Question: [CC20_331grid] {grid} What do you think the U.S. government should do about immigration? Do you support or oppose each of the following? [1] Support [2] Oppose [CC20_331a] Grant legal status to all illegal immigrants who have held jobs and paid taxes for at least 3 years, and not been convicted of any felony crimes. ◯ ◯ [CC20_331b] Increase the number of border patrols on the US-Mexican border. ◯ ◯ [CC20_331c] Withhold federal funds from any local police department that does not report to the federal government anyone they identify as an illegal immigrant. ◯ ◯ [CC20_331d] Reduce <u>legal</u> immigration by 50 percent over the next 10 years by eliminating the visa lottery and ending family-based migration. ◯ ◯ [CC20_331e] Increase Response option: Support",0.9991852728366084,0.6827495108779491
CC20_331c,CC20_331,source_pre,"[CC20_331grid] {grid} What do you think the U.S. government should do about immigration? Do you support or oppose each of the following? [1] Support [2] Oppose [CC20_331a] Grant legal status to all illegal immigrants who have held jobs and paid taxes for at least 3 years, and not been convicted of any felony crimes. ◯ ◯ [CC20_331b] Increase the number of border patrols on the US-Mexican border. ◯ ◯ [CC20_331c] Withhold federal funds from any local police department that does not report to the federal government anyone they identify as an illegal immigrant. ◯ ◯ [CC20_331d] Reduce <u>legal</u> immigration by 50 percent over the next 10 years by eliminating the visa lottery and ending family-based migration. ◯ ◯ [CC20_331e] Increase",2,Oppose,1,2,"Question: [CC20_331grid] {grid} What do you think the U.S. government should do about immigration? Do you support or oppose each of the following? [1] Support [2] Oppose [CC20_331a] Grant legal status to all illegal immigrants who have held jobs and paid taxes for at least 3 years, and not been convicted of any felony crimes. ◯ ◯ [CC20_331b] Increase the number of border patrols on the US-Mexican border. ◯ ◯ [CC20_331c] Withhold federal funds from any local police department that does not report to the federal government anyone they identify as an illegal immigrant. ◯ ◯ [CC20_331d] Reduce <u>legal</u> immigration by 50 percent over the next 10 years by eliminating the visa lottery and ending family-based migration. ◯ ◯ [CC20_331e] Increase Response option: Oppose",0.9991852728366084,0.6827495108779491
CC20_332a,CC20_332,source_pre,"[CC20_332grid] {grid} On the topic of abortion, do you support or oppose each of the following proposals? [1] Support [2] Oppose [CC20_332a] Always allow a woman to obtain an abortion as a matter of choice ◯ ◯ [CC20_332b] Permit abortion only in case of rape, incest or when the woman's life is in danger ◯ ◯ [CC20_332c] Prohibit all abortions after the 20th week of pregnancy ◯ ◯ [CC20_332d] Allow employers to decline",1,Support,0,2,"Question: [CC20_332grid] {grid} On the topic of abortion, do you support or oppose each of the following proposals? [1] Support [2] Oppose [CC20_332a] Always allow a woman to obtain an abortion as a matter of choice ◯ ◯ [CC20_332b] Permit abortion only in case of rape, incest or when the woman's life is in danger ◯ ◯ [CC20_332c] Prohibit all abortions after the 20th week of pregnancy ◯ ◯ [CC20_332d] Allow employers to decline Response option: Support",0.9997284242788694,0.672154434836757
CC20_332a,CC20_332,source_pre,"[CC20_332grid] {grid} On the topic of abortion, do you support or oppose each of the following proposals? [1] Support [2] Oppose [CC20_332a] Always allow a woman to obtain an abortion as a matter of choice ◯ ◯ [CC20_332b] Permit abortion only in case of rape, incest or when the woman's life is in danger ◯ ◯ [CC20_332c] Prohibit all abortions after the 20th week of pregnancy ◯ ◯ [CC20_332d] Allow employers to decline",2,Oppose,1,2,"Question: [CC20_332grid] {grid} On the topic of abortion, do you support or oppose each of the following proposals? [1] Support [2] Oppose [CC20_332a] Always allow a woman to obtain an abortion as a matter of choice ◯ ◯ [CC20_332b] Permit abortion only in case of rape, incest or when the woman's life is in danger ◯ ◯ [CC20_332c] Prohibit all abortions after the 20th week of pregnancy ◯ ◯ [CC20_332d] Allow employers to decline Response option: Oppose",0.9997284242788694,0.672154434836757
CC20_332b,CC20_332,source_pre,"[CC20_332grid] {grid} On the topic of abortion, do you support or oppose each of the following proposals? [1] Support [2] Oppose [CC20_332a] Always allow a woman to obtain an abortion as a matter of choice ◯ ◯ [CC20_332b] Permit abortion only in case of rape, incest or when the woman's life is in danger ◯ ◯ [CC20_332c] Prohibit all abortions after the 20th week of pregnancy ◯ ◯ [CC20_332d] Allow employers to decline coverage of abortions in insurance plans ◯ ◯ [CC20_332e] Prohibit the expenditure of funds",1,Support,0,2,"Question: [CC20_332grid] {grid} On the topic of abortion, do you support or oppose each of the following proposals? [1] Support [2] Oppose [CC20_332a] Always allow a woman to obtain an abortion as a matter of choice ◯ ◯ [CC20_332b] Permit abortion only in case of rape, incest or when the woman's life is in danger ◯ ◯ [CC20_332c] Prohibit all abortions after the 20th week of pregnancy ◯ ◯ [CC20_332d] Allow employers to decline coverage of abortions in insurance plans ◯ ◯ [CC20_332e] Prohibit the expenditure of funds Response option: Support",0.9996120346840992,0.6805287797396128
CC20_332b,CC20_332,source_pre,"[CC20_332grid] {grid} On the topic of abortion, do you support or oppose each of the following proposals? [1] Support [2] Oppose [CC20_332a] Always allow a woman to obtain an abortion as a matter of choice ◯ ◯ [CC20_332b] Permit abortion only in case of rape, incest or when the woman's life is in danger ◯ ◯ [CC20_332c] Prohibit all abortions after the 20th week of pregnancy ◯ ◯ [CC20_332d] Allow employers to decline coverage of abortions in insurance plans ◯ ◯ [CC20_332e] Prohibit the expenditure of funds",2,Oppose,1,2,"Question: [CC20_332grid] {grid} On the topic of abortion, do you support or oppose each of the following proposals? [1] Support [2] Oppose [CC20_332a] Always allow a woman to obtain an abortion as a matter of choice ◯ ◯ [CC20_332b] Permit abortion only in case of rape, incest or when the woman's life is in danger ◯ ◯ [CC20_332c] Prohibit all abortions after the 20th week of pregnancy ◯ ◯ [CC20_332d] Allow employers to decline coverage of abortions in insurance plans ◯ ◯ [CC20_332e] Prohibit the expenditure of funds Response option: Oppose",0.9996120346840992,0.6805287797396128
CC20_332c,CC20_332,source_pre,"[CC20_332grid] {grid} On the topic of abortion, do you support or oppose each of the following proposals? [1] Support [2] Oppose [CC20_332a] Always allow a woman to obtain an abortion as a matter of choice ◯ ◯ [CC20_332b] Permit abortion only in case of rape, incest or when the woman's life is in danger ◯ ◯ [CC20_332c] Prohibit all abortions after the 20th week of pregnancy ◯ ◯ [CC20_332d] Allow employers to decline coverage of abortions in insurance plans ◯ ◯ [CC20_332e] Prohibit the expenditure of funds authorized or appropriated by federal law for any abortion. ◯ ◯ [CC20_332f] Make",1,Support,0,2,"Question: [CC20_332grid] {grid} On the topic of abortion, do you support or oppose each of the following proposals? [1] Support [2] Oppose [CC20_332a] Always allow a woman to obtain an abortion as a matter of choice ◯ ◯ [CC20_332b] Permit abortion only in case of rape, incest or when the woman's life is in danger ◯ ◯ [CC20_332c] Prohibit all abortions after the 20th week of pregnancy ◯ ◯ [CC20_332d] Allow employers to decline coverage of abortions in insurance plans ◯ ◯ [CC20_332e] Prohibit the expenditure of funds authorized or appropriated by federal law for any abortion. ◯ ◯ [CC20_332f] Make Response option: Support",0.9995926364183042,0.6864705072063062
CC20_332c,CC20_332,source_pre,"[CC20_332grid] {grid} On the topic of abortion, do you support or oppose each of the following proposals? [1] Support [2] Oppose [CC20_332a] Always allow a woman to obtain an abortion as a matter of choice ◯ ◯ [CC20_332b] Permit abortion only in case of rape, incest or when the woman's life is in danger ◯ ◯ [CC20_332c] Prohibit all abortions after the 20th week of pregnancy ◯ ◯ [CC20_332d] Allow employers to decline coverage of abortions in insurance plans ◯ ◯ [CC20_332e] Prohibit the expenditure of funds authorized or appropriated by federal law for any abortion. ◯ ◯ [CC20_332f] Make",2,Oppose,1,2,"Question: [CC20_332grid] {grid} On the topic of abortion, do you support or oppose each of the following proposals? [1] Support [2] Oppose [CC20_332a] Always allow a woman to obtain an abortion as a matter of choice ◯ ◯ [CC20_332b] Permit abortion only in case of rape, incest or when the woman's life is in danger ◯ ◯ [CC20_332c] Prohibit all abortions after the 20th week of pregnancy ◯ ◯ [CC20_332d] Allow employers to decline coverage of abortions in insurance plans ◯ ◯ [CC20_332e] Prohibit the expenditure of funds authorized or appropriated by federal law for any abortion. ◯ ◯ [CC20_332f] Make Response option: Oppose",0.9995926364183042,0.6864705072063062
CC20_332d,CC20_332,source_pre,"[CC20_332grid] {grid} On the topic of abortion, do you support or oppose each of the following proposals? [1] Support [2] Oppose [CC20_332a] Always allow a woman to obtain an abortion as a matter of choice ◯ ◯ [CC20_332b] Permit abortion only in case of rape, incest or when the woman's life is in danger ◯ ◯ [CC20_332c] Prohibit all abortions after the 20th week of pregnancy ◯ ◯ [CC20_332d] Allow employers to decline coverage of abortions in insurance plans ◯ ◯ [CC20_332e] Prohibit the expenditure of funds authorized or appropriated by federal law for any abortion. ◯ ◯ [CC20_332f] Make abortions illegal in all circumstances ◯ ◯ [CC20_332g] Prohibit",1,Support,0,2,"Question: [CC20_332grid] {grid} On the topic of abortion, do you support or oppose each of the following proposals? [1] Support [2] Oppose [CC20_332a] Always allow a woman to obtain an abortion as a matter of choice ◯ ◯ [CC20_332b] Permit abortion only in case of rape, incest or when the woman's life is in danger ◯ ◯ [CC20_332c] Prohibit all abortions after the 20th week of pregnancy ◯ ◯ [CC20_332d] Allow employers to decline coverage of abortions in insurance plans ◯ ◯ [CC20_332e] Prohibit the expenditure of funds authorized or appropriated by federal law for any abortion. ◯ ◯ [CC20_332f] Make abortions illegal in all circumstances ◯ ◯ [CC20_332g] Prohibit Response option: Support",0.9996896277472794,0.6737597465625311
CC20_332d,CC20_332,source_pre,"[CC20_332grid] {grid} On the topic of abortion, do you support or oppose each of the following proposals? [1] Support [2] Oppose [CC20_332a] Always allow a woman to obtain an abortion as a matter of choice ◯ ◯ [CC20_332b] Permit abortion only in case of rape, incest or when the woman's life is in danger ◯ ◯ [CC20_332c] Prohibit all abortions after the 20th week of pregnancy ◯ ◯ [CC20_332d] Allow employers to decline coverage of abortions in insurance plans ◯ ◯ [CC20_332e] Prohibit the expenditure of funds authorized or appropriated by federal law for any abortion. ◯ ◯ [CC20_332f] Make abortions illegal in all circumstances ◯ ◯ [CC20_332g] Prohibit",2,Oppose,1,2,"Question: [CC20_332grid] {grid} On the topic of abortion, do you support or oppose each of the following proposals? [1] Support [2] Oppose [CC20_332a] Always allow a woman to obtain an abortion as a matter of choice ◯ ◯ [CC20_332b] Permit abortion only in case of rape, incest or when the woman's life is in danger ◯ ◯ [CC20_332c] Prohibit all abortions after the 20th week of pregnancy ◯ ◯ [CC20_332d] Allow employers to decline coverage of abortions in insurance plans ◯ ◯ [CC20_332e] Prohibit the expenditure of funds authorized or appropriated by federal law for any abortion. ◯ ◯ [CC20_332f] Make abortions illegal in all circumstances ◯ ◯ [CC20_332g] Prohibit Response option: Oppose",0.9996896277472794,0.6737597465625311
CC20_332e,CC20_332,source_pre,"[CC20_332grid] {grid} On the topic of abortion, do you support or oppose each of the following proposals? [1] Support [2] Oppose [CC20_332a] Always allow a woman to obtain an abortion as a matter of choice ◯ ◯ [CC20_332b] Permit abortion only in case of rape, incest or when the woman's life is in danger ◯ ◯ [CC20_332c] Prohibit all abortions after the 20th week of pregnancy ◯ ◯ [CC20_332d] Allow employers to decline coverage of abortions in insurance plans ◯ ◯ [CC20_332e] Prohibit the expenditure of funds authorized or appropriated by federal law for any abortion. ◯ ◯ [CC20_332f] Make abortions illegal in all circumstances ◯ ◯ [CC20_332g] Prohibit states from requiring that abortions be performed only at hospitals (not clinics). ◯ ◯",1,Support,0,2,"Question: [CC20_332grid] {grid} On the topic of abortion, do you support or oppose each of the following proposals? [1] Support [2] Oppose [CC20_332a] Always allow a woman to obtain an abortion as a matter of choice ◯ ◯ [CC20_332b] Permit abortion only in case of rape, incest or when the woman's life is in danger ◯ ◯ [CC20_332c] Prohibit all abortions after the 20th week of pregnancy ◯ ◯ [CC20_332d] Allow employers to decline coverage of abortions in insurance plans ◯ ◯ [CC20_332e] Prohibit the expenditure of funds authorized or appropriated by federal law for any abortion. ◯ ◯ [CC20_332f] Make abortions illegal in all circumstances ◯ ◯ [CC20_332g] Prohibit states from requiring that abortions be performed only at hospitals (not clinics). ◯ ◯ Response option: Support",0.9997090260130744,0.6806086648196261
CC20_332e,CC20_332,source_pre,"[CC20_332grid] {grid} On the topic of abortion, do you support or oppose each of the following proposals? [1] Support [2] Oppose [CC20_332a] Always allow a woman to obtain an abortion as a matter of choice ◯ ◯ [CC20_332b] Permit abortion only in case of rape, incest or when the woman's life is in danger ◯ ◯ [CC20_332c] Prohibit all abortions after the 20th week of pregnancy ◯ ◯ [CC20_332d] Allow employers to decline coverage of abortions in insurance plans ◯ ◯ [CC20_332e] Prohibit the expenditure of funds authorized or appropriated by federal law for any abortion. ◯ ◯ [CC20_332f] Make abortions illegal in all circumstances ◯ ◯ [CC20_332g] Prohibit states from requiring that abortions be performed only at hospitals (not clinics). ◯ ◯",2,Oppose,1,2,"Question: [CC20_332grid] {grid} On the topic of abortion, do you support or oppose each of the following proposals? [1] Support [2] Oppose [CC20_332a] Always allow a woman to obtain an abortion as a matter of choice ◯ ◯ [CC20_332b] Permit abortion only in case of rape, incest or when the woman's life is in danger ◯ ◯ [CC20_332c] Prohibit all abortions after the 20th week of pregnancy ◯ ◯ [CC20_332d] Allow employers to decline coverage of abortions in insurance plans ◯ ◯ [CC20_332e] Prohibit the expenditure of funds authorized or appropriated by federal law for any abortion. ◯ ◯ [CC20_332f] Make abortions illegal in all circumstances ◯ ◯ [CC20_332g] Prohibit states from requiring that abortions be performed only at hospitals (not clinics). ◯ ◯ Response option: Oppose",0.9997090260130744,0.6806086648196261
CC20_332f,CC20_332,source_pre,"[CC20_332grid] {grid} On the topic of abortion, do you support or oppose each of the following proposals? [1] Support [2] Oppose [CC20_332a] Always allow a woman to obtain an abortion as a matter of choice ◯ ◯ [CC20_332b] Permit abortion only in case of rape, incest or when the woman's life is in danger ◯ ◯ [CC20_332c] Prohibit all abortions after the 20th week of pregnancy ◯ ◯ [CC20_332d] Allow employers to decline coverage of abortions in insurance plans ◯ ◯ [CC20_332e] Prohibit the expenditure of funds authorized or appropriated by federal law for any abortion. ◯ ◯ [CC20_332f] Make abortions illegal in all circumstances ◯ ◯ [CC20_332g] Prohibit states from requiring that abortions be performed only at hospitals (not clinics). ◯ ◯",1,Support,0,2,"Question: [CC20_332grid] {grid} On the topic of abortion, do you support or oppose each of the following proposals? [1] Support [2] Oppose [CC20_332a] Always allow a woman to obtain an abortion as a matter of choice ◯ ◯ [CC20_332b] Permit abortion only in case of rape, incest or when the woman's life is in danger ◯ ◯ [CC20_332c] Prohibit all abortions after the 20th week of pregnancy ◯ ◯ [CC20_332d] Allow employers to decline coverage of abortions in insurance plans ◯ ◯ [CC20_332e] Prohibit the expenditure of funds authorized or appropriated by federal law for any abortion. ◯ ◯ [CC20_332f] Make abortions illegal in all circumstances ◯ ◯ [CC20_332g] Prohibit states from requiring that abortions be performed only at hospitals (not clinics). ◯ ◯ Response option: Support",0.9995344416209192,0.4226063990936343
CC20_332f,CC20_332,source_pre,"[CC20_332grid] {grid} On the topic of abortion, do you support or oppose each of the following proposals? [1] Support [2] Oppose [CC20_332a] Always allow a woman to obtain an abortion as a matter of choice ◯ ◯ [CC20_332b] Permit abortion only in case of rape, incest or when the woman's life is in danger ◯ ◯ [CC20_332c] Prohibit all abortions after the 20th week of pregnancy ◯ ◯ [CC20_332d] Allow employers to decline coverage of abortions in insurance plans ◯ ◯ [CC20_332e] Prohibit the expenditure of funds authorized or appropriated by federal law for any abortion. ◯ ◯ [CC20_332f] Make abortions illegal in all circumstances ◯ ◯ [CC20_332g] Prohibit states from requiring that abortions be performed only at hospitals (not clinics). ◯ ◯",2,Oppose,1,2,"Question: [CC20_332grid] {grid} On the topic of abortion, do you support or oppose each of the following proposals? [1] Support [2] Oppose [CC20_332a] Always allow a woman to obtain an abortion as a matter of choice ◯ ◯ [CC20_332b] Permit abortion only in case of rape, incest or when the woman's life is in danger ◯ ◯ [CC20_332c] Prohibit all abortions after the 20th week of pregnancy ◯ ◯ [CC20_332d] Allow employers to decline coverage of abortions in insurance plans ◯ ◯ [CC20_332e] Prohibit the expenditure of funds authorized or appropriated by federal law for any abortion. ◯ ◯ [CC20_332f] Make abortions illegal in all circumstances ◯ ◯ [CC20_332g] Prohibit states from requiring that abortions be performed only at hospitals (not clinics). ◯ ◯ Response option: Oppose",0.9995344416209192,0.4226063990936343
CC20_332g,CC20_332,source_pre,"[CC20_332grid] {grid} On the topic of abortion, do you support or oppose each of the following proposals? [1] Support [2] Oppose [CC20_332a] Always allow a woman to obtain an abortion as a matter of choice ◯ ◯ [CC20_332b] Permit abortion only in case of rape, incest or when the woman's life is in danger ◯ ◯ [CC20_332c] Prohibit all abortions after the 20th week of pregnancy ◯ ◯ [CC20_332d] Allow employers to decline coverage of abortions in insurance plans ◯ ◯ [CC20_332e] Prohibit the expenditure of funds authorized or appropriated by federal law for any abortion. ◯ ◯ [CC20_332f] Make abortions illegal in all circumstances ◯ ◯ [CC20_332g] Prohibit states from requiring that abortions be performed only at hospitals (not clinics). ◯ ◯",1,Support,0,2,"Question: [CC20_332grid] {grid} On the topic of abortion, do you support or oppose each of the following proposals? [1] Support [2] Oppose [CC20_332a] Always allow a woman to obtain an abortion as a matter of choice ◯ ◯ [CC20_332b] Permit abortion only in case of rape, incest or when the woman's life is in danger ◯ ◯ [CC20_332c] Prohibit all abortions after the 20th week of pregnancy ◯ ◯ [CC20_332d] Allow employers to decline coverage of abortions in insurance plans ◯ ◯ [CC20_332e] Prohibit the expenditure of funds authorized or appropriated by federal law for any abortion. ◯ ◯ [CC20_332f] Make abortions illegal in all circumstances ◯ ◯ [CC20_332g] Prohibit states from requiring that abortions be performed only at hospitals (not clinics). ◯ ◯ Response option: Support",0.9995732381525092,0.6693149133881939
CC20_332g,CC20_332,source_pre,"[CC20_332grid] {grid} On the topic of abortion, do you support or oppose each of the following proposals? [1] Support [2] Oppose [CC20_332a] Always allow a woman to obtain an abortion as a matter of choice ◯ ◯ [CC20_332b] Permit abortion only in case of rape, incest or when the woman's life is in danger ◯ ◯ [CC20_332c] Prohibit all abortions after the 20th week of pregnancy ◯ ◯ [CC20_332d] Allow employers to decline coverage of abortions in insurance plans ◯ ◯ [CC20_332e] Prohibit the expenditure of funds authorized or appropriated by federal law for any abortion. ◯ ◯ [CC20_332f] Make abortions illegal in all circumstances ◯ ◯ [CC20_332g] Prohibit states from requiring that abortions be performed only at hospitals (not clinics). ◯ ◯",2,Oppose,1,2,"Question: [CC20_332grid] {grid} On the topic of abortion, do you support or oppose each of the following proposals? [1] Support [2] Oppose [CC20_332a] Always allow a woman to obtain an abortion as a matter of choice ◯ ◯ [CC20_332b] Permit abortion only in case of rape, incest or when the woman's life is in danger ◯ ◯ [CC20_332c] Prohibit all abortions after the 20th week of pregnancy ◯ ◯ [CC20_332d] Allow employers to decline coverage of abortions in insurance plans ◯ ◯ [CC20_332e] Prohibit the expenditure of funds authorized or appropriated by federal law for any abortion. ◯ ◯ [CC20_332f] Make abortions illegal in all circumstances ◯ ◯ [CC20_332g] Prohibit states from requiring that abortions be performed only at hospitals (not clinics). ◯ ◯ Response option: Oppose",0.9995732381525092,0.6693149133881939
CC20_333a,CC20_333,source_pre,"[CC20_333grid] {grid} Do you support or oppose each of the following proposals? [1] Support [2] Oppose [CC20_333a] Give the Environmental Protection Agency power to regulate Carbon Dioxide emissions ◯ ◯ [CC20_333b] Require that each state use a minimum amount of renewable fuels (wind, solar, and hydroelectric) in the generation of electricity even if electricity prices increase a little ◯ ◯ [CC20_333c] Strengthen the Environmental",1,Support,0,2,"Question: [CC20_333grid] {grid} Do you support or oppose each of the following proposals? [1] Support [2] Oppose [CC20_333a] Give the Environmental Protection Agency power to regulate Carbon Dioxide emissions ◯ ◯ [CC20_333b] Require that each state use a minimum amount of renewable fuels (wind, solar, and hydroelectric) in the generation of electricity even if electricity prices increase a little ◯ ◯ [CC20_333c] Strengthen the Environmental Response option: Support",0.9996702294814844,0.6131939028361224
CC20_333a,CC20_333,source_pre,"[CC20_333grid] {grid} Do you support or oppose each of the following proposals? [1] Support [2] Oppose [CC20_333a] Give the Environmental Protection Agency power to regulate Carbon Dioxide emissions ◯ ◯ [CC20_333b] Require that each state use a minimum amount of renewable fuels (wind, solar, and hydroelectric) in the generation of electricity even if electricity prices increase a little ◯ ◯ [CC20_333c] Strengthen the Environmental",2,Oppose,1,2,"Question: [CC20_333grid] {grid} Do you support or oppose each of the following proposals? [1] Support [2] Oppose [CC20_333a] Give the Environmental Protection Agency power to regulate Carbon Dioxide emissions ◯ ◯ [CC20_333b] Require that each state use a minimum amount of renewable fuels (wind, solar, and hydroelectric) in the generation of electricity even if electricity prices increase a little ◯ ◯ [CC20_333c] Strengthen the Environmental Response option: Oppose",0.9996702294814844,0.6131939028361224
CC20_333b,CC20_333,source_pre,"[CC20_333grid] {grid} Do you support or oppose each of the following proposals? [1] Support [2] Oppose [CC20_333a] Give the Environmental Protection Agency power to regulate Carbon Dioxide emissions ◯ ◯ [CC20_333b] Require that each state use a minimum amount of renewable fuels (wind, solar, and hydroelectric) in the generation of electricity even if electricity prices increase a little ◯ ◯ [CC20_333c] Strengthen the Environmental Protection Agency enforcement of the Clean Air Act and Clean Water Act even if it costs U.S. jobs ◯ ◯",1,Support,0,2,"Question: [CC20_333grid] {grid} Do you support or oppose each of the following proposals? [1] Support [2] Oppose [CC20_333a] Give the Environmental Protection Agency power to regulate Carbon Dioxide emissions ◯ ◯ [CC20_333b] Require that each state use a minimum amount of renewable fuels (wind, solar, and hydroelectric) in the generation of electricity even if electricity prices increase a little ◯ ◯ [CC20_333c] Strengthen the Environmental Protection Agency enforcement of the Clean Air Act and Clean Water Act even if it costs U.S. jobs ◯ ◯ Response option: Support",0.9997478225446644,0.6372468635499491
CC20_333b,CC20_333,source_pre,"[CC20_333grid] {grid} Do you support or oppose each of the following proposals? [1] Support [2] Oppose [CC20_333a] Give the Environmental Protection Agency power to regulate Carbon Dioxide emissions ◯ ◯ [CC20_333b] Require that each state use a minimum amount of renewable fuels (wind, solar, and hydroelectric) in the generation of electricity even if electricity prices increase a little ◯ ◯ [CC20_333c] Strengthen the Environmental Protection Agency enforcement of the Clean Air Act and Clean Water Act even if it costs U.S. jobs ◯ ◯",2,Oppose,1,2,"Question: [CC20_333grid] {grid} Do you support or oppose each of the following proposals? [1] Support [2] Oppose [CC20_333a] Give the Environmental Protection Agency power to regulate Carbon Dioxide emissions ◯ ◯ [CC20_333b] Require that each state use a minimum amount of renewable fuels (wind, solar, and hydroelectric) in the generation of electricity even if electricity prices increase a little ◯ ◯ [CC20_333c] Strengthen the Environmental Protection Agency enforcement of the Clean Air Act and Clean Water Act even if it costs U.S. jobs ◯ ◯ Response option: Oppose",0.9997478225446644,0.6372468635499491
CC20_333c,CC20_333,source_pre,"[CC20_333grid] {grid} Do you support or oppose each of the following proposals? [1] Support [2] Oppose [CC20_333a] Give the Environmental Protection Agency power to regulate Carbon Dioxide emissions ◯ ◯ [CC20_333b] Require that each state use a minimum amount of renewable fuels (wind, solar, and hydroelectric) in the generation of electricity even if electricity prices increase a little ◯ ◯ [CC20_333c] Strengthen the Environmental Protection Agency enforcement of the Clean Air Act and Clean Water Act even if it costs U.S. jobs ◯ ◯ [CC20_333d] Raise the average fuel efficiency for all cars and trucks in the US from 40 miles per gallon to 54.5 miles per gallon by 2025. ◯ ◯",1,Support,0,2,"Question: [CC20_333grid] {grid} Do you support or oppose each of the following proposals? [1] Support [2] Oppose [CC20_333a] Give the Environmental Protection Agency power to regulate Carbon Dioxide emissions ◯ ◯ [CC20_333b] Require that each state use a minimum amount of renewable fuels (wind, solar, and hydroelectric) in the generation of electricity even if electricity prices increase a little ◯ ◯ [CC20_333c] Strengthen the Environmental Protection Agency enforcement of the Clean Air Act and Clean Water Act even if it costs U.S. jobs ◯ ◯ [CC20_333d] Raise the average fuel efficiency for all cars and trucks in the US from 40 miles per gallon to 54.5 miles per gallon by 2025. ◯ ◯ Response option: Support",0.9997478225446644,0.6579247888896409
CC20_333c,CC20_333,source_pre,"[CC20_333grid] {grid} Do you support or oppose each of the following proposals? [1] Support [2] Oppose [CC20_333a] Give the Environmental Protection Agency power to regulate Carbon Dioxide emissions ◯ ◯ [CC20_333b] Require that each state use a minimum amount of renewable fuels (wind, solar, and hydroelectric) in the generation of electricity even if electricity prices increase a little ◯ ◯ [CC20_333c] Strengthen the Environmental Protection Agency enforcement of the Clean Air Act and Clean Water Act even if it costs U.S. jobs ◯ ◯ [CC20_333d] Raise the average fuel efficiency for all cars and trucks in the US from 40 miles per gallon to 54.5 miles per gallon by 2025. ◯ ◯",2,Oppose,1,2,"Question: [CC20_333grid] {grid} Do you support or oppose each of the following proposals? [1] Support [2] Oppose [CC20_333a] Give the Environmental Protection Agency power to regulate Carbon Dioxide emissions ◯ ◯ [CC20_333b] Require that each state use a minimum amount of renewable fuels (wind, solar, and hydroelectric) in the generation of electricity even if electricity prices increase a little ◯ ◯ [CC20_333c] Strengthen the Environmental Protection Agency enforcement of the Clean Air Act and Clean Water Act even if it costs U.S. jobs ◯ ◯ [CC20_333d] Raise the average fuel efficiency for all cars and trucks in the US from 40 miles per gallon to 54.5 miles per gallon by 2025. ◯ ◯ Response option: Oppose",0.9997478225446644,0.6579247888896409
CC20_333d,CC20_333,source_pre,"[CC20_333grid] {grid} Do you support or oppose each of the following proposals? [1] Support [2] Oppose [CC20_333a] Give the Environmental Protection Agency power to regulate Carbon Dioxide emissions ◯ ◯ [CC20_333b] Require that each state use a minimum amount of renewable fuels (wind, solar, and hydroelectric) in the generation of electricity even if electricity prices increase a little ◯ ◯ [CC20_333c] Strengthen the Environmental Protection Agency enforcement of the Clean Air Act and Clean Water Act even if it costs U.S. jobs ◯ ◯ [CC20_333d] Raise the average fuel efficiency for all cars and trucks in the US from 40 miles per gallon to 54.5 miles per gallon by 2025. ◯ ◯",1,Support,0,2,"Question: [CC20_333grid] {grid} Do you support or oppose each of the following proposals? [1] Support [2] Oppose [CC20_333a] Give the Environmental Protection Agency power to regulate Carbon Dioxide emissions ◯ ◯ [CC20_333b] Require that each state use a minimum amount of renewable fuels (wind, solar, and hydroelectric) in the generation of electricity even if electricity prices increase a little ◯ ◯ [CC20_333c] Strengthen the Environmental Protection Agency enforcement of the Clean Air Act and Clean Water Act even if it costs U.S. jobs ◯ ◯ [CC20_333d] Raise the average fuel efficiency for all cars and trucks in the US from 40 miles per gallon to 54.5 miles per gallon by 2025. ◯ ◯ Response option: Support",0.9996896277472794,0.6212746162587726
CC20_333d,CC20_333,source_pre,"[CC20_333grid] {grid} Do you support or oppose each of the following proposals? [1] Support [2] Oppose [CC20_333a] Give the Environmental Protection Agency power to regulate Carbon Dioxide emissions ◯ ◯ [CC20_333b] Require that each state use a minimum amount of renewable fuels (wind, solar, and hydroelectric) in the generation of electricity even if electricity prices increase a little ◯ ◯ [CC20_333c] Strengthen the Environmental Protection Agency enforcement of the Clean Air Act and Clean Water Act even if it costs U.S. jobs ◯ ◯ [CC20_333d] Raise the average fuel efficiency for all cars and trucks in the US from 40 miles per gallon to 54.5 miles per gallon by 2025. ◯ ◯",2,Oppose,1,2,"Question: [CC20_333grid] {grid} Do you support or oppose each of the following proposals? [1] Support [2] Oppose [CC20_333a] Give the Environmental Protection Agency power to regulate Carbon Dioxide emissions ◯ ◯ [CC20_333b] Require that each state use a minimum amount of renewable fuels (wind, solar, and hydroelectric) in the generation of electricity even if electricity prices increase a little ◯ ◯ [CC20_333c] Strengthen the Environmental Protection Agency enforcement of the Clean Air Act and Clean Water Act even if it costs U.S. jobs ◯ ◯ [CC20_333d] Raise the average fuel efficiency for all cars and trucks in the US from 40 miles per gallon to 54.5 miles per gallon by 2025. ◯ ◯ Response option: Oppose",0.9996896277472794,0.6212746162587726
CC20_334a,CC20_334,source_pre,"[CC20_334grid] {grid} Do you support or oppose each of the following proposals? [1] Support [2] Oppose [CC20_334a] Eliminate mandatory minimum sentences for non-violent drug offenders. ◯ ◯ [CC20_334b] Require police officers to wear body cameras that record all of their activities while on duty. ◯ ◯ [CC20_334c] Increase the number of police on the street by 10 percent, even if it means fewer funds for other public services.",1,Support,0,2,"Question: [CC20_334grid] {grid} Do you support or oppose each of the following proposals? [1] Support [2] Oppose [CC20_334a] Eliminate mandatory minimum sentences for non-violent drug offenders. ◯ ◯ [CC20_334b] Require police officers to wear body cameras that record all of their activities while on duty. ◯ ◯ [CC20_334c] Increase the number of police on the street by 10 percent, even if it means fewer funds for other public services. Response option: Support",0.9997284242788694,0.5899159894002524
CC20_334a,CC20_334,source_pre,"[CC20_334grid] {grid} Do you support or oppose each of the following proposals? [1] Support [2] Oppose [CC20_334a] Eliminate mandatory minimum sentences for non-violent drug offenders. ◯ ◯ [CC20_334b] Require police officers to wear body cameras that record all of their activities while on duty. ◯ ◯ [CC20_334c] Increase the number of police on the street by 10 percent, even if it means fewer funds for other public services.",2,Oppose,1,2,"Question: [CC20_334grid] {grid} Do you support or oppose each of the following proposals? [1] Support [2] Oppose [CC20_334a] Eliminate mandatory minimum sentences for non-violent drug offenders. ◯ ◯ [CC20_334b] Require police officers to wear body cameras that record all of their activities while on duty. ◯ ◯ [CC20_334c] Increase the number of police on the street by 10 percent, even if it means fewer funds for other public services. Response option: Oppose",0.9997284242788694,0.5899159894002524
CC20_334c,CC20_334,source_pre,"[CC20_334grid] {grid} Do you support or oppose each of the following proposals? [1] Support [2] Oppose [CC20_334a] Eliminate mandatory minimum sentences for non-violent drug offenders. ◯ ◯ [CC20_334b] Require police officers to wear body cameras that record all of their activities while on duty. ◯ ◯ [CC20_334c] Increase the number of police on the street by 10 percent, even if it means fewer funds for other public services. ◯ ◯ [CC20_334d] Decrease the number of police on the street by 10 percent, and increase funding for other public services ◯ ◯ [CC20_334e] Ban the use of choke holds by police ◯ ◯ [CC20_334f] Create a",1,Support,0,2,"Question: [CC20_334grid] {grid} Do you support or oppose each of the following proposals? [1] Support [2] Oppose [CC20_334a] Eliminate mandatory minimum sentences for non-violent drug offenders. ◯ ◯ [CC20_334b] Require police officers to wear body cameras that record all of their activities while on duty. ◯ ◯ [CC20_334c] Increase the number of police on the street by 10 percent, even if it means fewer funds for other public services. ◯ ◯ [CC20_334d] Decrease the number of police on the street by 10 percent, and increase funding for other public services ◯ ◯ [CC20_334e] Ban the use of choke holds by police ◯ ◯ [CC20_334f] Create a Response option: Support",0.9996314329498944,0.6902540764970333
CC20_334c,CC20_334,source_pre,"[CC20_334grid] {grid} Do you support or oppose each of the following proposals? [1] Support [2] Oppose [CC20_334a] Eliminate mandatory minimum sentences for non-violent drug offenders. ◯ ◯ [CC20_334b] Require police officers to wear body cameras that record all of their activities while on duty. ◯ ◯ [CC20_334c] Increase the number of police on the street by 10 percent, even if it means fewer funds for other public services. ◯ ◯ [CC20_334d] Decrease the number of police on the street by 10 percent, and increase funding for other public services ◯ ◯ [CC20_334e] Ban the use of choke holds by police ◯ ◯ [CC20_334f] Create a",2,Oppose,1,2,"Question: [CC20_334grid] {grid} Do you support or oppose each of the following proposals? [1] Support [2] Oppose [CC20_334a] Eliminate mandatory minimum sentences for non-violent drug offenders. ◯ ◯ [CC20_334b] Require police officers to wear body cameras that record all of their activities while on duty. ◯ ◯ [CC20_334c] Increase the number of police on the street by 10 percent, even if it means fewer funds for other public services. ◯ ◯ [CC20_334d] Decrease the number of police on the street by 10 percent, and increase funding for other public services ◯ ◯ [CC20_334e] Ban the use of choke holds by police ◯ ◯ [CC20_334f] Create a Response option: Oppose",0.9996314329498944,0.6902540764970333
CC20_334d,CC20_334,source_pre,"[CC20_334grid] {grid} Do you support or oppose each of the following proposals? [1] Support [2] Oppose [CC20_334a] Eliminate mandatory minimum sentences for non-violent drug offenders. ◯ ◯ [CC20_334b] Require police officers to wear body cameras that record all of their activities while on duty. ◯ ◯ [CC20_334c] Increase the number of police on the street by 10 percent, even if it means fewer funds for other public services. ◯ ◯ [CC20_334d] Decrease the number of police on the street by 10 percent, and increase funding for other public services ◯ ◯ [CC20_334e] Ban the use of choke holds by police ◯ ◯ [CC20_334f] Create a national registry of police who have been investigated for or disciplined for misconduct. ◯ ◯ [CC20_334g] End the",1,Support,0,2,"Question: [CC20_334grid] {grid} Do you support or oppose each of the following proposals? [1] Support [2] Oppose [CC20_334a] Eliminate mandatory minimum sentences for non-violent drug offenders. ◯ ◯ [CC20_334b] Require police officers to wear body cameras that record all of their activities while on duty. ◯ ◯ [CC20_334c] Increase the number of police on the street by 10 percent, even if it means fewer funds for other public services. ◯ ◯ [CC20_334d] Decrease the number of police on the street by 10 percent, and increase funding for other public services ◯ ◯ [CC20_334e] Ban the use of choke holds by police ◯ ◯ [CC20_334f] Create a national registry of police who have been investigated for or disciplined for misconduct. ◯ ◯ [CC20_334g] End the Response option: Support",0.999515043355124,0.6711157335124243
CC20_334d,CC20_334,source_pre,"[CC20_334grid] {grid} Do you support or oppose each of the following proposals? [1] Support [2] Oppose [CC20_334a] Eliminate mandatory minimum sentences for non-violent drug offenders. ◯ ◯ [CC20_334b] Require police officers to wear body cameras that record all of their activities while on duty. ◯ ◯ [CC20_334c] Increase the number of police on the street by 10 percent, even if it means fewer funds for other public services. ◯ ◯ [CC20_334d] Decrease the number of police on the street by 10 percent, and increase funding for other public services ◯ ◯ [CC20_334e] Ban the use of choke holds by police ◯ ◯ [CC20_334f] Create a national registry of police who have been investigated for or disciplined for misconduct. ◯ ◯ [CC20_334g] End the",2,Oppose,1,2,"Question: [CC20_334grid] {grid} Do you support or oppose each of the following proposals? [1] Support [2] Oppose [CC20_334a] Eliminate mandatory minimum sentences for non-violent drug offenders. ◯ ◯ [CC20_334b] Require police officers to wear body cameras that record all of their activities while on duty. ◯ ◯ [CC20_334c] Increase the number of police on the street by 10 percent, even if it means fewer funds for other public services. ◯ ◯ [CC20_334d] Decrease the number of police on the street by 10 percent, and increase funding for other public services ◯ ◯ [CC20_334e] Ban the use of choke holds by police ◯ ◯ [CC20_334f] Create a national registry of police who have been investigated for or disciplined for misconduct. ◯ ◯ [CC20_334g] End the Response option: Oppose",0.999515043355124,0.6711157335124243
CC20_334e,CC20_334,source_pre,"[CC20_334grid] {grid} Do you support or oppose each of the following proposals? [1] Support [2] Oppose [CC20_334a] Eliminate mandatory minimum sentences for non-violent drug offenders. ◯ ◯ [CC20_334b] Require police officers to wear body cameras that record all of their activities while on duty. ◯ ◯ [CC20_334c] Increase the number of police on the street by 10 percent, even if it means fewer funds for other public services. ◯ ◯ [CC20_334d] Decrease the number of police on the street by 10 percent, and increase funding for other public services ◯ ◯ [CC20_334e] Ban the use of choke holds by police ◯ ◯ [CC20_334f] Create a national registry of police who have been investigated for or disciplined for misconduct. ◯ ◯ [CC20_334g] End the Department of Defense program that sends surplus military weapons and equipment to police departments. ◯ ◯",1,Support,0,2,"Question: [CC20_334grid] {grid} Do you support or oppose each of the following proposals? [1] Support [2] Oppose [CC20_334a] Eliminate mandatory minimum sentences for non-violent drug offenders. ◯ ◯ [CC20_334b] Require police officers to wear body cameras that record all of their activities while on duty. ◯ ◯ [CC20_334c] Increase the number of police on the street by 10 percent, even if it means fewer funds for other public services. ◯ ◯ [CC20_334d] Decrease the number of police on the street by 10 percent, and increase funding for other public services ◯ ◯ [CC20_334e] Ban the use of choke holds by police ◯ ◯ [CC20_334f] Create a national registry of police who have been investigated for or disciplined for misconduct. ◯ ◯ [CC20_334g] End the Department of Defense program that sends surplus military weapons and equipment to police departments. ◯ ◯ Response option: Support",0.9995344416209192,0.5401376309548098
CC20_334e,CC20_334,source_pre,"[CC20_334grid] {grid} Do you support or oppose each of the following proposals? [1] Support [2] Oppose [CC20_334a] Eliminate mandatory minimum sentences for non-violent drug offenders. ◯ ◯ [CC20_334b] Require police officers to wear body cameras that record all of their activities while on duty. ◯ ◯ [CC20_334c] Increase the number of police on the street by 10 percent, even if it means fewer funds for other public services. ◯ ◯ [CC20_334d] Decrease the number of police on the street by 10 percent, and increase funding for other public services ◯ ◯ [CC20_334e] Ban the use of choke holds by police ◯ ◯ [CC20_334f] Create a national registry of police who have been investigated for or disciplined for misconduct. ◯ ◯ [CC20_334g] End the Department of Defense program that sends surplus military weapons and equipment to police departments. ◯ ◯",2,Oppose,1,2,"Question: [CC20_334grid] {grid} Do you support or oppose each of the following proposals? [1] Support [2] Oppose [CC20_334a] Eliminate mandatory minimum sentences for non-violent drug offenders. ◯ ◯ [CC20_334b] Require police officers to wear body cameras that record all of their activities while on duty. ◯ ◯ [CC20_334c] Increase the number of police on the street by 10 percent, even if it means fewer funds for other public services. ◯ ◯ [CC20_334d] Decrease the number of police on the street by 10 percent, and increase funding for other public services ◯ ◯ [CC20_334e] Ban the use of choke holds by police ◯ ◯ [CC20_334f] Create a national registry of police who have been investigated for or disciplined for misconduct. ◯ ◯ [CC20_334g] End the Department of Defense program that sends surplus military weapons and equipment to police departments. ◯ ◯ Response option: Oppose",0.9995344416209192,0.5401376309548098
CC20_334f,CC20_334,source_pre,"[CC20_334grid] {grid} Do you support or oppose each of the following proposals? [1] Support [2] Oppose [CC20_334a] Eliminate mandatory minimum sentences for non-violent drug offenders. ◯ ◯ [CC20_334b] Require police officers to wear body cameras that record all of their activities while on duty. ◯ ◯ [CC20_334c] Increase the number of police on the street by 10 percent, even if it means fewer funds for other public services. ◯ ◯ [CC20_334d] Decrease the number of police on the street by 10 percent, and increase funding for other public services ◯ ◯ [CC20_334e] Ban the use of choke holds by police ◯ ◯ [CC20_334f] Create a national registry of police who have been investigated for or disciplined for misconduct. ◯ ◯ [CC20_334g] End the Department of Defense program that sends surplus military weapons and equipment to police departments. ◯ ◯",1,Support,0,2,"Question: [CC20_334grid] {grid} Do you support or oppose each of the following proposals? [1] Support [2] Oppose [CC20_334a] Eliminate mandatory minimum sentences for non-violent drug offenders. ◯ ◯ [CC20_334b] Require police officers to wear body cameras that record all of their activities while on duty. ◯ ◯ [CC20_334c] Increase the number of police on the street by 10 percent, even if it means fewer funds for other public services. ◯ ◯ [CC20_334d] Decrease the number of police on the street by 10 percent, and increase funding for other public services ◯ ◯ [CC20_334e] Ban the use of choke holds by police ◯ ◯ [CC20_334f] Create a national registry of police who have been investigated for or disciplined for misconduct. ◯ ◯ [CC20_334g] End the Department of Defense program that sends surplus military weapons and equipment to police departments. ◯ ◯ Response option: Support",0.9995344416209192,0.4775793058754621
CC20_334f,CC20_334,source_pre,"[CC20_334grid] {grid} Do you support or oppose each of the following proposals? [1] Support [2] Oppose [CC20_334a] Eliminate mandatory minimum sentences for non-violent drug offenders. ◯ ◯ [CC20_334b] Require police officers to wear body cameras that record all of their activities while on duty. ◯ ◯ [CC20_334c] Increase the number of police on the street by 10 percent, even if it means fewer funds for other public services. ◯ ◯ [CC20_334d] Decrease the number of police on the street by 10 percent, and increase funding for other public services ◯ ◯ [CC20_334e] Ban the use of choke holds by police ◯ ◯ [CC20_334f] Create a national registry of police who have been investigated for or disciplined for misconduct. ◯ ◯ [CC20_334g] End the Department of Defense program that sends surplus military weapons and equipment to police departments. ◯ ◯",2,Oppose,1,2,"Question: [CC20_334grid] {grid} Do you support or oppose each of the following proposals? [1] Support [2] Oppose [CC20_334a] Eliminate mandatory minimum sentences for non-violent drug offenders. ◯ ◯ [CC20_334b] Require police officers to wear body cameras that record all of their activities while on duty. ◯ ◯ [CC20_334c] Increase the number of police on the street by 10 percent, even if it means fewer funds for other public services. ◯ ◯ [CC20_334d] Decrease the number of police on the street by 10 percent, and increase funding for other public services ◯ ◯ [CC20_334e] Ban the use of choke holds by police ◯ ◯ [CC20_334f] Create a national registry of police who have been investigated for or disciplined for misconduct. ◯ ◯ [CC20_334g] End the Department of Defense program that sends surplus military weapons and equipment to police departments. ◯ ◯ Response option: Oppose",0.9995344416209192,0.4775793058754621
CC20_334g,CC20_334,source_pre,"[CC20_334grid] {grid} Do you support or oppose each of the following proposals? [1] Support [2] Oppose [CC20_334a] Eliminate mandatory minimum sentences for non-violent drug offenders. ◯ ◯ [CC20_334b] Require police officers to wear body cameras that record all of their activities while on duty. ◯ ◯ [CC20_334c] Increase the number of police on the street by 10 percent, even if it means fewer funds for other public services. ◯ ◯ [CC20_334d] Decrease the number of police on the street by 10 percent, and increase funding for other public services ◯ ◯ [CC20_334e] Ban the use of choke holds by police ◯ ◯ [CC20_334f] Create a national registry of police who have been investigated for or disciplined for misconduct. ◯ ◯ [CC20_334g] End the Department of Defense program that sends surplus military weapons and equipment to police departments. ◯ ◯",1,Support,0,2,"Question: [CC20_334grid] {grid} Do you support or oppose each of the following proposals? [1] Support [2] Oppose [CC20_334a] Eliminate mandatory minimum sentences for non-violent drug offenders. ◯ ◯ [CC20_334b] Require police officers to wear body cameras that record all of their activities while on duty. ◯ ◯ [CC20_334c] Increase the number of police on the street by 10 percent, even if it means fewer funds for other public services. ◯ ◯ [CC20_334d] Decrease the number of police on the street by 10 percent, and increase funding for other public services ◯ ◯ [CC20_334e] Ban the use of choke holds by police ◯ ◯ [CC20_334f] Create a national registry of police who have been investigated for or disciplined for misconduct. ◯ ◯ [CC20_334g] End the Department of Defense program that sends surplus military weapons and equipment to police departments. ◯ ◯ Response option: Support",0.9996120346840992,0.69314562130951
CC20_334g,CC20_334,source_pre,"[CC20_334grid] {grid} Do you support or oppose each of the following proposals? [1] Support [2] Oppose [CC20_334a] Eliminate mandatory minimum sentences for non-violent drug offenders. ◯ ◯ [CC20_334b] Require police officers to wear body cameras that record all of their activities while on duty. ◯ ◯ [CC20_334c] Increase the number of police on the street by 10 percent, even if it means fewer funds for other public services. ◯ ◯ [CC20_334d] Decrease the number of police on the street by 10 percent, and increase funding for other public services ◯ ◯ [CC20_334e] Ban the use of choke holds by police ◯ ◯ [CC20_334f] Create a national registry of police who have been investigated for or disciplined for misconduct. ◯ ◯ [CC20_334g] End the Department of Defense program that sends surplus military weapons and equipment to police departments. ◯ ◯",2,Oppose,1,2,"Question: [CC20_334grid] {grid} Do you support or oppose each of the following proposals? [1] Support [2] Oppose [CC20_334a] Eliminate mandatory minimum sentences for non-violent drug offenders. ◯ ◯ [CC20_334b] Require police officers to wear body cameras that record all of their activities while on duty. ◯ ◯ [CC20_334c] Increase the number of police on the street by 10 percent, even if it means fewer funds for other public services. ◯ ◯ [CC20_334d] Decrease the number of police on the street by 10 percent, and increase funding for other public services ◯ ◯ [CC20_334e] Ban the use of choke holds by police ◯ ◯ [CC20_334f] Create a national registry of police who have been investigated for or disciplined for misconduct. ◯ ◯ [CC20_334g] End the Department of Defense program that sends surplus military weapons and equipment to police departments. ◯ ◯ Response option: Oppose",0.9996120346840992,0.69314562130951
CC20_334h,CC20_334,source_pre,[CC20_334h] Allow individuals or their families to sue a police officer for damages if the officer is found to have “recklessly disregarded” the individual’s rights. ◯ ◯,1,Support,0,2,Question: [CC20_334h] Allow individuals or their families to sue a police officer for damages if the officer is found to have “recklessly disregarded” the individual’s rights. ◯ ◯ Response option: Support,0.9995344416209192,0.5379784188985529
CC20_334h,CC20_334,source_pre,[CC20_334h] Allow individuals or their families to sue a police officer for damages if the officer is found to have “recklessly disregarded” the individual’s rights. ◯ ◯,2,Oppose,1,2,Question: [CC20_334h] Allow individuals or their families to sue a police officer for damages if the officer is found to have “recklessly disregarded” the individual’s rights. ◯ ◯ Response option: Oppose,0.9995344416209192,0.5379784188985529
CC20_355a,CC20_355,source_pre,"[CC20_355grid] {grid} For each of the following tell us whether you support or oppose these decisions. [1] Support [2] Oppose [CC20_355a] Withdraw the United States from the Paris Climate Agreement. ◯ ◯ [CC20_355b] Withdraw the United States from the Trans-Pacific Partnership trade agreement, a free trade agreement that included the U.S., Japan, China, Australia, New Zealand, Canada, Chile, others. ◯ ◯ [CC20_355c] Repeal the Clean Power Plant Rules",1,Support,0,2,"Question: [CC20_355grid] {grid} For each of the following tell us whether you support or oppose these decisions. [1] Support [2] Oppose [CC20_355a] Withdraw the United States from the Paris Climate Agreement. ◯ ◯ [CC20_355b] Withdraw the United States from the Trans-Pacific Partnership trade agreement, a free trade agreement that included the U.S., Japan, China, Australia, New Zealand, Canada, Chile, others. ◯ ◯ [CC20_355c] Repeal the Clean Power Plant Rules Response option: Support",0.9934045896296873,0.6604650308347093
CC20_355a,CC20_355,source_pre,"[CC20_355grid] {grid} For each of the following tell us whether you support or oppose these decisions. [1] Support [2] Oppose [CC20_355a] Withdraw the United States from the Paris Climate Agreement. ◯ ◯ [CC20_355b] Withdraw the United States from the Trans-Pacific Partnership trade agreement, a free trade agreement that included the U.S., Japan, China, Australia, New Zealand, Canada, Chile, others. ◯ ◯ [CC20_355c] Repeal the Clean Power Plant Rules",2,Oppose,1,2,"Question: [CC20_355grid] {grid} For each of the following tell us whether you support or oppose these decisions. [1] Support [2] Oppose [CC20_355a] Withdraw the United States from the Paris Climate Agreement. ◯ ◯ [CC20_355b] Withdraw the United States from the Trans-Pacific Partnership trade agreement, a free trade agreement that included the U.S., Japan, China, Australia, New Zealand, Canada, Chile, others. ◯ ◯ [CC20_355c] Repeal the Clean Power Plant Rules Response option: Oppose",0.9934045896296873,0.6604650308347093
CC20_355b,CC20_355,source_pre,"[CC20_355grid] {grid} For each of the following tell us whether you support or oppose these decisions. [1] Support [2] Oppose [CC20_355a] Withdraw the United States from the Paris Climate Agreement. ◯ ◯ [CC20_355b] Withdraw the United States from the Trans-Pacific Partnership trade agreement, a free trade agreement that included the U.S., Japan, China, Australia, New Zealand, Canada, Chile, others. ◯ ◯ [CC20_355c] Repeal the Clean Power Plant Rules (the Clean Power Plant rules would require power plants to cut greenhouse gas emissions by 32 percent",1,Support,0,2,"Question: [CC20_355grid] {grid} For each of the following tell us whether you support or oppose these decisions. [1] Support [2] Oppose [CC20_355a] Withdraw the United States from the Paris Climate Agreement. ◯ ◯ [CC20_355b] Withdraw the United States from the Trans-Pacific Partnership trade agreement, a free trade agreement that included the U.S., Japan, China, Australia, New Zealand, Canada, Chile, others. ◯ ◯ [CC20_355c] Repeal the Clean Power Plant Rules (the Clean Power Plant rules would require power plants to cut greenhouse gas emissions by 32 percent Response option: Support",0.9915617543791584,0.6606014114106908
CC20_355b,CC20_355,source_pre,"[CC20_355grid] {grid} For each of the following tell us whether you support or oppose these decisions. [1] Support [2] Oppose [CC20_355a] Withdraw the United States from the Paris Climate Agreement. ◯ ◯ [CC20_355b] Withdraw the United States from the Trans-Pacific Partnership trade agreement, a free trade agreement that included the U.S., Japan, China, Australia, New Zealand, Canada, Chile, others. ◯ ◯ [CC20_355c] Repeal the Clean Power Plant Rules (the Clean Power Plant rules would require power plants to cut greenhouse gas emissions by 32 percent",2,Oppose,1,2,"Question: [CC20_355grid] {grid} For each of the following tell us whether you support or oppose these decisions. [1] Support [2] Oppose [CC20_355a] Withdraw the United States from the Paris Climate Agreement. ◯ ◯ [CC20_355b] Withdraw the United States from the Trans-Pacific Partnership trade agreement, a free trade agreement that included the U.S., Japan, China, Australia, New Zealand, Canada, Chile, others. ◯ ◯ [CC20_355c] Repeal the Clean Power Plant Rules (the Clean Power Plant rules would require power plants to cut greenhouse gas emissions by 32 percent Response option: Oppose",0.9915617543791584,0.6606014114106908
CC20_355c,CC20_355,source_pre,"[CC20_355grid] {grid} For each of the following tell us whether you support or oppose these decisions. [1] Support [2] Oppose [CC20_355a] Withdraw the United States from the Paris Climate Agreement. ◯ ◯ [CC20_355b] Withdraw the United States from the Trans-Pacific Partnership trade agreement, a free trade agreement that included the U.S., Japan, China, Australia, New Zealand, Canada, Chile, others. ◯ ◯ [CC20_355c] Repeal the Clean Power Plant Rules (the Clean Power Plant rules would require power plants to cut greenhouse gas emissions by 32 percent by 2030). ◯ ◯ [CC20_355d] Ban Transgender People in the Military ◯ ◯ [CC20_355e] Require able- bodied adults 18 to 49 years of age who do not have dependents to have a job in",1,Support,0,2,"Question: [CC20_355grid] {grid} For each of the following tell us whether you support or oppose these decisions. [1] Support [2] Oppose [CC20_355a] Withdraw the United States from the Paris Climate Agreement. ◯ ◯ [CC20_355b] Withdraw the United States from the Trans-Pacific Partnership trade agreement, a free trade agreement that included the U.S., Japan, China, Australia, New Zealand, Canada, Chile, others. ◯ ◯ [CC20_355c] Repeal the Clean Power Plant Rules (the Clean Power Plant rules would require power plants to cut greenhouse gas emissions by 32 percent by 2030). ◯ ◯ [CC20_355d] Ban Transgender People in the Military ◯ ◯ [CC20_355e] Require able- bodied adults 18 to 49 years of age who do not have dependents to have a job in Response option: Support",0.9942387150588736,0.6570816539518183
CC20_355c,CC20_355,source_pre,"[CC20_355grid] {grid} For each of the following tell us whether you support or oppose these decisions. [1] Support [2] Oppose [CC20_355a] Withdraw the United States from the Paris Climate Agreement. ◯ ◯ [CC20_355b] Withdraw the United States from the Trans-Pacific Partnership trade agreement, a free trade agreement that included the U.S., Japan, China, Australia, New Zealand, Canada, Chile, others. ◯ ◯ [CC20_355c] Repeal the Clean Power Plant Rules (the Clean Power Plant rules would require power plants to cut greenhouse gas emissions by 32 percent by 2030). ◯ ◯ [CC20_355d] Ban Transgender People in the Military ◯ ◯ [CC20_355e] Require able- bodied adults 18 to 49 years of age who do not have dependents to have a job in",2,Oppose,1,2,"Question: [CC20_355grid] {grid} For each of the following tell us whether you support or oppose these decisions. [1] Support [2] Oppose [CC20_355a] Withdraw the United States from the Paris Climate Agreement. ◯ ◯ [CC20_355b] Withdraw the United States from the Trans-Pacific Partnership trade agreement, a free trade agreement that included the U.S., Japan, China, Australia, New Zealand, Canada, Chile, others. ◯ ◯ [CC20_355c] Repeal the Clean Power Plant Rules (the Clean Power Plant rules would require power plants to cut greenhouse gas emissions by 32 percent by 2030). ◯ ◯ [CC20_355d] Ban Transgender People in the Military ◯ ◯ [CC20_355e] Require able- bodied adults 18 to 49 years of age who do not have dependents to have a job in Response option: Oppose",0.9942387150588736,0.6570816539518183
CC20_355d,CC20_355,source_pre,"[CC20_355grid] {grid} For each of the following tell us whether you support or oppose these decisions. [1] Support [2] Oppose [CC20_355a] Withdraw the United States from the Paris Climate Agreement. ◯ ◯ [CC20_355b] Withdraw the United States from the Trans-Pacific Partnership trade agreement, a free trade agreement that included the U.S., Japan, China, Australia, New Zealand, Canada, Chile, others. ◯ ◯ [CC20_355c] Repeal the Clean Power Plant Rules (the Clean Power Plant rules would require power plants to cut greenhouse gas emissions by 32 percent by 2030). ◯ ◯ [CC20_355d] Ban Transgender People in the Military ◯ ◯ [CC20_355e] Require able- bodied adults 18 to 49 years of age who do not have dependents to have a job in order to receive food stamps. ◯ ◯",1,Support,0,2,"Question: [CC20_355grid] {grid} For each of the following tell us whether you support or oppose these decisions. [1] Support [2] Oppose [CC20_355a] Withdraw the United States from the Paris Climate Agreement. ◯ ◯ [CC20_355b] Withdraw the United States from the Trans-Pacific Partnership trade agreement, a free trade agreement that included the U.S., Japan, China, Australia, New Zealand, Canada, Chile, others. ◯ ◯ [CC20_355c] Repeal the Clean Power Plant Rules (the Clean Power Plant rules would require power plants to cut greenhouse gas emissions by 32 percent by 2030). ◯ ◯ [CC20_355d] Ban Transgender People in the Military ◯ ◯ [CC20_355e] Require able- bodied adults 18 to 49 years of age who do not have dependents to have a job in order to receive food stamps. ◯ ◯ Response option: Support",0.994432697716824,0.6191187683002779
CC20_355d,CC20_355,source_pre,"[CC20_355grid] {grid} For each of the following tell us whether you support or oppose these decisions. [1] Support [2] Oppose [CC20_355a] Withdraw the United States from the Paris Climate Agreement. ◯ ◯ [CC20_355b] Withdraw the United States from the Trans-Pacific Partnership trade agreement, a free trade agreement that included the U.S., Japan, China, Australia, New Zealand, Canada, Chile, others. ◯ ◯ [CC20_355c] Repeal the Clean Power Plant Rules (the Clean Power Plant rules would require power plants to cut greenhouse gas emissions by 32 percent by 2030). ◯ ◯ [CC20_355d] Ban Transgender People in the Military ◯ ◯ [CC20_355e] Require able- bodied adults 18 to 49 years of age who do not have dependents to have a job in order to receive food stamps. ◯ ◯",2,Oppose,1,2,"Question: [CC20_355grid] {grid} For each of the following tell us whether you support or oppose these decisions. [1] Support [2] Oppose [CC20_355a] Withdraw the United States from the Paris Climate Agreement. ◯ ◯ [CC20_355b] Withdraw the United States from the Trans-Pacific Partnership trade agreement, a free trade agreement that included the U.S., Japan, China, Australia, New Zealand, Canada, Chile, others. ◯ ◯ [CC20_355c] Repeal the Clean Power Plant Rules (the Clean Power Plant rules would require power plants to cut greenhouse gas emissions by 32 percent by 2030). ◯ ◯ [CC20_355d] Ban Transgender People in the Military ◯ ◯ [CC20_355e] Require able- bodied adults 18 to 49 years of age who do not have dependents to have a job in order to receive food stamps. ◯ ◯ Response option: Oppose",0.994432697716824,0.6191187683002779
CC20_355e,CC20_355,source_pre,"[CC20_355grid] {grid} For each of the following tell us whether you support or oppose these decisions. [1] Support [2] Oppose [CC20_355a] Withdraw the United States from the Paris Climate Agreement. ◯ ◯ [CC20_355b] Withdraw the United States from the Trans-Pacific Partnership trade agreement, a free trade agreement that included the U.S., Japan, China, Australia, New Zealand, Canada, Chile, others. ◯ ◯ [CC20_355c] Repeal the Clean Power Plant Rules (the Clean Power Plant rules would require power plants to cut greenhouse gas emissions by 32 percent by 2030). ◯ ◯ [CC20_355d] Ban Transgender People in the Military ◯ ◯ [CC20_355e] Require able- bodied adults 18 to 49 years of age who do not have dependents to have a job in order to receive food stamps. ◯ ◯",1,Support,0,2,"Question: [CC20_355grid] {grid} For each of the following tell us whether you support or oppose these decisions. [1] Support [2] Oppose [CC20_355a] Withdraw the United States from the Paris Climate Agreement. ◯ ◯ [CC20_355b] Withdraw the United States from the Trans-Pacific Partnership trade agreement, a free trade agreement that included the U.S., Japan, China, Australia, New Zealand, Canada, Chile, others. ◯ ◯ [CC20_355c] Repeal the Clean Power Plant Rules (the Clean Power Plant rules would require power plants to cut greenhouse gas emissions by 32 percent by 2030). ◯ ◯ [CC20_355d] Ban Transgender People in the Military ◯ ◯ [CC20_355e] Require able- bodied adults 18 to 49 years of age who do not have dependents to have a job in order to receive food stamps. ◯ ◯ Response option: Support",0.9951116370196504,0.6622747698273354
CC20_355e,CC20_355,source_pre,"[CC20_355grid] {grid} For each of the following tell us whether you support or oppose these decisions. [1] Support [2] Oppose [CC20_355a] Withdraw the United States from the Paris Climate Agreement. ◯ ◯ [CC20_355b] Withdraw the United States from the Trans-Pacific Partnership trade agreement, a free trade agreement that included the U.S., Japan, China, Australia, New Zealand, Canada, Chile, others. ◯ ◯ [CC20_355c] Repeal the Clean Power Plant Rules (the Clean Power Plant rules would require power plants to cut greenhouse gas emissions by 32 percent by 2030). ◯ ◯ [CC20_355d] Ban Transgender People in the Military ◯ ◯ [CC20_355e] Require able- bodied adults 18 to 49 years of age who do not have dependents to have a job in order to receive food stamps. ◯ ◯",2,Oppose,1,2,"Question: [CC20_355grid] {grid} For each of the following tell us whether you support or oppose these decisions. [1] Support [2] Oppose [CC20_355a] Withdraw the United States from the Paris Climate Agreement. ◯ ◯ [CC20_355b] Withdraw the United States from the Trans-Pacific Partnership trade agreement, a free trade agreement that included the U.S., Japan, China, Australia, New Zealand, Canada, Chile, others. ◯ ◯ [CC20_355c] Repeal the Clean Power Plant Rules (the Clean Power Plant rules would require power plants to cut greenhouse gas emissions by 32 percent by 2030). ◯ ◯ [CC20_355d] Ban Transgender People in the Military ◯ ◯ [CC20_355e] Require able- bodied adults 18 to 49 years of age who do not have dependents to have a job in order to receive food stamps. ◯ ◯ Response option: Oppose",0.9951116370196504,0.6622747698273354
CC20_356,CC20_356,source_pre,"[CC20_356a] {single} Regardless of what is actually decided, should the selection of a replacement for Supreme Court Justice Ruth Bader Ginsberg happen...? (Allows one selection) ◯ [1] Before a new Senate and President is in place in January 2021 ◯ [2] After a new Senate and President is in place in January 2021 ◯ [3] Not sure",1,Before a new Senate and President is in place in January 2021,0,3,"Question: [CC20_356a] {single} Regardless of what is actually decided, should the selection of a replacement for Supreme Court Justice Ruth Bader Ginsberg happen...? (Allows one selection) ◯ [1] Before a new Senate and President is in place in January 2021 ◯ [2] After a new Senate and President is in place in January 2021 ◯ [3] Not sure Response option: Before a new Senate and President is in place in January 2021",0.9988555023180928,1.0425849662358304
CC20_356,CC20_356,source_pre,"[CC20_356a] {single} Regardless of what is actually decided, should the selection of a replacement for Supreme Court Justice Ruth Bader Ginsberg happen...? (Allows one selection) ◯ [1] Before a new Senate and President is in place in January 2021 ◯ [2] After a new Senate and President is in place in January 2021 ◯ [3] Not sure",2,After a new Senate and President is in place in January 2021,1,3,"Question: [CC20_356a] {single} Regardless of what is actually decided, should the selection of a replacement for Supreme Court Justice Ruth Bader Ginsberg happen...? (Allows one selection) ◯ [1] Before a new Senate and President is in place in January 2021 ◯ [2] After a new Senate and President is in place in January 2021 ◯ [3] Not sure Response option: After a new Senate and President is in place in January 2021",0.9988555023180928,1.0425849662358304
CC20_356,CC20_356,source_pre,"[CC20_356a] {single} Regardless of what is actually decided, should the selection of a replacement for Supreme Court Justice Ruth Bader Ginsberg happen...? (Allows one selection) ◯ [1] Before a new Senate and President is in place in January 2021 ◯ [2] After a new Senate and President is in place in January 2021 ◯ [3] Not sure",3,Not sure varlabel: None,2,3,"Question: [CC20_356a] {single} Regardless of what is actually decided, should the selection of a replacement for Supreme Court Justice Ruth Bader Ginsberg happen...? (Allows one selection) ◯ [1] Before a new Senate and President is in place in January 2021 ◯ [2] After a new Senate and President is in place in January 2021 ◯ [3] Not sure Response option: Not sure varlabel: None",0.9988555023180928,1.0425849662358304
CC20_356a,CC20_356,source_pre,"[CC20_356a] {single} Regardless of what is actually decided, should the selection of a replacement for Supreme Court Justice Ruth Bader Ginsberg happen...? (Allows one selection) ◯ [1] Before a new Senate and President is in place in January 2021 ◯ [2] After a new Senate and President is in place in January 2021 ◯ [3] Not sure",1,Before a new Senate and President is in place in January 2021,0,3,"Question: [CC20_356a] {single} Regardless of what is actually decided, should the selection of a replacement for Supreme Court Justice Ruth Bader Ginsberg happen...? (Allows one selection) ◯ [1] Before a new Senate and President is in place in January 2021 ◯ [2] After a new Senate and President is in place in January 2021 ◯ [3] Not sure Response option: Before a new Senate and President is in place in January 2021",0.9988942988496828,0.9530178553625792
CC20_356a,CC20_356,source_pre,"[CC20_356a] {single} Regardless of what is actually decided, should the selection of a replacement for Supreme Court Justice Ruth Bader Ginsberg happen...? (Allows one selection) ◯ [1] Before a new Senate and President is in place in January 2021 ◯ [2] After a new Senate and President is in place in January 2021 ◯ [3] Not sure",2,After a new Senate and President is in place in January 2021,1,3,"Question: [CC20_356a] {single} Regardless of what is actually decided, should the selection of a replacement for Supreme Court Justice Ruth Bader Ginsberg happen...? (Allows one selection) ◯ [1] Before a new Senate and President is in place in January 2021 ◯ [2] After a new Senate and President is in place in January 2021 ◯ [3] Not sure Response option: After a new Senate and President is in place in January 2021",0.9988942988496828,0.9530178553625792
CC20_356a,CC20_356,source_pre,"[CC20_356a] {single} Regardless of what is actually decided, should the selection of a replacement for Supreme Court Justice Ruth Bader Ginsberg happen...? (Allows one selection) ◯ [1] Before a new Senate and President is in place in January 2021 ◯ [2] After a new Senate and President is in place in January 2021 ◯ [3] Not sure",3,Not sure varlabel: None,2,3,"Question: [CC20_356a] {single} Regardless of what is actually decided, should the selection of a replacement for Supreme Court Justice Ruth Bader Ginsberg happen...? (Allows one selection) ◯ [1] Before a new Senate and President is in place in January 2021 ◯ [2] After a new Senate and President is in place in January 2021 ◯ [3] Not sure Response option: Not sure varlabel: None",0.9988942988496828,0.9530178553625792
CC20_361,CC20_361,source_pre,[CC20_361] {single} How long have you lived at your present address? (Allows one selection) ◯ [1] Less than 1 month ◯ [2] 2 to 6 months ◯ [3] 7 to 11 months ◯ [4] 1 to 2 years ◯ [5] 3 to 4 years ◯ [6] 5 or more years [urbancity] {single} How would you describe the place where you live? (Allows one selection) ◯ [1] City ◯ [2] Suburb ◯ [3] Town ◯ [4] Rural area ◯ [5] Other,1,Less than 1 month,0,6,Question: [CC20_361] {single} How long have you lived at your present address? (Allows one selection) ◯ [1] Less than 1 month ◯ [2] 2 to 6 months ◯ [3] 7 to 11 months ◯ [4] 1 to 2 years ◯ [5] 3 to 4 years ◯ [6] 5 or more years [urbancity] {single} How would you describe the place where you live? (Allows one selection) ◯ [1] City ◯ [2] Suburb ◯ [3] Town ◯ [4] Rural area ◯ [5] Other Response option: Less than 1 month,0.9986227231285524,1.1349638521113676
CC20_361,CC20_361,source_pre,[CC20_361] {single} How long have you lived at your present address? (Allows one selection) ◯ [1] Less than 1 month ◯ [2] 2 to 6 months ◯ [3] 7 to 11 months ◯ [4] 1 to 2 years ◯ [5] 3 to 4 years ◯ [6] 5 or more years [urbancity] {single} How would you describe the place where you live? (Allows one selection) ◯ [1] City ◯ [2] Suburb ◯ [3] Town ◯ [4] Rural area ◯ [5] Other,2,2 to 6 months,1,6,Question: [CC20_361] {single} How long have you lived at your present address? (Allows one selection) ◯ [1] Less than 1 month ◯ [2] 2 to 6 months ◯ [3] 7 to 11 months ◯ [4] 1 to 2 years ◯ [5] 3 to 4 years ◯ [6] 5 or more years [urbancity] {single} How would you describe the place where you live? (Allows one selection) ◯ [1] City ◯ [2] Suburb ◯ [3] Town ◯ [4] Rural area ◯ [5] Other Response option: 2 to 6 months,0.9986227231285524,1.1349638521113676
CC20_361,CC20_361,source_pre,[CC20_361] {single} How long have you lived at your present address? (Allows one selection) ◯ [1] Less than 1 month ◯ [2] 2 to 6 months ◯ [3] 7 to 11 months ◯ [4] 1 to 2 years ◯ [5] 3 to 4 years ◯ [6] 5 or more years [urbancity] {single} How would you describe the place where you live? (Allows one selection) ◯ [1] City ◯ [2] Suburb ◯ [3] Town ◯ [4] Rural area ◯ [5] Other,3,7 to 11 months,2,6,Question: [CC20_361] {single} How long have you lived at your present address? (Allows one selection) ◯ [1] Less than 1 month ◯ [2] 2 to 6 months ◯ [3] 7 to 11 months ◯ [4] 1 to 2 years ◯ [5] 3 to 4 years ◯ [6] 5 or more years [urbancity] {single} How would you describe the place where you live? (Allows one selection) ◯ [1] City ◯ [2] Suburb ◯ [3] Town ◯ [4] Rural area ◯ [5] Other Response option: 7 to 11 months,0.9986227231285524,1.1349638521113676
CC20_361,CC20_361,source_pre,[CC20_361] {single} How long have you lived at your present address? (Allows one selection) ◯ [1] Less than 1 month ◯ [2] 2 to 6 months ◯ [3] 7 to 11 months ◯ [4] 1 to 2 years ◯ [5] 3 to 4 years ◯ [6] 5 or more years [urbancity] {single} How would you describe the place where you live? (Allows one selection) ◯ [1] City ◯ [2] Suburb ◯ [3] Town ◯ [4] Rural area ◯ [5] Other,4,1 to 2 years,3,6,Question: [CC20_361] {single} How long have you lived at your present address? (Allows one selection) ◯ [1] Less than 1 month ◯ [2] 2 to 6 months ◯ [3] 7 to 11 months ◯ [4] 1 to 2 years ◯ [5] 3 to 4 years ◯ [6] 5 or more years [urbancity] {single} How would you describe the place where you live? (Allows one selection) ◯ [1] City ◯ [2] Suburb ◯ [3] Town ◯ [4] Rural area ◯ [5] Other Response option: 1 to 2 years,0.9986227231285524,1.1349638521113676
CC20_361,CC20_361,source_pre,[CC20_361] {single} How long have you lived at your present address? (Allows one selection) ◯ [1] Less than 1 month ◯ [2] 2 to 6 months ◯ [3] 7 to 11 months ◯ [4] 1 to 2 years ◯ [5] 3 to 4 years ◯ [6] 5 or more years [urbancity] {single} How would you describe the place where you live? (Allows one selection) ◯ [1] City ◯ [2] Suburb ◯ [3] Town ◯ [4] Rural area ◯ [5] Other,5,3 to 4 years,4,6,Question: [CC20_361] {single} How long have you lived at your present address? (Allows one selection) ◯ [1] Less than 1 month ◯ [2] 2 to 6 months ◯ [3] 7 to 11 months ◯ [4] 1 to 2 years ◯ [5] 3 to 4 years ◯ [6] 5 or more years [urbancity] {single} How would you describe the place where you live? (Allows one selection) ◯ [1] City ◯ [2] Suburb ◯ [3] Town ◯ [4] Rural area ◯ [5] Other Response option: 3 to 4 years,0.9986227231285524,1.1349638521113676
CC20_361,CC20_361,source_pre,[CC20_361] {single} How long have you lived at your present address? (Allows one selection) ◯ [1] Less than 1 month ◯ [2] 2 to 6 months ◯ [3] 7 to 11 months ◯ [4] 1 to 2 years ◯ [5] 3 to 4 years ◯ [6] 5 or more years [urbancity] {single} How would you describe the place where you live? (Allows one selection) ◯ [1] City ◯ [2] Suburb ◯ [3] Town ◯ [4] Rural area ◯ [5] Other,6,5 or more years varlabel: None [urbancity] {single} How would you describe the place where you live? (Allows one selection),5,6,Question: [CC20_361] {single} How long have you lived at your present address? (Allows one selection) ◯ [1] Less than 1 month ◯ [2] 2 to 6 months ◯ [3] 7 to 11 months ◯ [4] 1 to 2 years ◯ [5] 3 to 4 years ◯ [6] 5 or more years [urbancity] {single} How would you describe the place where you live? (Allows one selection) ◯ [1] City ◯ [2] Suburb ◯ [3] Town ◯ [4] Rural area ◯ [5] Other Response option: 5 or more years varlabel: None [urbancity] {single} How would you describe the place where you live? (Allows one selection),0.9986227231285524,1.1349638521113676
CC20_363,CC20_363,source_pre,"[CC20_363] {single} Do you intend to vote in the 2020 general election on November 3rd? (Allows one selection) ◯ [1] Yes, definitely ◯ [2] Probably ◯ [3] I already voted (early or absentee) ◯ [4] I plan to vote before November 3rd ◯ [5] No ◯ [6] Undecided",1,"Yes, definitely",0,6,"Question: [CC20_363] {single} Do you intend to vote in the 2020 general election on November 3rd? (Allows one selection) ◯ [1] Yes, definitely ◯ [2] Probably ◯ [3] I already voted (early or absentee) ◯ [4] I plan to vote before November 3rd ◯ [5] No ◯ [6] Undecided Response option: Yes, definitely",0.9991658745708134,1.1535074702103736
CC20_363,CC20_363,source_pre,"[CC20_363] {single} Do you intend to vote in the 2020 general election on November 3rd? (Allows one selection) ◯ [1] Yes, definitely ◯ [2] Probably ◯ [3] I already voted (early or absentee) ◯ [4] I plan to vote before November 3rd ◯ [5] No ◯ [6] Undecided",2,Probably,1,6,"Question: [CC20_363] {single} Do you intend to vote in the 2020 general election on November 3rd? (Allows one selection) ◯ [1] Yes, definitely ◯ [2] Probably ◯ [3] I already voted (early or absentee) ◯ [4] I plan to vote before November 3rd ◯ [5] No ◯ [6] Undecided Response option: Probably",0.9991658745708134,1.1535074702103736
CC20_363,CC20_363,source_pre,"[CC20_363] {single} Do you intend to vote in the 2020 general election on November 3rd? (Allows one selection) ◯ [1] Yes, definitely ◯ [2] Probably ◯ [3] I already voted (early or absentee) ◯ [4] I plan to vote before November 3rd ◯ [5] No ◯ [6] Undecided",3,I already voted (early or absentee),2,6,"Question: [CC20_363] {single} Do you intend to vote in the 2020 general election on November 3rd? (Allows one selection) ◯ [1] Yes, definitely ◯ [2] Probably ◯ [3] I already voted (early or absentee) ◯ [4] I plan to vote before November 3rd ◯ [5] No ◯ [6] Undecided Response option: I already voted (early or absentee)",0.9991658745708134,1.1535074702103736
CC20_363,CC20_363,source_pre,"[CC20_363] {single} Do you intend to vote in the 2020 general election on November 3rd? (Allows one selection) ◯ [1] Yes, definitely ◯ [2] Probably ◯ [3] I already voted (early or absentee) ◯ [4] I plan to vote before November 3rd ◯ [5] No ◯ [6] Undecided",4,I plan to vote before November 3rd,3,6,"Question: [CC20_363] {single} Do you intend to vote in the 2020 general election on November 3rd? (Allows one selection) ◯ [1] Yes, definitely ◯ [2] Probably ◯ [3] I already voted (early or absentee) ◯ [4] I plan to vote before November 3rd ◯ [5] No ◯ [6] Undecided Response option: I plan to vote before November 3rd",0.9991658745708134,1.1535074702103736
CC20_363,CC20_363,source_pre,"[CC20_363] {single} Do you intend to vote in the 2020 general election on November 3rd? (Allows one selection) ◯ [1] Yes, definitely ◯ [2] Probably ◯ [3] I already voted (early or absentee) ◯ [4] I plan to vote before November 3rd ◯ [5] No ◯ [6] Undecided",5,No,4,6,"Question: [CC20_363] {single} Do you intend to vote in the 2020 general election on November 3rd? (Allows one selection) ◯ [1] Yes, definitely ◯ [2] Probably ◯ [3] I already voted (early or absentee) ◯ [4] I plan to vote before November 3rd ◯ [5] No ◯ [6] Undecided Response option: No",0.9991658745708134,1.1535074702103736
CC20_363,CC20_363,source_pre,"[CC20_363] {single} Do you intend to vote in the 2020 general election on November 3rd? (Allows one selection) ◯ [1] Yes, definitely ◯ [2] Probably ◯ [3] I already voted (early or absentee) ◯ [4] I plan to vote before November 3rd ◯ [5] No ◯ [6] Undecided",6,Undecided varlabel: None,5,6,"Question: [CC20_363] {single} Do you intend to vote in the 2020 general election on November 3rd? (Allows one selection) ◯ [1] Yes, definitely ◯ [2] Probably ◯ [3] I already voted (early or absentee) ◯ [4] I plan to vote before November 3rd ◯ [5] No ◯ [6] Undecided Response option: Undecided varlabel: None",0.9991658745708134,1.1535074702103736
CC20_401,CC20_401,target_post,"CC20_401- Show if askvote == 1 or int(statefips) == 38 SINGLE CHOICE Which of the following statements best describes you? in 2020 1 ○ I did not vote in the election this November. 2 ○ I thought about voting this time – but didn't. 3 ○ I usually vote, but didn't this time. 4 ○ I attempted to vote but did not or could not. 5 ○ I definitely voted in the November 2020",1,I did not vote in the election this November.,0,5,"Question: CC20_401- Show if askvote == 1 or int(statefips) == 38 SINGLE CHOICE Which of the following statements best describes you? in 2020 1 ○ I did not vote in the election this November. 2 ○ I thought about voting this time – but didn't. 3 ○ I usually vote, but didn't this time. 4 ○ I attempted to vote but did not or could not. 5 ○ I definitely voted in the November 2020 Response option: I did not vote in the election this November.",0.940078756959128,0.2940879593805904
CC20_401,CC20_401,target_post,"CC20_401- Show if askvote == 1 or int(statefips) == 38 SINGLE CHOICE Which of the following statements best describes you? in 2020 1 ○ I did not vote in the election this November. 2 ○ I thought about voting this time – but didn't. 3 ○ I usually vote, but didn't this time. 4 ○ I attempted to vote but did not or could not. 5 ○ I definitely voted in the November 2020",2,I thought about voting this time – but didn't.,1,5,"Question: CC20_401- Show if askvote == 1 or int(statefips) == 38 SINGLE CHOICE Which of the following statements best describes you? in 2020 1 ○ I did not vote in the election this November. 2 ○ I thought about voting this time – but didn't. 3 ○ I usually vote, but didn't this time. 4 ○ I attempted to vote but did not or could not. 5 ○ I definitely voted in the November 2020 Response option: I thought about voting this time – but didn't.",0.940078756959128,0.2940879593805904
CC20_401,CC20_401,target_post,"CC20_401- Show if askvote == 1 or int(statefips) == 38 SINGLE CHOICE Which of the following statements best describes you? in 2020 1 ○ I did not vote in the election this November. 2 ○ I thought about voting this time – but didn't. 3 ○ I usually vote, but didn't this time. 4 ○ I attempted to vote but did not or could not. 5 ○ I definitely voted in the November 2020",3,"I usually vote, but didn't this time.",2,5,"Question: CC20_401- Show if askvote == 1 or int(statefips) == 38 SINGLE CHOICE Which of the following statements best describes you? in 2020 1 ○ I did not vote in the election this November. 2 ○ I thought about voting this time – but didn't. 3 ○ I usually vote, but didn't this time. 4 ○ I attempted to vote but did not or could not. 5 ○ I definitely voted in the November 2020 Response option: I usually vote, but didn't this time.",0.940078756959128,0.2940879593805904
CC20_401,CC20_401,target_post,"CC20_401- Show if askvote == 1 or int(statefips) == 38 SINGLE CHOICE Which of the following statements best describes you? in 2020 1 ○ I did not vote in the election this November. 2 ○ I thought about voting this time – but didn't. 3 ○ I usually vote, but didn't this time. 4 ○ I attempted to vote but did not or could not. 5 ○ I definitely voted in the November 2020",4,I attempted to vote but did not or could not.,3,5,"Question: CC20_401- Show if askvote == 1 or int(statefips) == 38 SINGLE CHOICE Which of the following statements best describes you? in 2020 1 ○ I did not vote in the election this November. 2 ○ I thought about voting this time – but didn't. 3 ○ I usually vote, but didn't this time. 4 ○ I attempted to vote but did not or could not. 5 ○ I definitely voted in the November 2020 Response option: I attempted to vote but did not or could not.",0.940078756959128,0.2940879593805904
CC20_401,CC20_401,target_post,"CC20_401- Show if askvote == 1 or int(statefips) == 38 SINGLE CHOICE Which of the following statements best describes you? in 2020 1 ○ I did not vote in the election this November. 2 ○ I thought about voting this time – but didn't. 3 ○ I usually vote, but didn't this time. 4 ○ I attempted to vote but did not or could not. 5 ○ I definitely voted in the November 2020",5,I definitely voted in the November 2020,4,5,"Question: CC20_401- Show if askvote == 1 or int(statefips) == 38 SINGLE CHOICE Which of the following statements best describes you? in 2020 1 ○ I did not vote in the election this November. 2 ○ I thought about voting this time – but didn't. 3 ○ I usually vote, but didn't this time. 4 ○ I attempted to vote but did not or could not. 5 ○ I definitely voted in the November 2020 Response option: I definitely voted in the November 2020",0.940078756959128,0.2940879593805904
CC20_403,CC20_403,target_post,"CC20_403- Show if CC20_401 in [4,5] SINGLE CHOICE Did you vote in person _on_ Election Day, in person _before_ Election Day, or by mail (that is, absentee or vote by mail)? in person or by mail 1 ○ In person on election day (Did you vote at a precinct polling place or at a vote center? [CC20_403b]) 2 ○ In person before election day (early) 3 ○ Voted by mail (or absentee) 4 ○ Don't know 8 Skipped 9 Not Asked Page: implicit_page_CC20_403c",1,In person on election day (Did you vote at a precinct polling place or at a vote center? [CC20_403b]),0,4,"Question: CC20_403- Show if CC20_401 in [4,5] SINGLE CHOICE Did you vote in person _on_ Election Day, in person _before_ Election Day, or by mail (that is, absentee or vote by mail)? in person or by mail 1 ○ In person on election day (Did you vote at a precinct polling place or at a vote center? [CC20_403b]) 2 ○ In person before election day (early) 3 ○ Voted by mail (or absentee) 4 ○ Don't know 8 Skipped 9 Not Asked Page: implicit_page_CC20_403c Response option: In person on election day (Did you vote at a precinct polling place or at a vote center? [CC20_403b])",0.8932901398614964,1.08689703379166
CC20_403,CC20_403,target_post,"CC20_403- Show if CC20_401 in [4,5] SINGLE CHOICE Did you vote in person _on_ Election Day, in person _before_ Election Day, or by mail (that is, absentee or vote by mail)? in person or by mail 1 ○ In person on election day (Did you vote at a precinct polling place or at a vote center? [CC20_403b]) 2 ○ In person before election day (early) 3 ○ Voted by mail (or absentee) 4 ○ Don't know 8 Skipped 9 Not Asked Page: implicit_page_CC20_403c",2,In person before election day (early),1,4,"Question: CC20_403- Show if CC20_401 in [4,5] SINGLE CHOICE Did you vote in person _on_ Election Day, in person _before_ Election Day, or by mail (that is, absentee or vote by mail)? in person or by mail 1 ○ In person on election day (Did you vote at a precinct polling place or at a vote center? [CC20_403b]) 2 ○ In person before election day (early) 3 ○ Voted by mail (or absentee) 4 ○ Don't know 8 Skipped 9 Not Asked Page: implicit_page_CC20_403c Response option: In person before election day (early)",0.8932901398614964,1.08689703379166
CC20_403,CC20_403,target_post,"CC20_403- Show if CC20_401 in [4,5] SINGLE CHOICE Did you vote in person _on_ Election Day, in person _before_ Election Day, or by mail (that is, absentee or vote by mail)? in person or by mail 1 ○ In person on election day (Did you vote at a precinct polling place or at a vote center? [CC20_403b]) 2 ○ In person before election day (early) 3 ○ Voted by mail (or absentee) 4 ○ Don't know 8 Skipped 9 Not Asked Page: implicit_page_CC20_403c",3,Voted by mail (or absentee),2,4,"Question: CC20_403- Show if CC20_401 in [4,5] SINGLE CHOICE Did you vote in person _on_ Election Day, in person _before_ Election Day, or by mail (that is, absentee or vote by mail)? in person or by mail 1 ○ In person on election day (Did you vote at a precinct polling place or at a vote center? [CC20_403b]) 2 ○ In person before election day (early) 3 ○ Voted by mail (or absentee) 4 ○ Don't know 8 Skipped 9 Not Asked Page: implicit_page_CC20_403c Response option: Voted by mail (or absentee)",0.8932901398614964,1.08689703379166
CC20_403,CC20_403,target_post,"CC20_403- Show if CC20_401 in [4,5] SINGLE CHOICE Did you vote in person _on_ Election Day, in person _before_ Election Day, or by mail (that is, absentee or vote by mail)? in person or by mail 1 ○ In person on election day (Did you vote at a precinct polling place or at a vote center? [CC20_403b]) 2 ○ In person before election day (early) 3 ○ Voted by mail (or absentee) 4 ○ Don't know 8 Skipped 9 Not Asked Page: implicit_page_CC20_403c",4,Don't know,3,4,"Question: CC20_403- Show if CC20_401 in [4,5] SINGLE CHOICE Did you vote in person _on_ Election Day, in person _before_ Election Day, or by mail (that is, absentee or vote by mail)? in person or by mail 1 ○ In person on election day (Did you vote at a precinct polling place or at a vote center? [CC20_403b]) 2 ○ In person before election day (early) 3 ○ Voted by mail (or absentee) 4 ○ Don't know 8 Skipped 9 Not Asked Page: implicit_page_CC20_403c Response option: Don't know",0.8932901398614964,1.08689703379166
CC20_410,CC20_410,target_post,CC20_410 SINGLE CHOICE For whom did you vote for President of the United States? Pres vote order randomize 1 ○ Joe Biden (Democrat) 2 ○ Donald J. Trump (Republican) 4 ○ Other (open [CC20_410_t]) Not randomized 5 ○ I did not vote in this race Not randomized 6 ○ I did not vote Not randomized 7 ○ Not sure Not randomized 98 Skipped 99 Not Asked Page: implicit_page_CC20_411 CC20_411- Show if (SenCand1Name,1,Joe Biden (Democrat),0,6,Question: CC20_410 SINGLE CHOICE For whom did you vote for President of the United States? Pres vote order randomize 1 ○ Joe Biden (Democrat) 2 ○ Donald J. Trump (Republican) 4 ○ Other (open [CC20_410_t]) Not randomized 5 ○ I did not vote in this race Not randomized 6 ○ I did not vote Not randomized 7 ○ Not sure Not randomized 98 Skipped 99 Not Asked Page: implicit_page_CC20_411 CC20_411- Show if (SenCand1Name Response option: Joe Biden (Democrat),0.8855502318092763,0.8346931356876407
CC20_410,CC20_410,target_post,CC20_410 SINGLE CHOICE For whom did you vote for President of the United States? Pres vote order randomize 1 ○ Joe Biden (Democrat) 2 ○ Donald J. Trump (Republican) 4 ○ Other (open [CC20_410_t]) Not randomized 5 ○ I did not vote in this race Not randomized 6 ○ I did not vote Not randomized 7 ○ Not sure Not randomized 98 Skipped 99 Not Asked Page: implicit_page_CC20_411 CC20_411- Show if (SenCand1Name,2,Donald J. Trump (Republican),1,6,Question: CC20_410 SINGLE CHOICE For whom did you vote for President of the United States? Pres vote order randomize 1 ○ Joe Biden (Democrat) 2 ○ Donald J. Trump (Republican) 4 ○ Other (open [CC20_410_t]) Not randomized 5 ○ I did not vote in this race Not randomized 6 ○ I did not vote Not randomized 7 ○ Not sure Not randomized 98 Skipped 99 Not Asked Page: implicit_page_CC20_411 CC20_411- Show if (SenCand1Name Response option: Donald J. Trump (Republican),0.8855502318092763,0.8346931356876407
CC20_410,CC20_410,target_post,CC20_410 SINGLE CHOICE For whom did you vote for President of the United States? Pres vote order randomize 1 ○ Joe Biden (Democrat) 2 ○ Donald J. Trump (Republican) 4 ○ Other (open [CC20_410_t]) Not randomized 5 ○ I did not vote in this race Not randomized 6 ○ I did not vote Not randomized 7 ○ Not sure Not randomized 98 Skipped 99 Not Asked Page: implicit_page_CC20_411 CC20_411- Show if (SenCand1Name,4,Other (open [CC20_410_t]) Not randomized,2,6,Question: CC20_410 SINGLE CHOICE For whom did you vote for President of the United States? Pres vote order randomize 1 ○ Joe Biden (Democrat) 2 ○ Donald J. Trump (Republican) 4 ○ Other (open [CC20_410_t]) Not randomized 5 ○ I did not vote in this race Not randomized 6 ○ I did not vote Not randomized 7 ○ Not sure Not randomized 98 Skipped 99 Not Asked Page: implicit_page_CC20_411 CC20_411- Show if (SenCand1Name Response option: Other (open [CC20_410_t]) Not randomized,0.8855502318092763,0.8346931356876407
CC20_410,CC20_410,target_post,CC20_410 SINGLE CHOICE For whom did you vote for President of the United States? Pres vote order randomize 1 ○ Joe Biden (Democrat) 2 ○ Donald J. Trump (Republican) 4 ○ Other (open [CC20_410_t]) Not randomized 5 ○ I did not vote in this race Not randomized 6 ○ I did not vote Not randomized 7 ○ Not sure Not randomized 98 Skipped 99 Not Asked Page: implicit_page_CC20_411 CC20_411- Show if (SenCand1Name,5,I did not vote in this race Not randomized,3,6,Question: CC20_410 SINGLE CHOICE For whom did you vote for President of the United States? Pres vote order randomize 1 ○ Joe Biden (Democrat) 2 ○ Donald J. Trump (Republican) 4 ○ Other (open [CC20_410_t]) Not randomized 5 ○ I did not vote in this race Not randomized 6 ○ I did not vote Not randomized 7 ○ Not sure Not randomized 98 Skipped 99 Not Asked Page: implicit_page_CC20_411 CC20_411- Show if (SenCand1Name Response option: I did not vote in this race Not randomized,0.8855502318092763,0.8346931356876407
CC20_410,CC20_410,target_post,CC20_410 SINGLE CHOICE For whom did you vote for President of the United States? Pres vote order randomize 1 ○ Joe Biden (Democrat) 2 ○ Donald J. Trump (Republican) 4 ○ Other (open [CC20_410_t]) Not randomized 5 ○ I did not vote in this race Not randomized 6 ○ I did not vote Not randomized 7 ○ Not sure Not randomized 98 Skipped 99 Not Asked Page: implicit_page_CC20_411 CC20_411- Show if (SenCand1Name,6,I did not vote Not randomized,4,6,Question: CC20_410 SINGLE CHOICE For whom did you vote for President of the United States? Pres vote order randomize 1 ○ Joe Biden (Democrat) 2 ○ Donald J. Trump (Republican) 4 ○ Other (open [CC20_410_t]) Not randomized 5 ○ I did not vote in this race Not randomized 6 ○ I did not vote Not randomized 7 ○ Not sure Not randomized 98 Skipped 99 Not Asked Page: implicit_page_CC20_411 CC20_411- Show if (SenCand1Name Response option: I did not vote Not randomized,0.8855502318092763,0.8346931356876407
CC20_410,CC20_410,target_post,CC20_410 SINGLE CHOICE For whom did you vote for President of the United States? Pres vote order randomize 1 ○ Joe Biden (Democrat) 2 ○ Donald J. Trump (Republican) 4 ○ Other (open [CC20_410_t]) Not randomized 5 ○ I did not vote in this race Not randomized 6 ○ I did not vote Not randomized 7 ○ Not sure Not randomized 98 Skipped 99 Not Asked Page: implicit_page_CC20_411 CC20_411- Show if (SenCand1Name,7,Not sure Not randomized,5,6,Question: CC20_410 SINGLE CHOICE For whom did you vote for President of the United States? Pres vote order randomize 1 ○ Joe Biden (Democrat) 2 ○ Donald J. Trump (Republican) 4 ○ Other (open [CC20_410_t]) Not randomized 5 ○ I did not vote in this race Not randomized 6 ○ I did not vote Not randomized 7 ○ Not sure Not randomized 98 Skipped 99 Not Asked Page: implicit_page_CC20_411 CC20_411- Show if (SenCand1Name Response option: Not sure Not randomized,0.8855502318092763,0.8346931356876407
CC20_431a,CC20_431,target_post,Show if 6 in CC20_430a OPEN INTEGER TEXTBOX Approximately how much did you contribute to all candidates and committees over the last year? contribute to all candidates/committees min 1 max 1000000 left &dollar; Page: implicit_page_CC20_431a CC20_431a SINGLE CHOICE Did a candidate or political campaign organization contact you during the 2020 election? run for elective office 1 ○ Yes 2 ○ No 8 Skipped 9 Not Asked Page: implicit_page_CC20_431b CC20_431b- Show if CC20_431a == 1 MULTIPLE CHOICE How did these candidates or campaigns contact you? Check all that apply. for office 1 □ In person 2 □ Phone call,1,Yes,0,2,Question: Show if 6 in CC20_430a OPEN INTEGER TEXTBOX Approximately how much did you contribute to all candidates and committees over the last year? contribute to all candidates/committees min 1 max 1000000 left &dollar; Page: implicit_page_CC20_431a CC20_431a SINGLE CHOICE Did a candidate or political campaign organization contact you during the 2020 election? run for elective office 1 ○ Yes 2 ○ No 8 Skipped 9 Not Asked Page: implicit_page_CC20_431b CC20_431b- Show if CC20_431a == 1 MULTIPLE CHOICE How did these candidates or campaigns contact you? Check all that apply. for office 1 □ In person 2 □ Phone call Response option: Yes,0.9986421213943474,0.6574293619214674
CC20_431a,CC20_431,target_post,Show if 6 in CC20_430a OPEN INTEGER TEXTBOX Approximately how much did you contribute to all candidates and committees over the last year? contribute to all candidates/committees min 1 max 1000000 left &dollar; Page: implicit_page_CC20_431a CC20_431a SINGLE CHOICE Did a candidate or political campaign organization contact you during the 2020 election? run for elective office 1 ○ Yes 2 ○ No 8 Skipped 9 Not Asked Page: implicit_page_CC20_431b CC20_431b- Show if CC20_431a == 1 MULTIPLE CHOICE How did these candidates or campaigns contact you? Check all that apply. for office 1 □ In person 2 □ Phone call,2,No,1,2,Question: Show if 6 in CC20_430a OPEN INTEGER TEXTBOX Approximately how much did you contribute to all candidates and committees over the last year? contribute to all candidates/committees min 1 max 1000000 left &dollar; Page: implicit_page_CC20_431a CC20_431a SINGLE CHOICE Did a candidate or political campaign organization contact you during the 2020 election? run for elective office 1 ○ Yes 2 ○ No 8 Skipped 9 Not Asked Page: implicit_page_CC20_431b CC20_431b- Show if CC20_431a == 1 MULTIPLE CHOICE How did these candidates or campaigns contact you? Check all that apply. for office 1 □ In person 2 □ Phone call Response option: No,0.9986421213943474,0.6574293619214674
CC20_433a,CC20_433,target_post,[CC20_433_t]) 8 Skipped 9 Not Asked Page: implicit_page_CC20_433_dem CC20_433_dem- Show if CC20_433a==1 SINGLE CHOICE Would you call yourself a strong Democrat or not so strong Democrat?,1,Democrat,0,4,Question: [CC20_433_t]) 8 Skipped 9 Not Asked Page: implicit_page_CC20_433_dem CC20_433_dem- Show if CC20_433a==1 SINGLE CHOICE Would you call yourself a strong Democrat or not so strong Democrat? Response option: Democrat,1.0,1.22364132788346
CC20_433a,CC20_433,target_post,[CC20_433_t]) 8 Skipped 9 Not Asked Page: implicit_page_CC20_433_dem CC20_433_dem- Show if CC20_433a==1 SINGLE CHOICE Would you call yourself a strong Democrat or not so strong Democrat?,2,Republican,1,4,Question: [CC20_433_t]) 8 Skipped 9 Not Asked Page: implicit_page_CC20_433_dem CC20_433_dem- Show if CC20_433a==1 SINGLE CHOICE Would you call yourself a strong Democrat or not so strong Democrat? Response option: Republican,1.0,1.22364132788346
CC20_433a,CC20_433,target_post,[CC20_433_t]) 8 Skipped 9 Not Asked Page: implicit_page_CC20_433_dem CC20_433_dem- Show if CC20_433a==1 SINGLE CHOICE Would you call yourself a strong Democrat or not so strong Democrat?,3,Independent,2,4,Question: [CC20_433_t]) 8 Skipped 9 Not Asked Page: implicit_page_CC20_433_dem CC20_433_dem- Show if CC20_433a==1 SINGLE CHOICE Would you call yourself a strong Democrat or not so strong Democrat? Response option: Independent,1.0,1.22364132788346
CC20_433a,CC20_433,target_post,[CC20_433_t]) 8 Skipped 9 Not Asked Page: implicit_page_CC20_433_dem CC20_433_dem- Show if CC20_433a==1 SINGLE CHOICE Would you call yourself a strong Democrat or not so strong Democrat?,4,Other (open [CC20_433_t]),3,4,Question: [CC20_433_t]) 8 Skipped 9 Not Asked Page: implicit_page_CC20_433_dem CC20_433_dem- Show if CC20_433a==1 SINGLE CHOICE Would you call yourself a strong Democrat or not so strong Democrat? Response option: Other (open [CC20_433_t]),1.0,1.22364132788346
CC20_440a,CC20_440,target_post,"8 ○ Not sure 98 Skipped 99 Not Asked Page: implicit_page_CC20_440_grid CC20_440_grid DYNAMIC GRID Do you agree or disagree with the following statements? /Sexual agreement ROWS CC20_440a White people in the U.S. have certain advantages because of the color of their skin. CC20_440b Racial problems in the U.S. are rare, isolated situations. CC20_440c Women seek to gain power by getting control over men. CC20_440d Women are too easily offended. COLUMNS 1 ○ Strongly agree 2 ○ Somewhat agree 3 ○ Neither agree nor disagree 4 ○ Somewhat disagree 5 ○ Strongly disagree",1,Strongly agree,0,5,"Question: 8 ○ Not sure 98 Skipped 99 Not Asked Page: implicit_page_CC20_440_grid CC20_440_grid DYNAMIC GRID Do you agree or disagree with the following statements? /Sexual agreement ROWS CC20_440a White people in the U.S. have certain advantages because of the color of their skin. CC20_440b Racial problems in the U.S. are rare, isolated situations. CC20_440c Women seek to gain power by getting control over men. CC20_440d Women are too easily offended. COLUMNS 1 ○ Strongly agree 2 ○ Somewhat agree 3 ○ Neither agree nor disagree 4 ○ Somewhat disagree 5 ○ Strongly disagree Response option: Strongly agree",0.999437450291944,1.5196935910291782
CC20_440a,CC20_440,target_post,"8 ○ Not sure 98 Skipped 99 Not Asked Page: implicit_page_CC20_440_grid CC20_440_grid DYNAMIC GRID Do you agree or disagree with the following statements? /Sexual agreement ROWS CC20_440a White people in the U.S. have certain advantages because of the color of their skin. CC20_440b Racial problems in the U.S. are rare, isolated situations. CC20_440c Women seek to gain power by getting control over men. CC20_440d Women are too easily offended. COLUMNS 1 ○ Strongly agree 2 ○ Somewhat agree 3 ○ Neither agree nor disagree 4 ○ Somewhat disagree 5 ○ Strongly disagree",2,Somewhat agree,1,5,"Question: 8 ○ Not sure 98 Skipped 99 Not Asked Page: implicit_page_CC20_440_grid CC20_440_grid DYNAMIC GRID Do you agree or disagree with the following statements? /Sexual agreement ROWS CC20_440a White people in the U.S. have certain advantages because of the color of their skin. CC20_440b Racial problems in the U.S. are rare, isolated situations. CC20_440c Women seek to gain power by getting control over men. CC20_440d Women are too easily offended. COLUMNS 1 ○ Strongly agree 2 ○ Somewhat agree 3 ○ Neither agree nor disagree 4 ○ Somewhat disagree 5 ○ Strongly disagree Response option: Somewhat agree",0.999437450291944,1.5196935910291782
CC20_440a,CC20_440,target_post,"8 ○ Not sure 98 Skipped 99 Not Asked Page: implicit_page_CC20_440_grid CC20_440_grid DYNAMIC GRID Do you agree or disagree with the following statements? /Sexual agreement ROWS CC20_440a White people in the U.S. have certain advantages because of the color of their skin. CC20_440b Racial problems in the U.S. are rare, isolated situations. CC20_440c Women seek to gain power by getting control over men. CC20_440d Women are too easily offended. COLUMNS 1 ○ Strongly agree 2 ○ Somewhat agree 3 ○ Neither agree nor disagree 4 ○ Somewhat disagree 5 ○ Strongly disagree",3,Neither agree nor disagree,2,5,"Question: 8 ○ Not sure 98 Skipped 99 Not Asked Page: implicit_page_CC20_440_grid CC20_440_grid DYNAMIC GRID Do you agree or disagree with the following statements? /Sexual agreement ROWS CC20_440a White people in the U.S. have certain advantages because of the color of their skin. CC20_440b Racial problems in the U.S. are rare, isolated situations. CC20_440c Women seek to gain power by getting control over men. CC20_440d Women are too easily offended. COLUMNS 1 ○ Strongly agree 2 ○ Somewhat agree 3 ○ Neither agree nor disagree 4 ○ Somewhat disagree 5 ○ Strongly disagree Response option: Neither agree nor disagree",0.999437450291944,1.5196935910291782
CC20_440a,CC20_440,target_post,"8 ○ Not sure 98 Skipped 99 Not Asked Page: implicit_page_CC20_440_grid CC20_440_grid DYNAMIC GRID Do you agree or disagree with the following statements? /Sexual agreement ROWS CC20_440a White people in the U.S. have certain advantages because of the color of their skin. CC20_440b Racial problems in the U.S. are rare, isolated situations. CC20_440c Women seek to gain power by getting control over men. CC20_440d Women are too easily offended. COLUMNS 1 ○ Strongly agree 2 ○ Somewhat agree 3 ○ Neither agree nor disagree 4 ○ Somewhat disagree 5 ○ Strongly disagree",4,Somewhat disagree,3,5,"Question: 8 ○ Not sure 98 Skipped 99 Not Asked Page: implicit_page_CC20_440_grid CC20_440_grid DYNAMIC GRID Do you agree or disagree with the following statements? /Sexual agreement ROWS CC20_440a White people in the U.S. have certain advantages because of the color of their skin. CC20_440b Racial problems in the U.S. are rare, isolated situations. CC20_440c Women seek to gain power by getting control over men. CC20_440d Women are too easily offended. COLUMNS 1 ○ Strongly agree 2 ○ Somewhat agree 3 ○ Neither agree nor disagree 4 ○ Somewhat disagree 5 ○ Strongly disagree Response option: Somewhat disagree",0.999437450291944,1.5196935910291782
CC20_440a,CC20_440,target_post,"8 ○ Not sure 98 Skipped 99 Not Asked Page: implicit_page_CC20_440_grid CC20_440_grid DYNAMIC GRID Do you agree or disagree with the following statements? /Sexual agreement ROWS CC20_440a White people in the U.S. have certain advantages because of the color of their skin. CC20_440b Racial problems in the U.S. are rare, isolated situations. CC20_440c Women seek to gain power by getting control over men. CC20_440d Women are too easily offended. COLUMNS 1 ○ Strongly agree 2 ○ Somewhat agree 3 ○ Neither agree nor disagree 4 ○ Somewhat disagree 5 ○ Strongly disagree",5,Strongly disagree,4,5,"Question: 8 ○ Not sure 98 Skipped 99 Not Asked Page: implicit_page_CC20_440_grid CC20_440_grid DYNAMIC GRID Do you agree or disagree with the following statements? /Sexual agreement ROWS CC20_440a White people in the U.S. have certain advantages because of the color of their skin. CC20_440b Racial problems in the U.S. are rare, isolated situations. CC20_440c Women seek to gain power by getting control over men. CC20_440d Women are too easily offended. COLUMNS 1 ○ Strongly agree 2 ○ Somewhat agree 3 ○ Neither agree nor disagree 4 ○ Somewhat disagree 5 ○ Strongly disagree Response option: Strongly disagree",0.999437450291944,1.5196935910291782
CC20_440b,CC20_440,target_post,"99 Not Asked Page: implicit_page_CC20_440_grid CC20_440_grid DYNAMIC GRID Do you agree or disagree with the following statements? /Sexual agreement ROWS CC20_440a White people in the U.S. have certain advantages because of the color of their skin. CC20_440b Racial problems in the U.S. are rare, isolated situations. CC20_440c Women seek to gain power by getting control over men. CC20_440d Women are too easily offended. COLUMNS 1 ○ Strongly agree 2 ○ Somewhat agree 3 ○ Neither agree nor disagree 4 ○ Somewhat disagree 5 ○ Strongly disagree 8 Skipped 9 Not Asked",1,Strongly agree,0,5,"Question: 99 Not Asked Page: implicit_page_CC20_440_grid CC20_440_grid DYNAMIC GRID Do you agree or disagree with the following statements? /Sexual agreement ROWS CC20_440a White people in the U.S. have certain advantages because of the color of their skin. CC20_440b Racial problems in the U.S. are rare, isolated situations. CC20_440c Women seek to gain power by getting control over men. CC20_440d Women are too easily offended. COLUMNS 1 ○ Strongly agree 2 ○ Somewhat agree 3 ○ Neither agree nor disagree 4 ○ Somewhat disagree 5 ○ Strongly disagree 8 Skipped 9 Not Asked Response option: Strongly agree",0.9753448041745068,1.4821873365804747
CC20_440b,CC20_440,target_post,"99 Not Asked Page: implicit_page_CC20_440_grid CC20_440_grid DYNAMIC GRID Do you agree or disagree with the following statements? /Sexual agreement ROWS CC20_440a White people in the U.S. have certain advantages because of the color of their skin. CC20_440b Racial problems in the U.S. are rare, isolated situations. CC20_440c Women seek to gain power by getting control over men. CC20_440d Women are too easily offended. COLUMNS 1 ○ Strongly agree 2 ○ Somewhat agree 3 ○ Neither agree nor disagree 4 ○ Somewhat disagree 5 ○ Strongly disagree 8 Skipped 9 Not Asked",2,Somewhat agree,1,5,"Question: 99 Not Asked Page: implicit_page_CC20_440_grid CC20_440_grid DYNAMIC GRID Do you agree or disagree with the following statements? /Sexual agreement ROWS CC20_440a White people in the U.S. have certain advantages because of the color of their skin. CC20_440b Racial problems in the U.S. are rare, isolated situations. CC20_440c Women seek to gain power by getting control over men. CC20_440d Women are too easily offended. COLUMNS 1 ○ Strongly agree 2 ○ Somewhat agree 3 ○ Neither agree nor disagree 4 ○ Somewhat disagree 5 ○ Strongly disagree 8 Skipped 9 Not Asked Response option: Somewhat agree",0.9753448041745068,1.4821873365804747
CC20_440b,CC20_440,target_post,"99 Not Asked Page: implicit_page_CC20_440_grid CC20_440_grid DYNAMIC GRID Do you agree or disagree with the following statements? /Sexual agreement ROWS CC20_440a White people in the U.S. have certain advantages because of the color of their skin. CC20_440b Racial problems in the U.S. are rare, isolated situations. CC20_440c Women seek to gain power by getting control over men. CC20_440d Women are too easily offended. COLUMNS 1 ○ Strongly agree 2 ○ Somewhat agree 3 ○ Neither agree nor disagree 4 ○ Somewhat disagree 5 ○ Strongly disagree 8 Skipped 9 Not Asked",3,Neither agree nor disagree,2,5,"Question: 99 Not Asked Page: implicit_page_CC20_440_grid CC20_440_grid DYNAMIC GRID Do you agree or disagree with the following statements? /Sexual agreement ROWS CC20_440a White people in the U.S. have certain advantages because of the color of their skin. CC20_440b Racial problems in the U.S. are rare, isolated situations. CC20_440c Women seek to gain power by getting control over men. CC20_440d Women are too easily offended. COLUMNS 1 ○ Strongly agree 2 ○ Somewhat agree 3 ○ Neither agree nor disagree 4 ○ Somewhat disagree 5 ○ Strongly disagree 8 Skipped 9 Not Asked Response option: Neither agree nor disagree",0.9753448041745068,1.4821873365804747
CC20_440b,CC20_440,target_post,"99 Not Asked Page: implicit_page_CC20_440_grid CC20_440_grid DYNAMIC GRID Do you agree or disagree with the following statements? /Sexual agreement ROWS CC20_440a White people in the U.S. have certain advantages because of the color of their skin. CC20_440b Racial problems in the U.S. are rare, isolated situations. CC20_440c Women seek to gain power by getting control over men. CC20_440d Women are too easily offended. COLUMNS 1 ○ Strongly agree 2 ○ Somewhat agree 3 ○ Neither agree nor disagree 4 ○ Somewhat disagree 5 ○ Strongly disagree 8 Skipped 9 Not Asked",4,Somewhat disagree,3,5,"Question: 99 Not Asked Page: implicit_page_CC20_440_grid CC20_440_grid DYNAMIC GRID Do you agree or disagree with the following statements? /Sexual agreement ROWS CC20_440a White people in the U.S. have certain advantages because of the color of their skin. CC20_440b Racial problems in the U.S. are rare, isolated situations. CC20_440c Women seek to gain power by getting control over men. CC20_440d Women are too easily offended. COLUMNS 1 ○ Strongly agree 2 ○ Somewhat agree 3 ○ Neither agree nor disagree 4 ○ Somewhat disagree 5 ○ Strongly disagree 8 Skipped 9 Not Asked Response option: Somewhat disagree",0.9753448041745068,1.4821873365804747
CC20_440b,CC20_440,target_post,"99 Not Asked Page: implicit_page_CC20_440_grid CC20_440_grid DYNAMIC GRID Do you agree or disagree with the following statements? /Sexual agreement ROWS CC20_440a White people in the U.S. have certain advantages because of the color of their skin. CC20_440b Racial problems in the U.S. are rare, isolated situations. CC20_440c Women seek to gain power by getting control over men. CC20_440d Women are too easily offended. COLUMNS 1 ○ Strongly agree 2 ○ Somewhat agree 3 ○ Neither agree nor disagree 4 ○ Somewhat disagree 5 ○ Strongly disagree 8 Skipped 9 Not Asked",5,Strongly disagree,4,5,"Question: 99 Not Asked Page: implicit_page_CC20_440_grid CC20_440_grid DYNAMIC GRID Do you agree or disagree with the following statements? /Sexual agreement ROWS CC20_440a White people in the U.S. have certain advantages because of the color of their skin. CC20_440b Racial problems in the U.S. are rare, isolated situations. CC20_440c Women seek to gain power by getting control over men. CC20_440d Women are too easily offended. COLUMNS 1 ○ Strongly agree 2 ○ Somewhat agree 3 ○ Neither agree nor disagree 4 ○ Somewhat disagree 5 ○ Strongly disagree 8 Skipped 9 Not Asked Response option: Strongly disagree",0.9753448041745068,1.4821873365804747
CC20_440c,CC20_440,target_post,"Page: implicit_page_CC20_440_grid CC20_440_grid DYNAMIC GRID Do you agree or disagree with the following statements? /Sexual agreement ROWS CC20_440a White people in the U.S. have certain advantages because of the color of their skin. CC20_440b Racial problems in the U.S. are rare, isolated situations. CC20_440c Women seek to gain power by getting control over men. CC20_440d Women are too easily offended. COLUMNS 1 ○ Strongly agree 2 ○ Somewhat agree 3 ○ Neither agree nor disagree 4 ○ Somewhat disagree 5 ○ Strongly disagree 8 Skipped 9 Not Asked",1,Strongly agree,0,5,"Question: Page: implicit_page_CC20_440_grid CC20_440_grid DYNAMIC GRID Do you agree or disagree with the following statements? /Sexual agreement ROWS CC20_440a White people in the U.S. have certain advantages because of the color of their skin. CC20_440b Racial problems in the U.S. are rare, isolated situations. CC20_440c Women seek to gain power by getting control over men. CC20_440d Women are too easily offended. COLUMNS 1 ○ Strongly agree 2 ○ Somewhat agree 3 ○ Neither agree nor disagree 4 ○ Somewhat disagree 5 ○ Strongly disagree 8 Skipped 9 Not Asked Response option: Strongly agree",0.994859459564315,1.462667054432695
CC20_440c,CC20_440,target_post,"Page: implicit_page_CC20_440_grid CC20_440_grid DYNAMIC GRID Do you agree or disagree with the following statements? /Sexual agreement ROWS CC20_440a White people in the U.S. have certain advantages because of the color of their skin. CC20_440b Racial problems in the U.S. are rare, isolated situations. CC20_440c Women seek to gain power by getting control over men. CC20_440d Women are too easily offended. COLUMNS 1 ○ Strongly agree 2 ○ Somewhat agree 3 ○ Neither agree nor disagree 4 ○ Somewhat disagree 5 ○ Strongly disagree 8 Skipped 9 Not Asked",2,Somewhat agree,1,5,"Question: Page: implicit_page_CC20_440_grid CC20_440_grid DYNAMIC GRID Do you agree or disagree with the following statements? /Sexual agreement ROWS CC20_440a White people in the U.S. have certain advantages because of the color of their skin. CC20_440b Racial problems in the U.S. are rare, isolated situations. CC20_440c Women seek to gain power by getting control over men. CC20_440d Women are too easily offended. COLUMNS 1 ○ Strongly agree 2 ○ Somewhat agree 3 ○ Neither agree nor disagree 4 ○ Somewhat disagree 5 ○ Strongly disagree 8 Skipped 9 Not Asked Response option: Somewhat agree",0.994859459564315,1.462667054432695
CC20_440c,CC20_440,target_post,"Page: implicit_page_CC20_440_grid CC20_440_grid DYNAMIC GRID Do you agree or disagree with the following statements? /Sexual agreement ROWS CC20_440a White people in the U.S. have certain advantages because of the color of their skin. CC20_440b Racial problems in the U.S. are rare, isolated situations. CC20_440c Women seek to gain power by getting control over men. CC20_440d Women are too easily offended. COLUMNS 1 ○ Strongly agree 2 ○ Somewhat agree 3 ○ Neither agree nor disagree 4 ○ Somewhat disagree 5 ○ Strongly disagree 8 Skipped 9 Not Asked",3,Neither agree nor disagree,2,5,"Question: Page: implicit_page_CC20_440_grid CC20_440_grid DYNAMIC GRID Do you agree or disagree with the following statements? /Sexual agreement ROWS CC20_440a White people in the U.S. have certain advantages because of the color of their skin. CC20_440b Racial problems in the U.S. are rare, isolated situations. CC20_440c Women seek to gain power by getting control over men. CC20_440d Women are too easily offended. COLUMNS 1 ○ Strongly agree 2 ○ Somewhat agree 3 ○ Neither agree nor disagree 4 ○ Somewhat disagree 5 ○ Strongly disagree 8 Skipped 9 Not Asked Response option: Neither agree nor disagree",0.994859459564315,1.462667054432695
CC20_440c,CC20_440,target_post,"Page: implicit_page_CC20_440_grid CC20_440_grid DYNAMIC GRID Do you agree or disagree with the following statements? /Sexual agreement ROWS CC20_440a White people in the U.S. have certain advantages because of the color of their skin. CC20_440b Racial problems in the U.S. are rare, isolated situations. CC20_440c Women seek to gain power by getting control over men. CC20_440d Women are too easily offended. COLUMNS 1 ○ Strongly agree 2 ○ Somewhat agree 3 ○ Neither agree nor disagree 4 ○ Somewhat disagree 5 ○ Strongly disagree 8 Skipped 9 Not Asked",4,Somewhat disagree,3,5,"Question: Page: implicit_page_CC20_440_grid CC20_440_grid DYNAMIC GRID Do you agree or disagree with the following statements? /Sexual agreement ROWS CC20_440a White people in the U.S. have certain advantages because of the color of their skin. CC20_440b Racial problems in the U.S. are rare, isolated situations. CC20_440c Women seek to gain power by getting control over men. CC20_440d Women are too easily offended. COLUMNS 1 ○ Strongly agree 2 ○ Somewhat agree 3 ○ Neither agree nor disagree 4 ○ Somewhat disagree 5 ○ Strongly disagree 8 Skipped 9 Not Asked Response option: Somewhat disagree",0.994859459564315,1.462667054432695
CC20_440c,CC20_440,target_post,"Page: implicit_page_CC20_440_grid CC20_440_grid DYNAMIC GRID Do you agree or disagree with the following statements? /Sexual agreement ROWS CC20_440a White people in the U.S. have certain advantages because of the color of their skin. CC20_440b Racial problems in the U.S. are rare, isolated situations. CC20_440c Women seek to gain power by getting control over men. CC20_440d Women are too easily offended. COLUMNS 1 ○ Strongly agree 2 ○ Somewhat agree 3 ○ Neither agree nor disagree 4 ○ Somewhat disagree 5 ○ Strongly disagree 8 Skipped 9 Not Asked",5,Strongly disagree,4,5,"Question: Page: implicit_page_CC20_440_grid CC20_440_grid DYNAMIC GRID Do you agree or disagree with the following statements? /Sexual agreement ROWS CC20_440a White people in the U.S. have certain advantages because of the color of their skin. CC20_440b Racial problems in the U.S. are rare, isolated situations. CC20_440c Women seek to gain power by getting control over men. CC20_440d Women are too easily offended. COLUMNS 1 ○ Strongly agree 2 ○ Somewhat agree 3 ○ Neither agree nor disagree 4 ○ Somewhat disagree 5 ○ Strongly disagree 8 Skipped 9 Not Asked Response option: Strongly disagree",0.994859459564315,1.462667054432695
CC20_440d,CC20_440,target_post,"CC20_440_grid DYNAMIC GRID Do you agree or disagree with the following statements? /Sexual agreement ROWS CC20_440a White people in the U.S. have certain advantages because of the color of their skin. CC20_440b Racial problems in the U.S. are rare, isolated situations. CC20_440c Women seek to gain power by getting control over men. CC20_440d Women are too easily offended. COLUMNS 1 ○ Strongly agree 2 ○ Somewhat agree 3 ○ Neither agree nor disagree 4 ○ Somewhat disagree 5 ○ Strongly disagree 8 Skipped 9 Not Asked",1,Strongly agree,0,5,"Question: CC20_440_grid DYNAMIC GRID Do you agree or disagree with the following statements? /Sexual agreement ROWS CC20_440a White people in the U.S. have certain advantages because of the color of their skin. CC20_440b Racial problems in the U.S. are rare, isolated situations. CC20_440c Women seek to gain power by getting control over men. CC20_440d Women are too easily offended. COLUMNS 1 ○ Strongly agree 2 ○ Somewhat agree 3 ○ Neither agree nor disagree 4 ○ Somewhat disagree 5 ○ Strongly disagree 8 Skipped 9 Not Asked Response option: Strongly agree",0.9947236717037496,1.55926568647491
CC20_440d,CC20_440,target_post,"CC20_440_grid DYNAMIC GRID Do you agree or disagree with the following statements? /Sexual agreement ROWS CC20_440a White people in the U.S. have certain advantages because of the color of their skin. CC20_440b Racial problems in the U.S. are rare, isolated situations. CC20_440c Women seek to gain power by getting control over men. CC20_440d Women are too easily offended. COLUMNS 1 ○ Strongly agree 2 ○ Somewhat agree 3 ○ Neither agree nor disagree 4 ○ Somewhat disagree 5 ○ Strongly disagree 8 Skipped 9 Not Asked",2,Somewhat agree,1,5,"Question: CC20_440_grid DYNAMIC GRID Do you agree or disagree with the following statements? /Sexual agreement ROWS CC20_440a White people in the U.S. have certain advantages because of the color of their skin. CC20_440b Racial problems in the U.S. are rare, isolated situations. CC20_440c Women seek to gain power by getting control over men. CC20_440d Women are too easily offended. COLUMNS 1 ○ Strongly agree 2 ○ Somewhat agree 3 ○ Neither agree nor disagree 4 ○ Somewhat disagree 5 ○ Strongly disagree 8 Skipped 9 Not Asked Response option: Somewhat agree",0.9947236717037496,1.55926568647491
CC20_440d,CC20_440,target_post,"CC20_440_grid DYNAMIC GRID Do you agree or disagree with the following statements? /Sexual agreement ROWS CC20_440a White people in the U.S. have certain advantages because of the color of their skin. CC20_440b Racial problems in the U.S. are rare, isolated situations. CC20_440c Women seek to gain power by getting control over men. CC20_440d Women are too easily offended. COLUMNS 1 ○ Strongly agree 2 ○ Somewhat agree 3 ○ Neither agree nor disagree 4 ○ Somewhat disagree 5 ○ Strongly disagree 8 Skipped 9 Not Asked",3,Neither agree nor disagree,2,5,"Question: CC20_440_grid DYNAMIC GRID Do you agree or disagree with the following statements? /Sexual agreement ROWS CC20_440a White people in the U.S. have certain advantages because of the color of their skin. CC20_440b Racial problems in the U.S. are rare, isolated situations. CC20_440c Women seek to gain power by getting control over men. CC20_440d Women are too easily offended. COLUMNS 1 ○ Strongly agree 2 ○ Somewhat agree 3 ○ Neither agree nor disagree 4 ○ Somewhat disagree 5 ○ Strongly disagree 8 Skipped 9 Not Asked Response option: Neither agree nor disagree",0.9947236717037496,1.55926568647491
CC20_440d,CC20_440,target_post,"CC20_440_grid DYNAMIC GRID Do you agree or disagree with the following statements? /Sexual agreement ROWS CC20_440a White people in the U.S. have certain advantages because of the color of their skin. CC20_440b Racial problems in the U.S. are rare, isolated situations. CC20_440c Women seek to gain power by getting control over men. CC20_440d Women are too easily offended. COLUMNS 1 ○ Strongly agree 2 ○ Somewhat agree 3 ○ Neither agree nor disagree 4 ○ Somewhat disagree 5 ○ Strongly disagree 8 Skipped 9 Not Asked",4,Somewhat disagree,3,5,"Question: CC20_440_grid DYNAMIC GRID Do you agree or disagree with the following statements? /Sexual agreement ROWS CC20_440a White people in the U.S. have certain advantages because of the color of their skin. CC20_440b Racial problems in the U.S. are rare, isolated situations. CC20_440c Women seek to gain power by getting control over men. CC20_440d Women are too easily offended. COLUMNS 1 ○ Strongly agree 2 ○ Somewhat agree 3 ○ Neither agree nor disagree 4 ○ Somewhat disagree 5 ○ Strongly disagree 8 Skipped 9 Not Asked Response option: Somewhat disagree",0.9947236717037496,1.55926568647491
CC20_440d,CC20_440,target_post,"CC20_440_grid DYNAMIC GRID Do you agree or disagree with the following statements? /Sexual agreement ROWS CC20_440a White people in the U.S. have certain advantages because of the color of their skin. CC20_440b Racial problems in the U.S. are rare, isolated situations. CC20_440c Women seek to gain power by getting control over men. CC20_440d Women are too easily offended. COLUMNS 1 ○ Strongly agree 2 ○ Somewhat agree 3 ○ Neither agree nor disagree 4 ○ Somewhat disagree 5 ○ Strongly disagree 8 Skipped 9 Not Asked",5,Strongly disagree,4,5,"Question: CC20_440_grid DYNAMIC GRID Do you agree or disagree with the following statements? /Sexual agreement ROWS CC20_440a White people in the U.S. have certain advantages because of the color of their skin. CC20_440b Racial problems in the U.S. are rare, isolated situations. CC20_440c Women seek to gain power by getting control over men. CC20_440d Women are too easily offended. COLUMNS 1 ○ Strongly agree 2 ○ Somewhat agree 3 ○ Neither agree nor disagree 4 ○ Somewhat disagree 5 ○ Strongly disagree 8 Skipped 9 Not Asked Response option: Strongly disagree",0.9947236717037496,1.55926568647491
CC20_441a,CC20_441,target_post,"Page: implicit_page_CC20_441_grid CC20_441_grid- prompt once on skip GRID How much do you agree or disagree with the following statements? Resentment ROWS CC20_441a Irish, Italians, Jewish and many other minorities overcame prejudice and worked their way up. Blacks should do the same without any special favors. CC20_441b Generations of slavery and discrimination have created conditions that make it difficult for blacks to work their way out of the lower class. CC20_441e- Show if race != 1 I resent when Whites deny the existence of racial discrimination. CC20_441f- Show if race != 1 Whites get away with offenses that African Americans would never get away with. CC20_441g- Show if race != 1 Whites do not go to great lengths to understand the problems African Americans face. COLUMNS 1 ○ Strongly agree 2 ○ Somewhat agree",1,Strongly agree,0,5,"Question: Page: implicit_page_CC20_441_grid CC20_441_grid- prompt once on skip GRID How much do you agree or disagree with the following statements? Resentment ROWS CC20_441a Irish, Italians, Jewish and many other minorities overcame prejudice and worked their way up. Blacks should do the same without any special favors. CC20_441b Generations of slavery and discrimination have created conditions that make it difficult for blacks to work their way out of the lower class. CC20_441e- Show if race != 1 I resent when Whites deny the existence of racial discrimination. CC20_441f- Show if race != 1 Whites get away with offenses that African Americans would never get away with. CC20_441g- Show if race != 1 Whites do not go to great lengths to understand the problems African Americans face. COLUMNS 1 ○ Strongly agree 2 ○ Somewhat agree Response option: Strongly agree",0.9993210606971736,1.585283836720143
CC20_441a,CC20_441,target_post,"Page: implicit_page_CC20_441_grid CC20_441_grid- prompt once on skip GRID How much do you agree or disagree with the following statements? Resentment ROWS CC20_441a Irish, Italians, Jewish and many other minorities overcame prejudice and worked their way up. Blacks should do the same without any special favors. CC20_441b Generations of slavery and discrimination have created conditions that make it difficult for blacks to work their way out of the lower class. CC20_441e- Show if race != 1 I resent when Whites deny the existence of racial discrimination. CC20_441f- Show if race != 1 Whites get away with offenses that African Americans would never get away with. CC20_441g- Show if race != 1 Whites do not go to great lengths to understand the problems African Americans face. COLUMNS 1 ○ Strongly agree 2 ○ Somewhat agree",2,Somewhat agree,1,5,"Question: Page: implicit_page_CC20_441_grid CC20_441_grid- prompt once on skip GRID How much do you agree or disagree with the following statements? Resentment ROWS CC20_441a Irish, Italians, Jewish and many other minorities overcame prejudice and worked their way up. Blacks should do the same without any special favors. CC20_441b Generations of slavery and discrimination have created conditions that make it difficult for blacks to work their way out of the lower class. CC20_441e- Show if race != 1 I resent when Whites deny the existence of racial discrimination. CC20_441f- Show if race != 1 Whites get away with offenses that African Americans would never get away with. CC20_441g- Show if race != 1 Whites do not go to great lengths to understand the problems African Americans face. COLUMNS 1 ○ Strongly agree 2 ○ Somewhat agree Response option: Somewhat agree",0.9993210606971736,1.585283836720143
CC20_441a,CC20_441,target_post,"Page: implicit_page_CC20_441_grid CC20_441_grid- prompt once on skip GRID How much do you agree or disagree with the following statements? Resentment ROWS CC20_441a Irish, Italians, Jewish and many other minorities overcame prejudice and worked their way up. Blacks should do the same without any special favors. CC20_441b Generations of slavery and discrimination have created conditions that make it difficult for blacks to work their way out of the lower class. CC20_441e- Show if race != 1 I resent when Whites deny the existence of racial discrimination. CC20_441f- Show if race != 1 Whites get away with offenses that African Americans would never get away with. CC20_441g- Show if race != 1 Whites do not go to great lengths to understand the problems African Americans face. COLUMNS 1 ○ Strongly agree 2 ○ Somewhat agree",3,Neither agree nor disagree,2,5,"Question: Page: implicit_page_CC20_441_grid CC20_441_grid- prompt once on skip GRID How much do you agree or disagree with the following statements? Resentment ROWS CC20_441a Irish, Italians, Jewish and many other minorities overcame prejudice and worked their way up. Blacks should do the same without any special favors. CC20_441b Generations of slavery and discrimination have created conditions that make it difficult for blacks to work their way out of the lower class. CC20_441e- Show if race != 1 I resent when Whites deny the existence of racial discrimination. CC20_441f- Show if race != 1 Whites get away with offenses that African Americans would never get away with. CC20_441g- Show if race != 1 Whites do not go to great lengths to understand the problems African Americans face. COLUMNS 1 ○ Strongly agree 2 ○ Somewhat agree Response option: Neither agree nor disagree",0.9993210606971736,1.585283836720143
CC20_441a,CC20_441,target_post,"Page: implicit_page_CC20_441_grid CC20_441_grid- prompt once on skip GRID How much do you agree or disagree with the following statements? Resentment ROWS CC20_441a Irish, Italians, Jewish and many other minorities overcame prejudice and worked their way up. Blacks should do the same without any special favors. CC20_441b Generations of slavery and discrimination have created conditions that make it difficult for blacks to work their way out of the lower class. CC20_441e- Show if race != 1 I resent when Whites deny the existence of racial discrimination. CC20_441f- Show if race != 1 Whites get away with offenses that African Americans would never get away with. CC20_441g- Show if race != 1 Whites do not go to great lengths to understand the problems African Americans face. COLUMNS 1 ○ Strongly agree 2 ○ Somewhat agree",4,Somewhat disagree,3,5,"Question: Page: implicit_page_CC20_441_grid CC20_441_grid- prompt once on skip GRID How much do you agree or disagree with the following statements? Resentment ROWS CC20_441a Irish, Italians, Jewish and many other minorities overcame prejudice and worked their way up. Blacks should do the same without any special favors. CC20_441b Generations of slavery and discrimination have created conditions that make it difficult for blacks to work their way out of the lower class. CC20_441e- Show if race != 1 I resent when Whites deny the existence of racial discrimination. CC20_441f- Show if race != 1 Whites get away with offenses that African Americans would never get away with. CC20_441g- Show if race != 1 Whites do not go to great lengths to understand the problems African Americans face. COLUMNS 1 ○ Strongly agree 2 ○ Somewhat agree Response option: Somewhat disagree",0.9993210606971736,1.585283836720143
CC20_441a,CC20_441,target_post,"Page: implicit_page_CC20_441_grid CC20_441_grid- prompt once on skip GRID How much do you agree or disagree with the following statements? Resentment ROWS CC20_441a Irish, Italians, Jewish and many other minorities overcame prejudice and worked their way up. Blacks should do the same without any special favors. CC20_441b Generations of slavery and discrimination have created conditions that make it difficult for blacks to work their way out of the lower class. CC20_441e- Show if race != 1 I resent when Whites deny the existence of racial discrimination. CC20_441f- Show if race != 1 Whites get away with offenses that African Americans would never get away with. CC20_441g- Show if race != 1 Whites do not go to great lengths to understand the problems African Americans face. COLUMNS 1 ○ Strongly agree 2 ○ Somewhat agree",5,Strongly disagree,4,5,"Question: Page: implicit_page_CC20_441_grid CC20_441_grid- prompt once on skip GRID How much do you agree or disagree with the following statements? Resentment ROWS CC20_441a Irish, Italians, Jewish and many other minorities overcame prejudice and worked their way up. Blacks should do the same without any special favors. CC20_441b Generations of slavery and discrimination have created conditions that make it difficult for blacks to work their way out of the lower class. CC20_441e- Show if race != 1 I resent when Whites deny the existence of racial discrimination. CC20_441f- Show if race != 1 Whites get away with offenses that African Americans would never get away with. CC20_441g- Show if race != 1 Whites do not go to great lengths to understand the problems African Americans face. COLUMNS 1 ○ Strongly agree 2 ○ Somewhat agree Response option: Strongly disagree",0.9993210606971736,1.585283836720143
CC20_441b,CC20_441,target_post,"on skip GRID How much do you agree or disagree with the following statements? Resentment ROWS CC20_441a Irish, Italians, Jewish and many other minorities overcame prejudice and worked their way up. Blacks should do the same without any special favors. CC20_441b Generations of slavery and discrimination have created conditions that make it difficult for blacks to work their way out of the lower class. CC20_441e- Show if race != 1 I resent when Whites deny the existence of racial discrimination. CC20_441f- Show if race != 1 Whites get away with offenses that African Americans would never get away with. CC20_441g- Show if race != 1 Whites do not go to great lengths to understand the problems African Americans face. COLUMNS 1 ○ Strongly agree 2 ○ Somewhat agree 3 ○ Neither agree nor disagree 4 ○ Somewhat",1,Strongly agree,0,5,"Question: on skip GRID How much do you agree or disagree with the following statements? Resentment ROWS CC20_441a Irish, Italians, Jewish and many other minorities overcame prejudice and worked their way up. Blacks should do the same without any special favors. CC20_441b Generations of slavery and discrimination have created conditions that make it difficult for blacks to work their way out of the lower class. CC20_441e- Show if race != 1 I resent when Whites deny the existence of racial discrimination. CC20_441f- Show if race != 1 Whites get away with offenses that African Americans would never get away with. CC20_441g- Show if race != 1 Whites do not go to great lengths to understand the problems African Americans face. COLUMNS 1 ○ Strongly agree 2 ○ Somewhat agree 3 ○ Neither agree nor disagree 4 ○ Somewhat Response option: Strongly agree",0.9992240693681984,1.5585239908207842
CC20_441b,CC20_441,target_post,"on skip GRID How much do you agree or disagree with the following statements? Resentment ROWS CC20_441a Irish, Italians, Jewish and many other minorities overcame prejudice and worked their way up. Blacks should do the same without any special favors. CC20_441b Generations of slavery and discrimination have created conditions that make it difficult for blacks to work their way out of the lower class. CC20_441e- Show if race != 1 I resent when Whites deny the existence of racial discrimination. CC20_441f- Show if race != 1 Whites get away with offenses that African Americans would never get away with. CC20_441g- Show if race != 1 Whites do not go to great lengths to understand the problems African Americans face. COLUMNS 1 ○ Strongly agree 2 ○ Somewhat agree 3 ○ Neither agree nor disagree 4 ○ Somewhat",2,Somewhat agree,1,5,"Question: on skip GRID How much do you agree or disagree with the following statements? Resentment ROWS CC20_441a Irish, Italians, Jewish and many other minorities overcame prejudice and worked their way up. Blacks should do the same without any special favors. CC20_441b Generations of slavery and discrimination have created conditions that make it difficult for blacks to work their way out of the lower class. CC20_441e- Show if race != 1 I resent when Whites deny the existence of racial discrimination. CC20_441f- Show if race != 1 Whites get away with offenses that African Americans would never get away with. CC20_441g- Show if race != 1 Whites do not go to great lengths to understand the problems African Americans face. COLUMNS 1 ○ Strongly agree 2 ○ Somewhat agree 3 ○ Neither agree nor disagree 4 ○ Somewhat Response option: Somewhat agree",0.9992240693681984,1.5585239908207842
CC20_441b,CC20_441,target_post,"on skip GRID How much do you agree or disagree with the following statements? Resentment ROWS CC20_441a Irish, Italians, Jewish and many other minorities overcame prejudice and worked their way up. Blacks should do the same without any special favors. CC20_441b Generations of slavery and discrimination have created conditions that make it difficult for blacks to work their way out of the lower class. CC20_441e- Show if race != 1 I resent when Whites deny the existence of racial discrimination. CC20_441f- Show if race != 1 Whites get away with offenses that African Americans would never get away with. CC20_441g- Show if race != 1 Whites do not go to great lengths to understand the problems African Americans face. COLUMNS 1 ○ Strongly agree 2 ○ Somewhat agree 3 ○ Neither agree nor disagree 4 ○ Somewhat",3,Neither agree nor disagree,2,5,"Question: on skip GRID How much do you agree or disagree with the following statements? Resentment ROWS CC20_441a Irish, Italians, Jewish and many other minorities overcame prejudice and worked their way up. Blacks should do the same without any special favors. CC20_441b Generations of slavery and discrimination have created conditions that make it difficult for blacks to work their way out of the lower class. CC20_441e- Show if race != 1 I resent when Whites deny the existence of racial discrimination. CC20_441f- Show if race != 1 Whites get away with offenses that African Americans would never get away with. CC20_441g- Show if race != 1 Whites do not go to great lengths to understand the problems African Americans face. COLUMNS 1 ○ Strongly agree 2 ○ Somewhat agree 3 ○ Neither agree nor disagree 4 ○ Somewhat Response option: Neither agree nor disagree",0.9992240693681984,1.5585239908207842
CC20_441b,CC20_441,target_post,"on skip GRID How much do you agree or disagree with the following statements? Resentment ROWS CC20_441a Irish, Italians, Jewish and many other minorities overcame prejudice and worked their way up. Blacks should do the same without any special favors. CC20_441b Generations of slavery and discrimination have created conditions that make it difficult for blacks to work their way out of the lower class. CC20_441e- Show if race != 1 I resent when Whites deny the existence of racial discrimination. CC20_441f- Show if race != 1 Whites get away with offenses that African Americans would never get away with. CC20_441g- Show if race != 1 Whites do not go to great lengths to understand the problems African Americans face. COLUMNS 1 ○ Strongly agree 2 ○ Somewhat agree 3 ○ Neither agree nor disagree 4 ○ Somewhat",4,Somewhat disagree,3,5,"Question: on skip GRID How much do you agree or disagree with the following statements? Resentment ROWS CC20_441a Irish, Italians, Jewish and many other minorities overcame prejudice and worked their way up. Blacks should do the same without any special favors. CC20_441b Generations of slavery and discrimination have created conditions that make it difficult for blacks to work their way out of the lower class. CC20_441e- Show if race != 1 I resent when Whites deny the existence of racial discrimination. CC20_441f- Show if race != 1 Whites get away with offenses that African Americans would never get away with. CC20_441g- Show if race != 1 Whites do not go to great lengths to understand the problems African Americans face. COLUMNS 1 ○ Strongly agree 2 ○ Somewhat agree 3 ○ Neither agree nor disagree 4 ○ Somewhat Response option: Somewhat disagree",0.9992240693681984,1.5585239908207842
CC20_441b,CC20_441,target_post,"on skip GRID How much do you agree or disagree with the following statements? Resentment ROWS CC20_441a Irish, Italians, Jewish and many other minorities overcame prejudice and worked their way up. Blacks should do the same without any special favors. CC20_441b Generations of slavery and discrimination have created conditions that make it difficult for blacks to work their way out of the lower class. CC20_441e- Show if race != 1 I resent when Whites deny the existence of racial discrimination. CC20_441f- Show if race != 1 Whites get away with offenses that African Americans would never get away with. CC20_441g- Show if race != 1 Whites do not go to great lengths to understand the problems African Americans face. COLUMNS 1 ○ Strongly agree 2 ○ Somewhat agree 3 ○ Neither agree nor disagree 4 ○ Somewhat",5,Strongly disagree,4,5,"Question: on skip GRID How much do you agree or disagree with the following statements? Resentment ROWS CC20_441a Irish, Italians, Jewish and many other minorities overcame prejudice and worked their way up. Blacks should do the same without any special favors. CC20_441b Generations of slavery and discrimination have created conditions that make it difficult for blacks to work their way out of the lower class. CC20_441e- Show if race != 1 I resent when Whites deny the existence of racial discrimination. CC20_441f- Show if race != 1 Whites get away with offenses that African Americans would never get away with. CC20_441g- Show if race != 1 Whites do not go to great lengths to understand the problems African Americans face. COLUMNS 1 ○ Strongly agree 2 ○ Somewhat agree 3 ○ Neither agree nor disagree 4 ○ Somewhat Response option: Strongly disagree",0.9992240693681984,1.5585239908207842
CC20_442a,CC20_442,target_post,prompt once on skip GRID For each of the following tell us whether you support or oppose these decisions. Orders Two ROWS CC20_442a Assassination of Iranian General Qasem Soleimani CC20_442b Withdraw the United States from the Iran Nuclear Accord and reimpose sanctions on Iran CC20_442c Declare a national emergency to permit construction of border wall with Mexico CC20_442d Suspend a program that allows migrants to remain in the US while their asylum cases were being decided. CC20_442e Withdraw troops from Kurdish-controlled region of northern Syria on the border with Turkey COLUMNS 1 ○ Support 2 ○ Oppose 8 Skipped 9 Not Asked,1,Support,0,2,Question: prompt once on skip GRID For each of the following tell us whether you support or oppose these decisions. Orders Two ROWS CC20_442a Assassination of Iranian General Qasem Soleimani CC20_442b Withdraw the United States from the Iran Nuclear Accord and reimpose sanctions on Iran CC20_442c Declare a national emergency to permit construction of border wall with Mexico CC20_442d Suspend a program that allows migrants to remain in the US while their asylum cases were being decided. CC20_442e Withdraw troops from Kurdish-controlled region of northern Syria on the border with Turkey COLUMNS 1 ○ Support 2 ○ Oppose 8 Skipped 9 Not Asked Response option: Support,0.9992046711024034,0.6928555252481838
CC20_442a,CC20_442,target_post,prompt once on skip GRID For each of the following tell us whether you support or oppose these decisions. Orders Two ROWS CC20_442a Assassination of Iranian General Qasem Soleimani CC20_442b Withdraw the United States from the Iran Nuclear Accord and reimpose sanctions on Iran CC20_442c Declare a national emergency to permit construction of border wall with Mexico CC20_442d Suspend a program that allows migrants to remain in the US while their asylum cases were being decided. CC20_442e Withdraw troops from Kurdish-controlled region of northern Syria on the border with Turkey COLUMNS 1 ○ Support 2 ○ Oppose 8 Skipped 9 Not Asked,2,Oppose,1,2,Question: prompt once on skip GRID For each of the following tell us whether you support or oppose these decisions. Orders Two ROWS CC20_442a Assassination of Iranian General Qasem Soleimani CC20_442b Withdraw the United States from the Iran Nuclear Accord and reimpose sanctions on Iran CC20_442c Declare a national emergency to permit construction of border wall with Mexico CC20_442d Suspend a program that allows migrants to remain in the US while their asylum cases were being decided. CC20_442e Withdraw troops from Kurdish-controlled region of northern Syria on the border with Turkey COLUMNS 1 ○ Support 2 ○ Oppose 8 Skipped 9 Not Asked Response option: Oppose,0.9992046711024034,0.6928555252481838
CC20_442b,CC20_442,target_post,on skip GRID For each of the following tell us whether you support or oppose these decisions. Orders Two ROWS CC20_442a Assassination of Iranian General Qasem Soleimani CC20_442b Withdraw the United States from the Iran Nuclear Accord and reimpose sanctions on Iran CC20_442c Declare a national emergency to permit construction of border wall with Mexico CC20_442d Suspend a program that allows migrants to remain in the US while their asylum cases were being decided. CC20_442e Withdraw troops from Kurdish-controlled region of northern Syria on the border with Turkey COLUMNS 1 ○ Support 2 ○ Oppose 8 Skipped 9 Not Asked,1,Support,0,2,Question: on skip GRID For each of the following tell us whether you support or oppose these decisions. Orders Two ROWS CC20_442a Assassination of Iranian General Qasem Soleimani CC20_442b Withdraw the United States from the Iran Nuclear Accord and reimpose sanctions on Iran CC20_442c Declare a national emergency to permit construction of border wall with Mexico CC20_442d Suspend a program that allows migrants to remain in the US while their asylum cases were being decided. CC20_442e Withdraw troops from Kurdish-controlled region of northern Syria on the border with Turkey COLUMNS 1 ○ Support 2 ○ Oppose 8 Skipped 9 Not Asked Response option: Support,0.999515043355124,0.6929550538665693
CC20_442b,CC20_442,target_post,on skip GRID For each of the following tell us whether you support or oppose these decisions. Orders Two ROWS CC20_442a Assassination of Iranian General Qasem Soleimani CC20_442b Withdraw the United States from the Iran Nuclear Accord and reimpose sanctions on Iran CC20_442c Declare a national emergency to permit construction of border wall with Mexico CC20_442d Suspend a program that allows migrants to remain in the US while their asylum cases were being decided. CC20_442e Withdraw troops from Kurdish-controlled region of northern Syria on the border with Turkey COLUMNS 1 ○ Support 2 ○ Oppose 8 Skipped 9 Not Asked,2,Oppose,1,2,Question: on skip GRID For each of the following tell us whether you support or oppose these decisions. Orders Two ROWS CC20_442a Assassination of Iranian General Qasem Soleimani CC20_442b Withdraw the United States from the Iran Nuclear Accord and reimpose sanctions on Iran CC20_442c Declare a national emergency to permit construction of border wall with Mexico CC20_442d Suspend a program that allows migrants to remain in the US while their asylum cases were being decided. CC20_442e Withdraw troops from Kurdish-controlled region of northern Syria on the border with Turkey COLUMNS 1 ○ Support 2 ○ Oppose 8 Skipped 9 Not Asked Response option: Oppose,0.999515043355124,0.6929550538665693
CC20_442c,CC20_442,target_post,Orders Two ROWS CC20_442a Assassination of Iranian General Qasem Soleimani CC20_442b Withdraw the United States from the Iran Nuclear Accord and reimpose sanctions on Iran CC20_442c Declare a national emergency to permit construction of border wall with Mexico CC20_442d Suspend a program that allows migrants to remain in the US while their asylum cases were being decided. CC20_442e Withdraw troops from Kurdish-controlled region of northern Syria on the border with Turkey COLUMNS 1 ○ Support 2 ○ Oppose 8 Skipped 9 Not Asked,1,Support,0,2,Question: Orders Two ROWS CC20_442a Assassination of Iranian General Qasem Soleimani CC20_442b Withdraw the United States from the Iran Nuclear Accord and reimpose sanctions on Iran CC20_442c Declare a national emergency to permit construction of border wall with Mexico CC20_442d Suspend a program that allows migrants to remain in the US while their asylum cases were being decided. CC20_442e Withdraw troops from Kurdish-controlled region of northern Syria on the border with Turkey COLUMNS 1 ○ Support 2 ○ Oppose 8 Skipped 9 Not Asked Response option: Support,0.9998060173420495,0.6468518993207031
CC20_442c,CC20_442,target_post,Orders Two ROWS CC20_442a Assassination of Iranian General Qasem Soleimani CC20_442b Withdraw the United States from the Iran Nuclear Accord and reimpose sanctions on Iran CC20_442c Declare a national emergency to permit construction of border wall with Mexico CC20_442d Suspend a program that allows migrants to remain in the US while their asylum cases were being decided. CC20_442e Withdraw troops from Kurdish-controlled region of northern Syria on the border with Turkey COLUMNS 1 ○ Support 2 ○ Oppose 8 Skipped 9 Not Asked,2,Oppose,1,2,Question: Orders Two ROWS CC20_442a Assassination of Iranian General Qasem Soleimani CC20_442b Withdraw the United States from the Iran Nuclear Accord and reimpose sanctions on Iran CC20_442c Declare a national emergency to permit construction of border wall with Mexico CC20_442d Suspend a program that allows migrants to remain in the US while their asylum cases were being decided. CC20_442e Withdraw troops from Kurdish-controlled region of northern Syria on the border with Turkey COLUMNS 1 ○ Support 2 ○ Oppose 8 Skipped 9 Not Asked Response option: Oppose,0.9998060173420495,0.6468518993207031
CC20_442d,CC20_442,target_post,ROWS CC20_442a Assassination of Iranian General Qasem Soleimani CC20_442b Withdraw the United States from the Iran Nuclear Accord and reimpose sanctions on Iran CC20_442c Declare a national emergency to permit construction of border wall with Mexico CC20_442d Suspend a program that allows migrants to remain in the US while their asylum cases were being decided. CC20_442e Withdraw troops from Kurdish-controlled region of northern Syria on the border with Turkey COLUMNS 1 ○ Support 2 ○ Oppose 8 Skipped 9 Not Asked,1,Support,0,2,Question: ROWS CC20_442a Assassination of Iranian General Qasem Soleimani CC20_442b Withdraw the United States from the Iran Nuclear Accord and reimpose sanctions on Iran CC20_442c Declare a national emergency to permit construction of border wall with Mexico CC20_442d Suspend a program that allows migrants to remain in the US while their asylum cases were being decided. CC20_442e Withdraw troops from Kurdish-controlled region of northern Syria on the border with Turkey COLUMNS 1 ○ Support 2 ○ Oppose 8 Skipped 9 Not Asked Response option: Support,0.9998060173420495,0.6648228101268275
CC20_442d,CC20_442,target_post,ROWS CC20_442a Assassination of Iranian General Qasem Soleimani CC20_442b Withdraw the United States from the Iran Nuclear Accord and reimpose sanctions on Iran CC20_442c Declare a national emergency to permit construction of border wall with Mexico CC20_442d Suspend a program that allows migrants to remain in the US while their asylum cases were being decided. CC20_442e Withdraw troops from Kurdish-controlled region of northern Syria on the border with Turkey COLUMNS 1 ○ Support 2 ○ Oppose 8 Skipped 9 Not Asked,2,Oppose,1,2,Question: ROWS CC20_442a Assassination of Iranian General Qasem Soleimani CC20_442b Withdraw the United States from the Iran Nuclear Accord and reimpose sanctions on Iran CC20_442c Declare a national emergency to permit construction of border wall with Mexico CC20_442d Suspend a program that allows migrants to remain in the US while their asylum cases were being decided. CC20_442e Withdraw troops from Kurdish-controlled region of northern Syria on the border with Turkey COLUMNS 1 ○ Support 2 ○ Oppose 8 Skipped 9 Not Asked Response option: Oppose,0.9998060173420495,0.6648228101268275
CC20_442e,CC20_442,target_post,ROWS CC20_442a Assassination of Iranian General Qasem Soleimani CC20_442b Withdraw the United States from the Iran Nuclear Accord and reimpose sanctions on Iran CC20_442c Declare a national emergency to permit construction of border wall with Mexico CC20_442d Suspend a program that allows migrants to remain in the US while their asylum cases were being decided. CC20_442e Withdraw troops from Kurdish-controlled region of northern Syria on the border with Turkey COLUMNS 1 ○ Support 2 ○ Oppose 8 Skipped 9 Not Asked,1,Support,0,2,Question: ROWS CC20_442a Assassination of Iranian General Qasem Soleimani CC20_442b Withdraw the United States from the Iran Nuclear Accord and reimpose sanctions on Iran CC20_442c Declare a national emergency to permit construction of border wall with Mexico CC20_442d Suspend a program that allows migrants to remain in the US while their asylum cases were being decided. CC20_442e Withdraw troops from Kurdish-controlled region of northern Syria on the border with Turkey COLUMNS 1 ○ Support 2 ○ Oppose 8 Skipped 9 Not Asked Response option: Support,0.9992434676339936,0.693130670867145
CC20_442e,CC20_442,target_post,ROWS CC20_442a Assassination of Iranian General Qasem Soleimani CC20_442b Withdraw the United States from the Iran Nuclear Accord and reimpose sanctions on Iran CC20_442c Declare a national emergency to permit construction of border wall with Mexico CC20_442d Suspend a program that allows migrants to remain in the US while their asylum cases were being decided. CC20_442e Withdraw troops from Kurdish-controlled region of northern Syria on the border with Turkey COLUMNS 1 ○ Support 2 ○ Oppose 8 Skipped 9 Not Asked,2,Oppose,1,2,Question: ROWS CC20_442a Assassination of Iranian General Qasem Soleimani CC20_442b Withdraw the United States from the Iran Nuclear Accord and reimpose sanctions on Iran CC20_442c Declare a national emergency to permit construction of border wall with Mexico CC20_442d Suspend a program that allows migrants to remain in the US while their asylum cases were being decided. CC20_442e Withdraw troops from Kurdish-controlled region of northern Syria on the border with Turkey COLUMNS 1 ○ Support 2 ○ Oppose 8 Skipped 9 Not Asked Response option: Oppose,0.9992434676339936,0.693130670867145
CC20_443_1,CC20_443,target_post,CC20_443- prompt once on skip GRID State legislatures must make choices when making spending decisions on important state programs. How would you like your legislature to spend money on each of the five areas below? legislature spending ROWS CC20_443_1 Welfare CC20_443_2 Health Care CC20_443_3 Education CC20_443_4 Law Enforcement CC20_443_5 Transportation/Infrastructure COLUMNS 1 ○ Greatly increase 2 ○ Slightly increase 3 ○ Maintain 4 ○ Slightly decrease 5 ○ Greatly decrease 8 Skipped 9 Not Asked,1,Greatly increase,0,5,Question: CC20_443- prompt once on skip GRID State legislatures must make choices when making spending decisions on important state programs. How would you like your legislature to spend money on each of the five areas below? legislature spending ROWS CC20_443_1 Welfare CC20_443_2 Health Care CC20_443_3 Education CC20_443_4 Law Enforcement CC20_443_5 Transportation/Infrastructure COLUMNS 1 ○ Greatly increase 2 ○ Slightly increase 3 ○ Maintain 4 ○ Slightly decrease 5 ○ Greatly decrease 8 Skipped 9 Not Asked Response option: Greatly increase,0.99992240693682,1.5111884701580929
CC20_443_1,CC20_443,target_post,CC20_443- prompt once on skip GRID State legislatures must make choices when making spending decisions on important state programs. How would you like your legislature to spend money on each of the five areas below? legislature spending ROWS CC20_443_1 Welfare CC20_443_2 Health Care CC20_443_3 Education CC20_443_4 Law Enforcement CC20_443_5 Transportation/Infrastructure COLUMNS 1 ○ Greatly increase 2 ○ Slightly increase 3 ○ Maintain 4 ○ Slightly decrease 5 ○ Greatly decrease 8 Skipped 9 Not Asked,2,Slightly increase,1,5,Question: CC20_443- prompt once on skip GRID State legislatures must make choices when making spending decisions on important state programs. How would you like your legislature to spend money on each of the five areas below? legislature spending ROWS CC20_443_1 Welfare CC20_443_2 Health Care CC20_443_3 Education CC20_443_4 Law Enforcement CC20_443_5 Transportation/Infrastructure COLUMNS 1 ○ Greatly increase 2 ○ Slightly increase 3 ○ Maintain 4 ○ Slightly decrease 5 ○ Greatly decrease 8 Skipped 9 Not Asked Response option: Slightly increase,0.99992240693682,1.5111884701580929
CC20_443_1,CC20_443,target_post,CC20_443- prompt once on skip GRID State legislatures must make choices when making spending decisions on important state programs. How would you like your legislature to spend money on each of the five areas below? legislature spending ROWS CC20_443_1 Welfare CC20_443_2 Health Care CC20_443_3 Education CC20_443_4 Law Enforcement CC20_443_5 Transportation/Infrastructure COLUMNS 1 ○ Greatly increase 2 ○ Slightly increase 3 ○ Maintain 4 ○ Slightly decrease 5 ○ Greatly decrease 8 Skipped 9 Not Asked,3,Maintain,2,5,Question: CC20_443- prompt once on skip GRID State legislatures must make choices when making spending decisions on important state programs. How would you like your legislature to spend money on each of the five areas below? legislature spending ROWS CC20_443_1 Welfare CC20_443_2 Health Care CC20_443_3 Education CC20_443_4 Law Enforcement CC20_443_5 Transportation/Infrastructure COLUMNS 1 ○ Greatly increase 2 ○ Slightly increase 3 ○ Maintain 4 ○ Slightly decrease 5 ○ Greatly decrease 8 Skipped 9 Not Asked Response option: Maintain,0.99992240693682,1.5111884701580929
CC20_443_1,CC20_443,target_post,CC20_443- prompt once on skip GRID State legislatures must make choices when making spending decisions on important state programs. How would you like your legislature to spend money on each of the five areas below? legislature spending ROWS CC20_443_1 Welfare CC20_443_2 Health Care CC20_443_3 Education CC20_443_4 Law Enforcement CC20_443_5 Transportation/Infrastructure COLUMNS 1 ○ Greatly increase 2 ○ Slightly increase 3 ○ Maintain 4 ○ Slightly decrease 5 ○ Greatly decrease 8 Skipped 9 Not Asked,4,Slightly decrease,3,5,Question: CC20_443- prompt once on skip GRID State legislatures must make choices when making spending decisions on important state programs. How would you like your legislature to spend money on each of the five areas below? legislature spending ROWS CC20_443_1 Welfare CC20_443_2 Health Care CC20_443_3 Education CC20_443_4 Law Enforcement CC20_443_5 Transportation/Infrastructure COLUMNS 1 ○ Greatly increase 2 ○ Slightly increase 3 ○ Maintain 4 ○ Slightly decrease 5 ○ Greatly decrease 8 Skipped 9 Not Asked Response option: Slightly decrease,0.99992240693682,1.5111884701580929
CC20_443_1,CC20_443,target_post,CC20_443- prompt once on skip GRID State legislatures must make choices when making spending decisions on important state programs. How would you like your legislature to spend money on each of the five areas below? legislature spending ROWS CC20_443_1 Welfare CC20_443_2 Health Care CC20_443_3 Education CC20_443_4 Law Enforcement CC20_443_5 Transportation/Infrastructure COLUMNS 1 ○ Greatly increase 2 ○ Slightly increase 3 ○ Maintain 4 ○ Slightly decrease 5 ○ Greatly decrease 8 Skipped 9 Not Asked,5,Greatly decrease,4,5,Question: CC20_443- prompt once on skip GRID State legislatures must make choices when making spending decisions on important state programs. How would you like your legislature to spend money on each of the five areas below? legislature spending ROWS CC20_443_1 Welfare CC20_443_2 Health Care CC20_443_3 Education CC20_443_4 Law Enforcement CC20_443_5 Transportation/Infrastructure COLUMNS 1 ○ Greatly increase 2 ○ Slightly increase 3 ○ Maintain 4 ○ Slightly decrease 5 ○ Greatly decrease 8 Skipped 9 Not Asked Response option: Greatly decrease,0.99992240693682,1.5111884701580929
CC20_443_2,CC20_443,target_post,CC20_443- prompt once on skip GRID State legislatures must make choices when making spending decisions on important state programs. How would you like your legislature to spend money on each of the five areas below? legislature spending ROWS CC20_443_1 Welfare CC20_443_2 Health Care CC20_443_3 Education CC20_443_4 Law Enforcement CC20_443_5 Transportation/Infrastructure COLUMNS 1 ○ Greatly increase 2 ○ Slightly increase 3 ○ Maintain 4 ○ Slightly decrease 5 ○ Greatly decrease 8 Skipped 9 Not Asked,1,Greatly increase,0,5,Question: CC20_443- prompt once on skip GRID State legislatures must make choices when making spending decisions on important state programs. How would you like your legislature to spend money on each of the five areas below? legislature spending ROWS CC20_443_1 Welfare CC20_443_2 Health Care CC20_443_3 Education CC20_443_4 Law Enforcement CC20_443_5 Transportation/Infrastructure COLUMNS 1 ○ Greatly increase 2 ○ Slightly increase 3 ○ Maintain 4 ○ Slightly decrease 5 ○ Greatly decrease 8 Skipped 9 Not Asked Response option: Greatly increase,0.99992240693682,1.310291022073197
CC20_443_2,CC20_443,target_post,CC20_443- prompt once on skip GRID State legislatures must make choices when making spending decisions on important state programs. How would you like your legislature to spend money on each of the five areas below? legislature spending ROWS CC20_443_1 Welfare CC20_443_2 Health Care CC20_443_3 Education CC20_443_4 Law Enforcement CC20_443_5 Transportation/Infrastructure COLUMNS 1 ○ Greatly increase 2 ○ Slightly increase 3 ○ Maintain 4 ○ Slightly decrease 5 ○ Greatly decrease 8 Skipped 9 Not Asked,2,Slightly increase,1,5,Question: CC20_443- prompt once on skip GRID State legislatures must make choices when making spending decisions on important state programs. How would you like your legislature to spend money on each of the five areas below? legislature spending ROWS CC20_443_1 Welfare CC20_443_2 Health Care CC20_443_3 Education CC20_443_4 Law Enforcement CC20_443_5 Transportation/Infrastructure COLUMNS 1 ○ Greatly increase 2 ○ Slightly increase 3 ○ Maintain 4 ○ Slightly decrease 5 ○ Greatly decrease 8 Skipped 9 Not Asked Response option: Slightly increase,0.99992240693682,1.310291022073197
CC20_443_2,CC20_443,target_post,CC20_443- prompt once on skip GRID State legislatures must make choices when making spending decisions on important state programs. How would you like your legislature to spend money on each of the five areas below? legislature spending ROWS CC20_443_1 Welfare CC20_443_2 Health Care CC20_443_3 Education CC20_443_4 Law Enforcement CC20_443_5 Transportation/Infrastructure COLUMNS 1 ○ Greatly increase 2 ○ Slightly increase 3 ○ Maintain 4 ○ Slightly decrease 5 ○ Greatly decrease 8 Skipped 9 Not Asked,3,Maintain,2,5,Question: CC20_443- prompt once on skip GRID State legislatures must make choices when making spending decisions on important state programs. How would you like your legislature to spend money on each of the five areas below? legislature spending ROWS CC20_443_1 Welfare CC20_443_2 Health Care CC20_443_3 Education CC20_443_4 Law Enforcement CC20_443_5 Transportation/Infrastructure COLUMNS 1 ○ Greatly increase 2 ○ Slightly increase 3 ○ Maintain 4 ○ Slightly decrease 5 ○ Greatly decrease 8 Skipped 9 Not Asked Response option: Maintain,0.99992240693682,1.310291022073197
CC20_443_2,CC20_443,target_post,CC20_443- prompt once on skip GRID State legislatures must make choices when making spending decisions on important state programs. How would you like your legislature to spend money on each of the five areas below? legislature spending ROWS CC20_443_1 Welfare CC20_443_2 Health Care CC20_443_3 Education CC20_443_4 Law Enforcement CC20_443_5 Transportation/Infrastructure COLUMNS 1 ○ Greatly increase 2 ○ Slightly increase 3 ○ Maintain 4 ○ Slightly decrease 5 ○ Greatly decrease 8 Skipped 9 Not Asked,4,Slightly decrease,3,5,Question: CC20_443- prompt once on skip GRID State legislatures must make choices when making spending decisions on important state programs. How would you like your legislature to spend money on each of the five areas below? legislature spending ROWS CC20_443_1 Welfare CC20_443_2 Health Care CC20_443_3 Education CC20_443_4 Law Enforcement CC20_443_5 Transportation/Infrastructure COLUMNS 1 ○ Greatly increase 2 ○ Slightly increase 3 ○ Maintain 4 ○ Slightly decrease 5 ○ Greatly decrease 8 Skipped 9 Not Asked Response option: Slightly decrease,0.99992240693682,1.310291022073197
CC20_443_2,CC20_443,target_post,CC20_443- prompt once on skip GRID State legislatures must make choices when making spending decisions on important state programs. How would you like your legislature to spend money on each of the five areas below? legislature spending ROWS CC20_443_1 Welfare CC20_443_2 Health Care CC20_443_3 Education CC20_443_4 Law Enforcement CC20_443_5 Transportation/Infrastructure COLUMNS 1 ○ Greatly increase 2 ○ Slightly increase 3 ○ Maintain 4 ○ Slightly decrease 5 ○ Greatly decrease 8 Skipped 9 Not Asked,5,Greatly decrease,4,5,Question: CC20_443- prompt once on skip GRID State legislatures must make choices when making spending decisions on important state programs. How would you like your legislature to spend money on each of the five areas below? legislature spending ROWS CC20_443_1 Welfare CC20_443_2 Health Care CC20_443_3 Education CC20_443_4 Law Enforcement CC20_443_5 Transportation/Infrastructure COLUMNS 1 ○ Greatly increase 2 ○ Slightly increase 3 ○ Maintain 4 ○ Slightly decrease 5 ○ Greatly decrease 8 Skipped 9 Not Asked Response option: Greatly decrease,0.99992240693682,1.310291022073197
CC20_443_3,CC20_443,target_post,CC20_443- prompt once on skip GRID State legislatures must make choices when making spending decisions on important state programs. How would you like your legislature to spend money on each of the five areas below? legislature spending ROWS CC20_443_1 Welfare CC20_443_2 Health Care CC20_443_3 Education CC20_443_4 Law Enforcement CC20_443_5 Transportation/Infrastructure COLUMNS 1 ○ Greatly increase 2 ○ Slightly increase 3 ○ Maintain 4 ○ Slightly decrease 5 ○ Greatly decrease 8 Skipped 9 Not Asked,1,Greatly increase,0,5,Question: CC20_443- prompt once on skip GRID State legislatures must make choices when making spending decisions on important state programs. How would you like your legislature to spend money on each of the five areas below? legislature spending ROWS CC20_443_1 Welfare CC20_443_2 Health Care CC20_443_3 Education CC20_443_4 Law Enforcement CC20_443_5 Transportation/Infrastructure COLUMNS 1 ○ Greatly increase 2 ○ Slightly increase 3 ○ Maintain 4 ○ Slightly decrease 5 ○ Greatly decrease 8 Skipped 9 Not Asked Response option: Greatly increase,0.9999030086710248,1.320827089725514
CC20_443_3,CC20_443,target_post,CC20_443- prompt once on skip GRID State legislatures must make choices when making spending decisions on important state programs. How would you like your legislature to spend money on each of the five areas below? legislature spending ROWS CC20_443_1 Welfare CC20_443_2 Health Care CC20_443_3 Education CC20_443_4 Law Enforcement CC20_443_5 Transportation/Infrastructure COLUMNS 1 ○ Greatly increase 2 ○ Slightly increase 3 ○ Maintain 4 ○ Slightly decrease 5 ○ Greatly decrease 8 Skipped 9 Not Asked,2,Slightly increase,1,5,Question: CC20_443- prompt once on skip GRID State legislatures must make choices when making spending decisions on important state programs. How would you like your legislature to spend money on each of the five areas below? legislature spending ROWS CC20_443_1 Welfare CC20_443_2 Health Care CC20_443_3 Education CC20_443_4 Law Enforcement CC20_443_5 Transportation/Infrastructure COLUMNS 1 ○ Greatly increase 2 ○ Slightly increase 3 ○ Maintain 4 ○ Slightly decrease 5 ○ Greatly decrease 8 Skipped 9 Not Asked Response option: Slightly increase,0.9999030086710248,1.320827089725514
CC20_443_3,CC20_443,target_post,CC20_443- prompt once on skip GRID State legislatures must make choices when making spending decisions on important state programs. How would you like your legislature to spend money on each of the five areas below? legislature spending ROWS CC20_443_1 Welfare CC20_443_2 Health Care CC20_443_3 Education CC20_443_4 Law Enforcement CC20_443_5 Transportation/Infrastructure COLUMNS 1 ○ Greatly increase 2 ○ Slightly increase 3 ○ Maintain 4 ○ Slightly decrease 5 ○ Greatly decrease 8 Skipped 9 Not Asked,3,Maintain,2,5,Question: CC20_443- prompt once on skip GRID State legislatures must make choices when making spending decisions on important state programs. How would you like your legislature to spend money on each of the five areas below? legislature spending ROWS CC20_443_1 Welfare CC20_443_2 Health Care CC20_443_3 Education CC20_443_4 Law Enforcement CC20_443_5 Transportation/Infrastructure COLUMNS 1 ○ Greatly increase 2 ○ Slightly increase 3 ○ Maintain 4 ○ Slightly decrease 5 ○ Greatly decrease 8 Skipped 9 Not Asked Response option: Maintain,0.9999030086710248,1.320827089725514
CC20_443_3,CC20_443,target_post,CC20_443- prompt once on skip GRID State legislatures must make choices when making spending decisions on important state programs. How would you like your legislature to spend money on each of the five areas below? legislature spending ROWS CC20_443_1 Welfare CC20_443_2 Health Care CC20_443_3 Education CC20_443_4 Law Enforcement CC20_443_5 Transportation/Infrastructure COLUMNS 1 ○ Greatly increase 2 ○ Slightly increase 3 ○ Maintain 4 ○ Slightly decrease 5 ○ Greatly decrease 8 Skipped 9 Not Asked,4,Slightly decrease,3,5,Question: CC20_443- prompt once on skip GRID State legislatures must make choices when making spending decisions on important state programs. How would you like your legislature to spend money on each of the five areas below? legislature spending ROWS CC20_443_1 Welfare CC20_443_2 Health Care CC20_443_3 Education CC20_443_4 Law Enforcement CC20_443_5 Transportation/Infrastructure COLUMNS 1 ○ Greatly increase 2 ○ Slightly increase 3 ○ Maintain 4 ○ Slightly decrease 5 ○ Greatly decrease 8 Skipped 9 Not Asked Response option: Slightly decrease,0.9999030086710248,1.320827089725514
CC20_443_3,CC20_443,target_post,CC20_443- prompt once on skip GRID State legislatures must make choices when making spending decisions on important state programs. How would you like your legislature to spend money on each of the five areas below? legislature spending ROWS CC20_443_1 Welfare CC20_443_2 Health Care CC20_443_3 Education CC20_443_4 Law Enforcement CC20_443_5 Transportation/Infrastructure COLUMNS 1 ○ Greatly increase 2 ○ Slightly increase 3 ○ Maintain 4 ○ Slightly decrease 5 ○ Greatly decrease 8 Skipped 9 Not Asked,5,Greatly decrease,4,5,Question: CC20_443- prompt once on skip GRID State legislatures must make choices when making spending decisions on important state programs. How would you like your legislature to spend money on each of the five areas below? legislature spending ROWS CC20_443_1 Welfare CC20_443_2 Health Care CC20_443_3 Education CC20_443_4 Law Enforcement CC20_443_5 Transportation/Infrastructure COLUMNS 1 ○ Greatly increase 2 ○ Slightly increase 3 ○ Maintain 4 ○ Slightly decrease 5 ○ Greatly decrease 8 Skipped 9 Not Asked Response option: Greatly decrease,0.9999030086710248,1.320827089725514
CC20_443_4,CC20_443,target_post,CC20_443- prompt once on skip GRID State legislatures must make choices when making spending decisions on important state programs. How would you like your legislature to spend money on each of the five areas below? legislature spending ROWS CC20_443_1 Welfare CC20_443_2 Health Care CC20_443_3 Education CC20_443_4 Law Enforcement CC20_443_5 Transportation/Infrastructure COLUMNS 1 ○ Greatly increase 2 ○ Slightly increase 3 ○ Maintain 4 ○ Slightly decrease 5 ○ Greatly decrease 8 Skipped 9 Not Asked,1,Greatly increase,0,5,Question: CC20_443- prompt once on skip GRID State legislatures must make choices when making spending decisions on important state programs. How would you like your legislature to spend money on each of the five areas below? legislature spending ROWS CC20_443_1 Welfare CC20_443_2 Health Care CC20_443_3 Education CC20_443_4 Law Enforcement CC20_443_5 Transportation/Infrastructure COLUMNS 1 ○ Greatly increase 2 ○ Slightly increase 3 ○ Maintain 4 ○ Slightly decrease 5 ○ Greatly decrease 8 Skipped 9 Not Asked Response option: Greatly increase,0.99992240693682,1.5280875028142706
CC20_443_4,CC20_443,target_post,CC20_443- prompt once on skip GRID State legislatures must make choices when making spending decisions on important state programs. How would you like your legislature to spend money on each of the five areas below? legislature spending ROWS CC20_443_1 Welfare CC20_443_2 Health Care CC20_443_3 Education CC20_443_4 Law Enforcement CC20_443_5 Transportation/Infrastructure COLUMNS 1 ○ Greatly increase 2 ○ Slightly increase 3 ○ Maintain 4 ○ Slightly decrease 5 ○ Greatly decrease 8 Skipped 9 Not Asked,2,Slightly increase,1,5,Question: CC20_443- prompt once on skip GRID State legislatures must make choices when making spending decisions on important state programs. How would you like your legislature to spend money on each of the five areas below? legislature spending ROWS CC20_443_1 Welfare CC20_443_2 Health Care CC20_443_3 Education CC20_443_4 Law Enforcement CC20_443_5 Transportation/Infrastructure COLUMNS 1 ○ Greatly increase 2 ○ Slightly increase 3 ○ Maintain 4 ○ Slightly decrease 5 ○ Greatly decrease 8 Skipped 9 Not Asked Response option: Slightly increase,0.99992240693682,1.5280875028142706
CC20_443_4,CC20_443,target_post,CC20_443- prompt once on skip GRID State legislatures must make choices when making spending decisions on important state programs. How would you like your legislature to spend money on each of the five areas below? legislature spending ROWS CC20_443_1 Welfare CC20_443_2 Health Care CC20_443_3 Education CC20_443_4 Law Enforcement CC20_443_5 Transportation/Infrastructure COLUMNS 1 ○ Greatly increase 2 ○ Slightly increase 3 ○ Maintain 4 ○ Slightly decrease 5 ○ Greatly decrease 8 Skipped 9 Not Asked,3,Maintain,2,5,Question: CC20_443- prompt once on skip GRID State legislatures must make choices when making spending decisions on important state programs. How would you like your legislature to spend money on each of the five areas below? legislature spending ROWS CC20_443_1 Welfare CC20_443_2 Health Care CC20_443_3 Education CC20_443_4 Law Enforcement CC20_443_5 Transportation/Infrastructure COLUMNS 1 ○ Greatly increase 2 ○ Slightly increase 3 ○ Maintain 4 ○ Slightly decrease 5 ○ Greatly decrease 8 Skipped 9 Not Asked Response option: Maintain,0.99992240693682,1.5280875028142706
CC20_443_4,CC20_443,target_post,CC20_443- prompt once on skip GRID State legislatures must make choices when making spending decisions on important state programs. How would you like your legislature to spend money on each of the five areas below? legislature spending ROWS CC20_443_1 Welfare CC20_443_2 Health Care CC20_443_3 Education CC20_443_4 Law Enforcement CC20_443_5 Transportation/Infrastructure COLUMNS 1 ○ Greatly increase 2 ○ Slightly increase 3 ○ Maintain 4 ○ Slightly decrease 5 ○ Greatly decrease 8 Skipped 9 Not Asked,4,Slightly decrease,3,5,Question: CC20_443- prompt once on skip GRID State legislatures must make choices when making spending decisions on important state programs. How would you like your legislature to spend money on each of the five areas below? legislature spending ROWS CC20_443_1 Welfare CC20_443_2 Health Care CC20_443_3 Education CC20_443_4 Law Enforcement CC20_443_5 Transportation/Infrastructure COLUMNS 1 ○ Greatly increase 2 ○ Slightly increase 3 ○ Maintain 4 ○ Slightly decrease 5 ○ Greatly decrease 8 Skipped 9 Not Asked Response option: Slightly decrease,0.99992240693682,1.5280875028142706
CC20_443_4,CC20_443,target_post,CC20_443- prompt once on skip GRID State legislatures must make choices when making spending decisions on important state programs. How would you like your legislature to spend money on each of the five areas below? legislature spending ROWS CC20_443_1 Welfare CC20_443_2 Health Care CC20_443_3 Education CC20_443_4 Law Enforcement CC20_443_5 Transportation/Infrastructure COLUMNS 1 ○ Greatly increase 2 ○ Slightly increase 3 ○ Maintain 4 ○ Slightly decrease 5 ○ Greatly decrease 8 Skipped 9 Not Asked,5,Greatly decrease,4,5,Question: CC20_443- prompt once on skip GRID State legislatures must make choices when making spending decisions on important state programs. How would you like your legislature to spend money on each of the five areas below? legislature spending ROWS CC20_443_1 Welfare CC20_443_2 Health Care CC20_443_3 Education CC20_443_4 Law Enforcement CC20_443_5 Transportation/Infrastructure COLUMNS 1 ○ Greatly increase 2 ○ Slightly increase 3 ○ Maintain 4 ○ Slightly decrease 5 ○ Greatly decrease 8 Skipped 9 Not Asked Response option: Greatly decrease,0.99992240693682,1.5280875028142706
CC20_443_5,CC20_443,target_post,CC20_443- prompt once on skip GRID State legislatures must make choices when making spending decisions on important state programs. How would you like your legislature to spend money on each of the five areas below? legislature spending ROWS CC20_443_1 Welfare CC20_443_2 Health Care CC20_443_3 Education CC20_443_4 Law Enforcement CC20_443_5 Transportation/Infrastructure COLUMNS 1 ○ Greatly increase 2 ○ Slightly increase 3 ○ Maintain 4 ○ Slightly decrease 5 ○ Greatly decrease 8 Skipped 9 Not Asked,1,Greatly increase,0,5,Question: CC20_443- prompt once on skip GRID State legislatures must make choices when making spending decisions on important state programs. How would you like your legislature to spend money on each of the five areas below? legislature spending ROWS CC20_443_1 Welfare CC20_443_2 Health Care CC20_443_3 Education CC20_443_4 Law Enforcement CC20_443_5 Transportation/Infrastructure COLUMNS 1 ○ Greatly increase 2 ○ Slightly increase 3 ○ Maintain 4 ○ Slightly decrease 5 ○ Greatly decrease 8 Skipped 9 Not Asked Response option: Greatly increase,0.9997284242788694,1.2656084558892589
CC20_443_5,CC20_443,target_post,CC20_443- prompt once on skip GRID State legislatures must make choices when making spending decisions on important state programs. How would you like your legislature to spend money on each of the five areas below? legislature spending ROWS CC20_443_1 Welfare CC20_443_2 Health Care CC20_443_3 Education CC20_443_4 Law Enforcement CC20_443_5 Transportation/Infrastructure COLUMNS 1 ○ Greatly increase 2 ○ Slightly increase 3 ○ Maintain 4 ○ Slightly decrease 5 ○ Greatly decrease 8 Skipped 9 Not Asked,2,Slightly increase,1,5,Question: CC20_443- prompt once on skip GRID State legislatures must make choices when making spending decisions on important state programs. How would you like your legislature to spend money on each of the five areas below? legislature spending ROWS CC20_443_1 Welfare CC20_443_2 Health Care CC20_443_3 Education CC20_443_4 Law Enforcement CC20_443_5 Transportation/Infrastructure COLUMNS 1 ○ Greatly increase 2 ○ Slightly increase 3 ○ Maintain 4 ○ Slightly decrease 5 ○ Greatly decrease 8 Skipped 9 Not Asked Response option: Slightly increase,0.9997284242788694,1.2656084558892589
CC20_443_5,CC20_443,target_post,CC20_443- prompt once on skip GRID State legislatures must make choices when making spending decisions on important state programs. How would you like your legislature to spend money on each of the five areas below? legislature spending ROWS CC20_443_1 Welfare CC20_443_2 Health Care CC20_443_3 Education CC20_443_4 Law Enforcement CC20_443_5 Transportation/Infrastructure COLUMNS 1 ○ Greatly increase 2 ○ Slightly increase 3 ○ Maintain 4 ○ Slightly decrease 5 ○ Greatly decrease 8 Skipped 9 Not Asked,3,Maintain,2,5,Question: CC20_443- prompt once on skip GRID State legislatures must make choices when making spending decisions on important state programs. How would you like your legislature to spend money on each of the five areas below? legislature spending ROWS CC20_443_1 Welfare CC20_443_2 Health Care CC20_443_3 Education CC20_443_4 Law Enforcement CC20_443_5 Transportation/Infrastructure COLUMNS 1 ○ Greatly increase 2 ○ Slightly increase 3 ○ Maintain 4 ○ Slightly decrease 5 ○ Greatly decrease 8 Skipped 9 Not Asked Response option: Maintain,0.9997284242788694,1.2656084558892589
CC20_443_5,CC20_443,target_post,CC20_443- prompt once on skip GRID State legislatures must make choices when making spending decisions on important state programs. How would you like your legislature to spend money on each of the five areas below? legislature spending ROWS CC20_443_1 Welfare CC20_443_2 Health Care CC20_443_3 Education CC20_443_4 Law Enforcement CC20_443_5 Transportation/Infrastructure COLUMNS 1 ○ Greatly increase 2 ○ Slightly increase 3 ○ Maintain 4 ○ Slightly decrease 5 ○ Greatly decrease 8 Skipped 9 Not Asked,4,Slightly decrease,3,5,Question: CC20_443- prompt once on skip GRID State legislatures must make choices when making spending decisions on important state programs. How would you like your legislature to spend money on each of the five areas below? legislature spending ROWS CC20_443_1 Welfare CC20_443_2 Health Care CC20_443_3 Education CC20_443_4 Law Enforcement CC20_443_5 Transportation/Infrastructure COLUMNS 1 ○ Greatly increase 2 ○ Slightly increase 3 ○ Maintain 4 ○ Slightly decrease 5 ○ Greatly decrease 8 Skipped 9 Not Asked Response option: Slightly decrease,0.9997284242788694,1.2656084558892589
CC20_443_5,CC20_443,target_post,CC20_443- prompt once on skip GRID State legislatures must make choices when making spending decisions on important state programs. How would you like your legislature to spend money on each of the five areas below? legislature spending ROWS CC20_443_1 Welfare CC20_443_2 Health Care CC20_443_3 Education CC20_443_4 Law Enforcement CC20_443_5 Transportation/Infrastructure COLUMNS 1 ○ Greatly increase 2 ○ Slightly increase 3 ○ Maintain 4 ○ Slightly decrease 5 ○ Greatly decrease 8 Skipped 9 Not Asked,5,Greatly decrease,4,5,Question: CC20_443- prompt once on skip GRID State legislatures must make choices when making spending decisions on important state programs. How would you like your legislature to spend money on each of the five areas below? legislature spending ROWS CC20_443_1 Welfare CC20_443_2 Health Care CC20_443_3 Education CC20_443_4 Law Enforcement CC20_443_5 Transportation/Infrastructure COLUMNS 1 ○ Greatly increase 2 ○ Slightly increase 3 ○ Maintain 4 ○ Slightly decrease 5 ○ Greatly decrease 8 Skipped 9 Not Asked Response option: Greatly decrease,0.9997284242788694,1.2656084558892589
