item,family,found,page,definition_count,branch_risk,randomized,multiple_select,dynamic_text,raw_snippet,proxy_text,parent_fallback,item_specific_text,wave,paired_coverage,n_unique,entropy_nats
CC20_300_1,CC20_300,True,16,5,False,False,True,False,"[CC20_300] {multiple} In the past 24 hours have you... (check all that apply) (Allows multiple selections) ▢ [1] Used social media (such as Facebook or Youtube) ▢ [2] Watched TV news ⎘ CC20_300a ▢ [3] Read a newspaper in print or online ⎘ CC20_300c ▢ [4] Listened to a radio news program or talk radio ▢ [5] None of these order: None varlabel: None [CC20_300a] {popup} Did you watch local news, national news, or both? (Allows one selection) ◯ [1] Local Newscast ◯ [2] National Newscast ◯ [3] Both varlabel: None [CC20_300c] {popup} Did you read a print newspaper, an online newspaper, or","CC20_300_1 [CC20_300] {multiple} In the past 24 hours have you... (check all that apply) (Allows multiple selections) ▢ [1] Used social media (such as Facebook or Youtube) ▢ [2] Watched TV news ⎘ CC20_300a ▢ [3] Read a newspaper in print or online ⎘ CC20_300c ▢ [4] Listened to a radio news program or talk radio ▢ [5] None of these order: None [CC20_300a] {popup} Did you watch local news, national news, or both? (Allows one selection) ◯ [1] Local Newscast ◯ [2] National Newscast ◯ [3] Both [CC20_300c] {popup} Did you read a print newspaper, an online newspaper, or",CC20_300,False,source_pre,1.0,2,0.5671056303832435
CC20_300_2,CC20_300,True,16,5,False,False,True,False,"[CC20_300] {multiple} In the past 24 hours have you... (check all that apply) (Allows multiple selections) ▢ [1] Used social media (such as Facebook or Youtube) ▢ [2] Watched TV news ⎘ CC20_300a ▢ [3] Read a newspaper in print or online ⎘ CC20_300c ▢ [4] Listened to a radio news program or talk radio ▢ [5] None of these order: None varlabel: None [CC20_300a] {popup} Did you watch local news, national news, or both? (Allows one selection) ◯ [1] Local Newscast ◯ [2] National Newscast ◯ [3] Both varlabel: None [CC20_300c] {popup} Did you read a print newspaper, an online newspaper, or","CC20_300_2 [CC20_300] {multiple} In the past 24 hours have you... (check all that apply) (Allows multiple selections) ▢ [1] Used social media (such as Facebook or Youtube) ▢ [2] Watched TV news ⎘ CC20_300a ▢ [3] Read a newspaper in print or online ⎘ CC20_300c ▢ [4] Listened to a radio news program or talk radio ▢ [5] None of these order: None [CC20_300a] {popup} Did you watch local news, national news, or both? (Allows one selection) ◯ [1] Local Newscast ◯ [2] National Newscast ◯ [3] Both [CC20_300c] {popup} Did you read a print newspaper, an online newspaper, or",CC20_300,False,source_pre,1.0,2,0.6586569515206309
CC20_300_3,CC20_300,True,16,5,False,False,True,False,"[CC20_300] {multiple} In the past 24 hours have you... (check all that apply) (Allows multiple selections) ▢ [1] Used social media (such as Facebook or Youtube) ▢ [2] Watched TV news ⎘ CC20_300a ▢ [3] Read a newspaper in print or online ⎘ CC20_300c ▢ [4] Listened to a radio news program or talk radio ▢ [5] None of these order: None varlabel: None [CC20_300a] {popup} Did you watch local news, national news, or both? (Allows one selection) ◯ [1] Local Newscast ◯ [2] National Newscast ◯ [3] Both varlabel: None [CC20_300c] {popup} Did you read a print newspaper, an online newspaper, or","CC20_300_3 [CC20_300] {multiple} In the past 24 hours have you... (check all that apply) (Allows multiple selections) ▢ [1] Used social media (such as Facebook or Youtube) ▢ [2] Watched TV news ⎘ CC20_300a ▢ [3] Read a newspaper in print or online ⎘ CC20_300c ▢ [4] Listened to a radio news program or talk radio ▢ [5] None of these order: None [CC20_300a] {popup} Did you watch local news, national news, or both? (Allows one selection) ◯ [1] Local Newscast ◯ [2] National Newscast ◯ [3] Both [CC20_300c] {popup} Did you read a print newspaper, an online newspaper, or",CC20_300,False,source_pre,1.0,2,0.6717298826851512
CC20_300_4,CC20_300,True,16,5,False,False,True,False,"[CC20_300] {multiple} In the past 24 hours have you... (check all that apply) (Allows multiple selections) ▢ [1] Used social media (such as Facebook or Youtube) ▢ [2] Watched TV news ⎘ CC20_300a ▢ [3] Read a newspaper in print or online ⎘ CC20_300c ▢ [4] Listened to a radio news program or talk radio ▢ [5] None of these order: None varlabel: None [CC20_300a] {popup} Did you watch local news, national news, or both? (Allows one selection) ◯ [1] Local Newscast ◯ [2] National Newscast ◯ [3] Both varlabel: None [CC20_300c] {popup} Did you read a print newspaper, an online newspaper, or","CC20_300_4 [CC20_300] {multiple} In the past 24 hours have you... (check all that apply) (Allows multiple selections) ▢ [1] Used social media (such as Facebook or Youtube) ▢ [2] Watched TV news ⎘ CC20_300a ▢ [3] Read a newspaper in print or online ⎘ CC20_300c ▢ [4] Listened to a radio news program or talk radio ▢ [5] None of these order: None [CC20_300a] {popup} Did you watch local news, national news, or both? (Allows one selection) ◯ [1] Local Newscast ◯ [2] National Newscast ◯ [3] Both [CC20_300c] {popup} Did you read a print newspaper, an online newspaper, or",CC20_300,False,source_pre,1.0,2,0.6099030295174943
CC20_300_5,CC20_300,True,16,5,False,False,True,False,"[CC20_300] {multiple} In the past 24 hours have you... (check all that apply) (Allows multiple selections) ▢ [1] Used social media (such as Facebook or Youtube) ▢ [2] Watched TV news ⎘ CC20_300a ▢ [3] Read a newspaper in print or online ⎘ CC20_300c ▢ [4] Listened to a radio news program or talk radio ▢ [5] None of these order: None varlabel: None [CC20_300a] {popup} Did you watch local news, national news, or both? (Allows one selection) ◯ [1] Local Newscast ◯ [2] National Newscast ◯ [3] Both varlabel: None [CC20_300c] {popup} Did you read a print newspaper, an online newspaper, or","CC20_300_5 [CC20_300] {multiple} In the past 24 hours have you... (check all that apply) (Allows multiple selections) ▢ [1] Used social media (such as Facebook or Youtube) ▢ [2] Watched TV news ⎘ CC20_300a ▢ [3] Read a newspaper in print or online ⎘ CC20_300c ▢ [4] Listened to a radio news program or talk radio ▢ [5] None of these order: None [CC20_300a] {popup} Did you watch local news, national news, or both? (Allows one selection) ◯ [1] Local Newscast ◯ [2] National Newscast ◯ [3] Both [CC20_300c] {popup} Did you read a print newspaper, an online newspaper, or",CC20_300,False,source_pre,1.0,2,0.1676950068330673
CC20_300a,CC20_300,True,16,2,False,False,True,False,"[CC20_300] {multiple} In the past 24 hours have you... (check all that apply) (Allows multiple selections) ▢ [1] Used social media (such as Facebook or Youtube) ▢ [2] Watched TV news ⎘ CC20_300a ▢ [3] Read a newspaper in print or online ⎘ CC20_300c ▢ [4] Listened to a radio news program or talk radio ▢ [5] None of these order: None varlabel: None [CC20_300a] {popup} Did you watch local news, national news, or both? (Allows one selection) ◯ [1] Local Newscast ◯ [2] National Newscast ◯ [3] Both varlabel: None [CC20_300c] {popup} Did you read a print newspaper, an online newspaper, or both? (Allows one selection) ◯ [1] Print ◯ [2] Online","[CC20_300] {multiple} In the past 24 hours have you... (check all that apply) (Allows multiple selections) ▢ [1] Used social media (such as Facebook or Youtube) ▢ [2] Watched TV news ⎘ CC20_300a ▢ [3] Read a newspaper in print or online ⎘ CC20_300c ▢ [4] Listened to a radio news program or talk radio ▢ [5] None of these order: None [CC20_300a] {popup} Did you watch local news, national news, or both? (Allows one selection) ◯ [1] Local Newscast ◯ [2] National Newscast ◯ [3] Both [CC20_300c] {popup} Did you read a print newspaper, an online newspaper, or both? (Allows one selection) ◯ [1] Print ◯ [2] Online",,True,source_pre,0.6189598649880701,3,1.0555465506027546
CC20_300d_1,CC20_300,True,19,1,False,False,True,False,"Questionnaire [CC20_300d] {multiple} In the past 24 hours, did you do any of the following on social media (such as Facebook, Youtube or Twitter)? shown if shown if 1 in CC20_300 (Allows multiple selections) ▢ [1] Posted a story, photo, video or link about politics ▢ [2] Posted a comment about politics ▢ [3] Read a story or watched a video about politics ▢ [4] Followed a political event ▢ [5] Forwarded a story, photo, video or link about politics to friends ▢ [6] None of the above varlabel: None","CC20_300d_1 [CC20_300d] {multiple} In the past 24 hours, did you do any of the following on social media (such as Facebook, Youtube or Twitter)? shown if shown if 1 in CC20_300 (Allows multiple selections) ▢ [1] Posted a story, photo, video or link about politics ▢ [2] Posted a comment about politics ▢ [3] Read a story or watched a video about politics ▢ [4] Followed a political event ▢ [5] Forwarded a story, photo, video or link about politics to friends ▢ [6] None of the above",CC20_300d,False,source_pre,0.7456499388954627,2,0.5536344572101168
CC20_300d_2,CC20_300,True,19,1,False,False,True,False,"Questionnaire [CC20_300d] {multiple} In the past 24 hours, did you do any of the following on social media (such as Facebook, Youtube or Twitter)? shown if shown if 1 in CC20_300 (Allows multiple selections) ▢ [1] Posted a story, photo, video or link about politics ▢ [2] Posted a comment about politics ▢ [3] Read a story or watched a video about politics ▢ [4] Followed a political event ▢ [5] Forwarded a story, photo, video or link about politics to friends ▢ [6] None of the above varlabel: None","CC20_300d_2 [CC20_300d] {multiple} In the past 24 hours, did you do any of the following on social media (such as Facebook, Youtube or Twitter)? shown if shown if 1 in CC20_300 (Allows multiple selections) ▢ [1] Posted a story, photo, video or link about politics ▢ [2] Posted a comment about politics ▢ [3] Read a story or watched a video about politics ▢ [4] Followed a political event ▢ [5] Forwarded a story, photo, video or link about politics to friends ▢ [6] None of the above",CC20_300d,False,source_pre,0.7456499388954627,2,0.6171703478295699
CC20_300d_3,CC20_300,True,19,1,False,False,True,False,"Questionnaire [CC20_300d] {multiple} In the past 24 hours, did you do any of the following on social media (such as Facebook, Youtube or Twitter)? shown if shown if 1 in CC20_300 (Allows multiple selections) ▢ [1] Posted a story, photo, video or link about politics ▢ [2] Posted a comment about politics ▢ [3] Read a story or watched a video about politics ▢ [4] Followed a political event ▢ [5] Forwarded a story, photo, video or link about politics to friends ▢ [6] None of the above varlabel: None","CC20_300d_3 [CC20_300d] {multiple} In the past 24 hours, did you do any of the following on social media (such as Facebook, Youtube or Twitter)? shown if shown if 1 in CC20_300 (Allows multiple selections) ▢ [1] Posted a story, photo, video or link about politics ▢ [2] Posted a comment about politics ▢ [3] Read a story or watched a video about politics ▢ [4] Followed a political event ▢ [5] Forwarded a story, photo, video or link about politics to friends ▢ [6] None of the above",CC20_300d,False,source_pre,0.7456499388954627,2,0.674999037378852
CC20_300d_4,CC20_300,True,19,1,False,False,True,False,"Questionnaire [CC20_300d] {multiple} In the past 24 hours, did you do any of the following on social media (such as Facebook, Youtube or Twitter)? shown if shown if 1 in CC20_300 (Allows multiple selections) ▢ [1] Posted a story, photo, video or link about politics ▢ [2] Posted a comment about politics ▢ [3] Read a story or watched a video about politics ▢ [4] Followed a political event ▢ [5] Forwarded a story, photo, video or link about politics to friends ▢ [6] None of the above varlabel: None","CC20_300d_4 [CC20_300d] {multiple} In the past 24 hours, did you do any of the following on social media (such as Facebook, Youtube or Twitter)? shown if shown if 1 in CC20_300 (Allows multiple selections) ▢ [1] Posted a story, photo, video or link about politics ▢ [2] Posted a comment about politics ▢ [3] Read a story or watched a video about politics ▢ [4] Followed a political event ▢ [5] Forwarded a story, photo, video or link about politics to friends ▢ [6] None of the above",CC20_300d,False,source_pre,0.7456499388954627,2,0.5454881326725542
CC20_300d_5,CC20_300,True,19,1,False,False,True,False,"Questionnaire [CC20_300d] {multiple} In the past 24 hours, did you do any of the following on social media (such as Facebook, Youtube or Twitter)? shown if shown if 1 in CC20_300 (Allows multiple selections) ▢ [1] Posted a story, photo, video or link about politics ▢ [2] Posted a comment about politics ▢ [3] Read a story or watched a video about politics ▢ [4] Followed a political event ▢ [5] Forwarded a story, photo, video or link about politics to friends ▢ [6] None of the above varlabel: None","CC20_300d_5 [CC20_300d] {multiple} In the past 24 hours, did you do any of the following on social media (such as Facebook, Youtube or Twitter)? shown if shown if 1 in CC20_300 (Allows multiple selections) ▢ [1] Posted a story, photo, video or link about politics ▢ [2] Posted a comment about politics ▢ [3] Read a story or watched a video about politics ▢ [4] Followed a political event ▢ [5] Forwarded a story, photo, video or link about politics to friends ▢ [6] None of the above",CC20_300d,False,source_pre,0.7456499388954627,2,0.5801676556094569
CC20_300d_6,CC20_300,True,19,1,False,False,True,False,"Questionnaire [CC20_300d] {multiple} In the past 24 hours, did you do any of the following on social media (such as Facebook, Youtube or Twitter)? shown if shown if 1 in CC20_300 (Allows multiple selections) ▢ [1] Posted a story, photo, video or link about politics ▢ [2] Posted a comment about politics ▢ [3] Read a story or watched a video about politics ▢ [4] Followed a political event ▢ [5] Forwarded a story, photo, video or link about politics to friends ▢ [6] None of the above varlabel: None","CC20_300d_6 [CC20_300d] {multiple} In the past 24 hours, did you do any of the following on social media (such as Facebook, Youtube or Twitter)? shown if shown if 1 in CC20_300 (Allows multiple selections) ▢ [1] Posted a story, photo, video or link about politics ▢ [2] Posted a comment about politics ▢ [3] Read a story or watched a video about politics ▢ [4] Followed a political event ▢ [5] Forwarded a story, photo, video or link about politics to friends ▢ [6] None of the above",CC20_300d,False,source_pre,0.7234001280285542,2,0.6131282251195984
CC20_302,CC20_302,True,20,1,False,False,False,False,[CC20_302] {single} Would you say that OVER THE PAST YEAR the nation's economy has ... (Allows one selection) ◯ [1] Gotten much better ◯ [2] Gotten somewhat better ◯ [3] Stayed about the same ◯ [4] Gotten somewhat worse ◯ [5] Gotten much worse ◯ [6] Not sure varlabel: None,[CC20_302] {single} Would you say that OVER THE PAST YEAR the nation's economy has ... (Allows one selection) ◯ [1] Gotten much better ◯ [2] Gotten somewhat better ◯ [3] Stayed about the same ◯ [4] Gotten somewhat worse ◯ [5] Gotten much worse ◯ [6] Not sure,,True,source_pre,0.9982347578126516,6,1.4684927749973486
CC20_303,CC20_303,True,21,1,False,False,False,False,"[CC20_303] {single} OVER THE PAST YEAR, has your household's annual income…? (Allows one selection) ◯ [1] Increased a lot ◯ [2] Increased somewhat ◯ [3] Stayed about the same ◯ [4] Decreased somewhat ◯ [5] Decreased a lot varlabel: None","[CC20_303] {single} OVER THE PAST YEAR, has your household's annual income…? (Allows one selection) ◯ [1] Increased a lot ◯ [2] Increased somewhat ◯ [3] Stayed about the same ◯ [4] Decreased somewhat ◯ [5] Decreased a lot",,True,source_pre,0.9987003161917324,5,1.2666130216247058
CC20_305_1,CC20_305,True,22,1,False,False,True,False,[CC20_305] {multiple} Over the past year have you... (Allows multiple selections) ▢ [1] Married ▢ [2] Lost a job ▢ [3] Finished school ▢ [4] Retired ▢ [5] Divorced ▢ [6] Had a child ▢ [7] Taken a new job ▢ [9] Been a victim of a crime ▢ [10] Visited an emergency room ▢ [11] Visited a doctor for a regular examination ▢ [12] Received a raise at work ▢ [13] Had a pay cut at work varlabel: None,CC20_305_1 [CC20_305] {multiple} Over the past year have you... (Allows multiple selections) ▢ [1] Married ▢ [2] Lost a job ▢ [3] Finished school ▢ [4] Retired ▢ [5] Divorced ▢ [6] Had a child ▢ [7] Taken a new job ▢ [9] Been a victim of a crime ▢ [10] Visited an emergency room ▢ [11] Visited a doctor for a regular examination ▢ [12] Received a raise at work ▢ [13] Had a pay cut at work,CC20_305,False,source_pre,1.0,2,0.1290637957603295
CC20_305_10,CC20_305,True,22,1,False,False,True,False,[CC20_305] {multiple} Over the past year have you... (Allows multiple selections) ▢ [1] Married ▢ [2] Lost a job ▢ [3] Finished school ▢ [4] Retired ▢ [5] Divorced ▢ [6] Had a child ▢ [7] Taken a new job ▢ [9] Been a victim of a crime ▢ [10] Visited an emergency room ▢ [11] Visited a doctor for a regular examination ▢ [12] Received a raise at work ▢ [13] Had a pay cut at work varlabel: None,CC20_305_10 [CC20_305] {multiple} Over the past year have you... (Allows multiple selections) ▢ [1] Married ▢ [2] Lost a job ▢ [3] Finished school ▢ [4] Retired ▢ [5] Divorced ▢ [6] Had a child ▢ [7] Taken a new job ▢ [9] Been a victim of a crime ▢ [10] Visited an emergency room ▢ [11] Visited a doctor for a regular examination ▢ [12] Received a raise at work ▢ [13] Had a pay cut at work,CC20_305,False,source_pre,1.0,2,0.4694116561057708
CC20_305_11,CC20_305,True,22,1,False,False,True,False,[CC20_305] {multiple} Over the past year have you... (Allows multiple selections) ▢ [1] Married ▢ [2] Lost a job ▢ [3] Finished school ▢ [4] Retired ▢ [5] Divorced ▢ [6] Had a child ▢ [7] Taken a new job ▢ [9] Been a victim of a crime ▢ [10] Visited an emergency room ▢ [11] Visited a doctor for a regular examination ▢ [12] Received a raise at work ▢ [13] Had a pay cut at work varlabel: None,CC20_305_11 [CC20_305] {multiple} Over the past year have you... (Allows multiple selections) ▢ [1] Married ▢ [2] Lost a job ▢ [3] Finished school ▢ [4] Retired ▢ [5] Divorced ▢ [6] Had a child ▢ [7] Taken a new job ▢ [9] Been a victim of a crime ▢ [10] Visited an emergency room ▢ [11] Visited a doctor for a regular examination ▢ [12] Received a raise at work ▢ [13] Had a pay cut at work,CC20_305,False,source_pre,1.0,2,0.66873168434308
CC20_305_12,CC20_305,True,22,1,False,False,True,False,[CC20_305] {multiple} Over the past year have you... (Allows multiple selections) ▢ [1] Married ▢ [2] Lost a job ▢ [3] Finished school ▢ [4] Retired ▢ [5] Divorced ▢ [6] Had a child ▢ [7] Taken a new job ▢ [9] Been a victim of a crime ▢ [10] Visited an emergency room ▢ [11] Visited a doctor for a regular examination ▢ [12] Received a raise at work ▢ [13] Had a pay cut at work varlabel: None,CC20_305_12 [CC20_305] {multiple} Over the past year have you... (Allows multiple selections) ▢ [1] Married ▢ [2] Lost a job ▢ [3] Finished school ▢ [4] Retired ▢ [5] Divorced ▢ [6] Had a child ▢ [7] Taken a new job ▢ [9] Been a victim of a crime ▢ [10] Visited an emergency room ▢ [11] Visited a doctor for a regular examination ▢ [12] Received a raise at work ▢ [13] Had a pay cut at work,CC20_305,False,source_pre,1.0,2,0.4022377907006078
CC20_305_13,CC20_305,True,22,1,False,False,True,False,[CC20_305] {multiple} Over the past year have you... (Allows multiple selections) ▢ [1] Married ▢ [2] Lost a job ▢ [3] Finished school ▢ [4] Retired ▢ [5] Divorced ▢ [6] Had a child ▢ [7] Taken a new job ▢ [9] Been a victim of a crime ▢ [10] Visited an emergency room ▢ [11] Visited a doctor for a regular examination ▢ [12] Received a raise at work ▢ [13] Had a pay cut at work varlabel: None,CC20_305_13 [CC20_305] {multiple} Over the past year have you... (Allows multiple selections) ▢ [1] Married ▢ [2] Lost a job ▢ [3] Finished school ▢ [4] Retired ▢ [5] Divorced ▢ [6] Had a child ▢ [7] Taken a new job ▢ [9] Been a victim of a crime ▢ [10] Visited an emergency room ▢ [11] Visited a doctor for a regular examination ▢ [12] Received a raise at work ▢ [13] Had a pay cut at work,CC20_305,False,source_pre,1.0,2,0.2683622613259498
CC20_305_2,CC20_305,True,22,1,False,False,True,False,[CC20_305] {multiple} Over the past year have you... (Allows multiple selections) ▢ [1] Married ▢ [2] Lost a job ▢ [3] Finished school ▢ [4] Retired ▢ [5] Divorced ▢ [6] Had a child ▢ [7] Taken a new job ▢ [9] Been a victim of a crime ▢ [10] Visited an emergency room ▢ [11] Visited a doctor for a regular examination ▢ [12] Received a raise at work ▢ [13] Had a pay cut at work varlabel: None,CC20_305_2 [CC20_305] {multiple} Over the past year have you... (Allows multiple selections) ▢ [1] Married ▢ [2] Lost a job ▢ [3] Finished school ▢ [4] Retired ▢ [5] Divorced ▢ [6] Had a child ▢ [7] Taken a new job ▢ [9] Been a victim of a crime ▢ [10] Visited an emergency room ▢ [11] Visited a doctor for a regular examination ▢ [12] Received a raise at work ▢ [13] Had a pay cut at work,CC20_305,False,source_pre,1.0,2,0.3183349348002611
CC20_305_3,CC20_305,True,22,1,False,False,True,False,[CC20_305] {multiple} Over the past year have you... (Allows multiple selections) ▢ [1] Married ▢ [2] Lost a job ▢ [3] Finished school ▢ [4] Retired ▢ [5] Divorced ▢ [6] Had a child ▢ [7] Taken a new job ▢ [9] Been a victim of a crime ▢ [10] Visited an emergency room ▢ [11] Visited a doctor for a regular examination ▢ [12] Received a raise at work ▢ [13] Had a pay cut at work varlabel: None,CC20_305_3 [CC20_305] {multiple} Over the past year have you... (Allows multiple selections) ▢ [1] Married ▢ [2] Lost a job ▢ [3] Finished school ▢ [4] Retired ▢ [5] Divorced ▢ [6] Had a child ▢ [7] Taken a new job ▢ [9] Been a victim of a crime ▢ [10] Visited an emergency room ▢ [11] Visited a doctor for a regular examination ▢ [12] Received a raise at work ▢ [13] Had a pay cut at work,CC20_305,False,source_pre,1.0,2,0.1040172614346336
CC20_305_4,CC20_305,True,22,1,False,False,True,False,[CC20_305] {multiple} Over the past year have you... (Allows multiple selections) ▢ [1] Married ▢ [2] Lost a job ▢ [3] Finished school ▢ [4] Retired ▢ [5] Divorced ▢ [6] Had a child ▢ [7] Taken a new job ▢ [9] Been a victim of a crime ▢ [10] Visited an emergency room ▢ [11] Visited a doctor for a regular examination ▢ [12] Received a raise at work ▢ [13] Had a pay cut at work varlabel: None,CC20_305_4 [CC20_305] {multiple} Over the past year have you... (Allows multiple selections) ▢ [1] Married ▢ [2] Lost a job ▢ [3] Finished school ▢ [4] Retired ▢ [5] Divorced ▢ [6] Had a child ▢ [7] Taken a new job ▢ [9] Been a victim of a crime ▢ [10] Visited an emergency room ▢ [11] Visited a doctor for a regular examination ▢ [12] Received a raise at work ▢ [13] Had a pay cut at work,CC20_305,False,source_pre,1.0,2,0.1465777767437152
CC20_305_5,CC20_305,True,22,1,False,False,True,False,[CC20_305] {multiple} Over the past year have you... (Allows multiple selections) ▢ [1] Married ▢ [2] Lost a job ▢ [3] Finished school ▢ [4] Retired ▢ [5] Divorced ▢ [6] Had a child ▢ [7] Taken a new job ▢ [9] Been a victim of a crime ▢ [10] Visited an emergency room ▢ [11] Visited a doctor for a regular examination ▢ [12] Received a raise at work ▢ [13] Had a pay cut at work varlabel: None,CC20_305_5 [CC20_305] {multiple} Over the past year have you... (Allows multiple selections) ▢ [1] Married ▢ [2] Lost a job ▢ [3] Finished school ▢ [4] Retired ▢ [5] Divorced ▢ [6] Had a child ▢ [7] Taken a new job ▢ [9] Been a victim of a crime ▢ [10] Visited an emergency room ▢ [11] Visited a doctor for a regular examination ▢ [12] Received a raise at work ▢ [13] Had a pay cut at work,CC20_305,False,source_pre,1.0,2,0.0558668935724457
CC20_305_6,CC20_305,True,22,1,False,False,True,False,[CC20_305] {multiple} Over the past year have you... (Allows multiple selections) ▢ [1] Married ▢ [2] Lost a job ▢ [3] Finished school ▢ [4] Retired ▢ [5] Divorced ▢ [6] Had a child ▢ [7] Taken a new job ▢ [9] Been a victim of a crime ▢ [10] Visited an emergency room ▢ [11] Visited a doctor for a regular examination ▢ [12] Received a raise at work ▢ [13] Had a pay cut at work varlabel: None,CC20_305_6 [CC20_305] {multiple} Over the past year have you... (Allows multiple selections) ▢ [1] Married ▢ [2] Lost a job ▢ [3] Finished school ▢ [4] Retired ▢ [5] Divorced ▢ [6] Had a child ▢ [7] Taken a new job ▢ [9] Been a victim of a crime ▢ [10] Visited an emergency room ▢ [11] Visited a doctor for a regular examination ▢ [12] Received a raise at work ▢ [13] Had a pay cut at work,CC20_305,False,source_pre,1.0,2,0.1014157082598675
CC20_305_7,CC20_305,True,22,1,False,False,True,False,[CC20_305] {multiple} Over the past year have you... (Allows multiple selections) ▢ [1] Married ▢ [2] Lost a job ▢ [3] Finished school ▢ [4] Retired ▢ [5] Divorced ▢ [6] Had a child ▢ [7] Taken a new job ▢ [9] Been a victim of a crime ▢ [10] Visited an emergency room ▢ [11] Visited a doctor for a regular examination ▢ [12] Received a raise at work ▢ [13] Had a pay cut at work varlabel: None,CC20_305_7 [CC20_305] {multiple} Over the past year have you... (Allows multiple selections) ▢ [1] Married ▢ [2] Lost a job ▢ [3] Finished school ▢ [4] Retired ▢ [5] Divorced ▢ [6] Had a child ▢ [7] Taken a new job ▢ [9] Been a victim of a crime ▢ [10] Visited an emergency room ▢ [11] Visited a doctor for a regular examination ▢ [12] Received a raise at work ▢ [13] Had a pay cut at work,CC20_305,False,source_pre,1.0,2,0.319113428148828
CC20_305_9,CC20_305,True,22,1,False,False,True,False,[CC20_305] {multiple} Over the past year have you... (Allows multiple selections) ▢ [1] Married ▢ [2] Lost a job ▢ [3] Finished school ▢ [4] Retired ▢ [5] Divorced ▢ [6] Had a child ▢ [7] Taken a new job ▢ [9] Been a victim of a crime ▢ [10] Visited an emergency room ▢ [11] Visited a doctor for a regular examination ▢ [12] Received a raise at work ▢ [13] Had a pay cut at work varlabel: None,CC20_305_9 [CC20_305] {multiple} Over the past year have you... (Allows multiple selections) ▢ [1] Married ▢ [2] Lost a job ▢ [3] Finished school ▢ [4] Retired ▢ [5] Divorced ▢ [6] Had a child ▢ [7] Taken a new job ▢ [9] Been a victim of a crime ▢ [10] Visited an emergency room ▢ [11] Visited a doctor for a regular examination ▢ [12] Received a raise at work ▢ [13] Had a pay cut at work,CC20_305,False,source_pre,1.0,2,0.1301586910556196
CC20_307,CC20_307,True,23,1,False,False,False,False,[CC20_307] {single} Do the police make you feel...? (Allows one selection) ◯ [1] Mostly safe ◯ [2] Somewhat safe ◯ [3] Somewhat unsafe ◯ [4] Mostly unsafe varlabel: None,[CC20_307] {single} Do the police make you feel...? (Allows one selection) ◯ [1] Mostly safe ◯ [2] Somewhat safe ◯ [3] Somewhat unsafe ◯ [4] Mostly unsafe,,True,source_pre,0.9987003161917324,4,1.1671283804179653
CC20_309a_1,CC20_309,True,24,5,False,False,True,False,"Questionnaire [CC20_309a] {multiple} Have you or someone you know been diagnosed with the novel coronavirus (COVID-19) during the past year? (select all that apply) (Allows multiple selections) ▢ [1] Yes, I have ▢ [2] Yes, a family member ▢ [3] Yes, a friend ▢ [4] Yes, a co-worker ▢ [5] No, I do not know anyone who has been diagnosed varlabel: None","CC20_309a_1 [CC20_309a] {multiple} Have you or someone you know been diagnosed with the novel coronavirus (COVID-19) during the past year? (select all that apply) (Allows multiple selections) ▢ [1] Yes, I have ▢ [2] Yes, a family member ▢ [3] Yes, a friend ▢ [4] Yes, a co-worker ▢ [5] No, I do not know anyone who has been diagnosed",CC20_309a,False,source_pre,1.0,2,0.1800813109513619
CC20_309a_2,CC20_309,True,24,5,False,False,True,False,"Questionnaire [CC20_309a] {multiple} Have you or someone you know been diagnosed with the novel coronavirus (COVID-19) during the past year? (select all that apply) (Allows multiple selections) ▢ [1] Yes, I have ▢ [2] Yes, a family member ▢ [3] Yes, a friend ▢ [4] Yes, a co-worker ▢ [5] No, I do not know anyone who has been diagnosed varlabel: None","CC20_309a_2 [CC20_309a] {multiple} Have you or someone you know been diagnosed with the novel coronavirus (COVID-19) during the past year? (select all that apply) (Allows multiple selections) ▢ [1] Yes, I have ▢ [2] Yes, a family member ▢ [3] Yes, a friend ▢ [4] Yes, a co-worker ▢ [5] No, I do not know anyone who has been diagnosed",CC20_309a,False,source_pre,1.0,2,0.5115123100235909
CC20_309a_3,CC20_309,True,24,5,False,False,True,False,"Questionnaire [CC20_309a] {multiple} Have you or someone you know been diagnosed with the novel coronavirus (COVID-19) during the past year? (select all that apply) (Allows multiple selections) ▢ [1] Yes, I have ▢ [2] Yes, a family member ▢ [3] Yes, a friend ▢ [4] Yes, a co-worker ▢ [5] No, I do not know anyone who has been diagnosed varlabel: None","CC20_309a_3 [CC20_309a] {multiple} Have you or someone you know been diagnosed with the novel coronavirus (COVID-19) during the past year? (select all that apply) (Allows multiple selections) ▢ [1] Yes, I have ▢ [2] Yes, a family member ▢ [3] Yes, a friend ▢ [4] Yes, a co-worker ▢ [5] No, I do not know anyone who has been diagnosed",CC20_309a,False,source_pre,1.0,2,0.6283183830911819
CC20_309a_4,CC20_309,True,24,5,False,False,True,False,"Questionnaire [CC20_309a] {multiple} Have you or someone you know been diagnosed with the novel coronavirus (COVID-19) during the past year? (select all that apply) (Allows multiple selections) ▢ [1] Yes, I have ▢ [2] Yes, a family member ▢ [3] Yes, a friend ▢ [4] Yes, a co-worker ▢ [5] No, I do not know anyone who has been diagnosed varlabel: None","CC20_309a_4 [CC20_309a] {multiple} Have you or someone you know been diagnosed with the novel coronavirus (COVID-19) during the past year? (select all that apply) (Allows multiple selections) ▢ [1] Yes, I have ▢ [2] Yes, a family member ▢ [3] Yes, a friend ▢ [4] Yes, a co-worker ▢ [5] No, I do not know anyone who has been diagnosed",CC20_309a,False,source_pre,1.0,2,0.3762082895610391
CC20_309a_5,CC20_309,True,24,5,False,False,True,False,"Questionnaire [CC20_309a] {multiple} Have you or someone you know been diagnosed with the novel coronavirus (COVID-19) during the past year? (select all that apply) (Allows multiple selections) ▢ [1] Yes, I have ▢ [2] Yes, a family member ▢ [3] Yes, a friend ▢ [4] Yes, a co-worker ▢ [5] No, I do not know anyone who has been diagnosed varlabel: None","CC20_309a_5 [CC20_309a] {multiple} Have you or someone you know been diagnosed with the novel coronavirus (COVID-19) during the past year? (select all that apply) (Allows multiple selections) ▢ [1] Yes, I have ▢ [2] Yes, a family member ▢ [3] Yes, a friend ▢ [4] Yes, a co-worker ▢ [5] No, I do not know anyone who has been diagnosed",CC20_309a,False,source_pre,1.0,2,0.6904063511685687
CC20_309b_4,CC20_309,True,25,1,False,False,True,False,"Questionnaire [CC20_309b] {multiple} Do you know anyone who died from the novel coronavirus (COVID-19)? (select all that apply) shown if shown if CC20_309a.has_any([2,3,4]) (Allows multiple selections) ▢ [1] Yes, a family member (shown if shown if 2 in CC20_309a) ▢ [2] Yes, a friend (shown if shown if 3 in CC20_309a) ▢ [3] Yes, a co-worker (shown if shown if 4 in CC20_309a) ▢ [4] No, I do not know anyone who has died from coronavirus","CC20_309b_4 [CC20_309b] {multiple} Do you know anyone who died from the novel coronavirus (COVID-19)? (select all that apply) shown if shown if CC20_309a.has_any([2,3,4]) (Allows multiple selections) ▢ [1] Yes, a family member (shown if shown if 2 in CC20_309a) ▢ [2] Yes, a friend (shown if shown if 3 in CC20_309a) ▢ [3] Yes, a co-worker (shown if shown if 4 in CC20_309a) ▢ [4] No, I do not know anyone who has died from coronavirus",CC20_309b,False,source_pre,0.5140734418343,2,0.6162544045958657
CC20_309c_1,CC20_309,True,26,1,False,False,True,False,"Questionnaire [CC20_309c] {multiple} How did your work status change this year as a result of the coronavirus pandemic? (select all that apply) (Allows multiple selections) ▢ [1] My hours have been reduced ▢ [2] My hours were reduced, but they have been restored ▢ [3] I have been temporarily laid off ▢ [4] I was temporarily laid off but have now been re-hired ▢ [5] I had more than one job before the pandemic, and lost one of them. ▢ [6] I lost my job ▢ [7] I was not working when the pandemic began ▢ [8] My hours have increased ▢ [9] I have taken additional jobs since the pandemic ▢ [10] No, nothing about my work has changed varlabel: None","CC20_309c_1 [CC20_309c] {multiple} How did your work status change this year as a result of the coronavirus pandemic? (select all that apply) (Allows multiple selections) ▢ [1] My hours have been reduced ▢ [2] My hours were reduced, but they have been restored ▢ [3] I have been temporarily laid off ▢ [4] I was temporarily laid off but have now been re-hired ▢ [5] I had more than one job before the pandemic, and lost one of them. ▢ [6] I lost my job ▢ [7] I was not working when the pandemic began ▢ [8] My hours have increased ▢ [9] I have taken additional jobs since the pandemic ▢ [10] No, nothing about my work has changed",CC20_309c,False,source_pre,1.0,2,0.32401183354759
CC20_309c_10,CC20_309,True,26,1,False,False,True,False,"Questionnaire [CC20_309c] {multiple} How did your work status change this year as a result of the coronavirus pandemic? (select all that apply) (Allows multiple selections) ▢ [1] My hours have been reduced ▢ [2] My hours were reduced, but they have been restored ▢ [3] I have been temporarily laid off ▢ [4] I was temporarily laid off but have now been re-hired ▢ [5] I had more than one job before the pandemic, and lost one of them. ▢ [6] I lost my job ▢ [7] I was not working when the pandemic began ▢ [8] My hours have increased ▢ [9] I have taken additional jobs since the pandemic ▢ [10] No, nothing about my work has changed varlabel: None","CC20_309c_10 [CC20_309c] {multiple} How did your work status change this year as a result of the coronavirus pandemic? (select all that apply) (Allows multiple selections) ▢ [1] My hours have been reduced ▢ [2] My hours were reduced, but they have been restored ▢ [3] I have been temporarily laid off ▢ [4] I was temporarily laid off but have now been re-hired ▢ [5] I had more than one job before the pandemic, and lost one of them. ▢ [6] I lost my job ▢ [7] I was not working when the pandemic began ▢ [8] My hours have increased ▢ [9] I have taken additional jobs since the pandemic ▢ [10] No, nothing about my work has changed",CC20_309c,False,source_pre,1.0,2,0.6896171167263538
CC20_309c_2,CC20_309,True,26,1,False,False,True,False,"Questionnaire [CC20_309c] {multiple} How did your work status change this year as a result of the coronavirus pandemic? (select all that apply) (Allows multiple selections) ▢ [1] My hours have been reduced ▢ [2] My hours were reduced, but they have been restored ▢ [3] I have been temporarily laid off ▢ [4] I was temporarily laid off but have now been re-hired ▢ [5] I had more than one job before the pandemic, and lost one of them. ▢ [6] I lost my job ▢ [7] I was not working when the pandemic began ▢ [8] My hours have increased ▢ [9] I have taken additional jobs since the pandemic ▢ [10] No, nothing about my work has changed varlabel: None","CC20_309c_2 [CC20_309c] {multiple} How did your work status change this year as a result of the coronavirus pandemic? (select all that apply) (Allows multiple selections) ▢ [1] My hours have been reduced ▢ [2] My hours were reduced, but they have been restored ▢ [3] I have been temporarily laid off ▢ [4] I was temporarily laid off but have now been re-hired ▢ [5] I had more than one job before the pandemic, and lost one of them. ▢ [6] I lost my job ▢ [7] I was not working when the pandemic began ▢ [8] My hours have increased ▢ [9] I have taken additional jobs since the pandemic ▢ [10] No, nothing about my work has changed",CC20_309c,False,source_pre,1.0,2,0.2107528330686262
CC20_309c_3,CC20_309,True,26,1,False,False,True,False,"Questionnaire [CC20_309c] {multiple} How did your work status change this year as a result of the coronavirus pandemic? (select all that apply) (Allows multiple selections) ▢ [1] My hours have been reduced ▢ [2] My hours were reduced, but they have been restored ▢ [3] I have been temporarily laid off ▢ [4] I was temporarily laid off but have now been re-hired ▢ [5] I had more than one job before the pandemic, and lost one of them. ▢ [6] I lost my job ▢ [7] I was not working when the pandemic began ▢ [8] My hours have increased ▢ [9] I have taken additional jobs since the pandemic ▢ [10] No, nothing about my work has changed varlabel: None","CC20_309c_3 [CC20_309c] {multiple} How did your work status change this year as a result of the coronavirus pandemic? (select all that apply) (Allows multiple selections) ▢ [1] My hours have been reduced ▢ [2] My hours were reduced, but they have been restored ▢ [3] I have been temporarily laid off ▢ [4] I was temporarily laid off but have now been re-hired ▢ [5] I had more than one job before the pandemic, and lost one of them. ▢ [6] I lost my job ▢ [7] I was not working when the pandemic began ▢ [8] My hours have increased ▢ [9] I have taken additional jobs since the pandemic ▢ [10] No, nothing about my work has changed",CC20_309c,False,source_pre,1.0,2,0.1670776315903833
CC20_309c_4,CC20_309,True,26,1,False,False,True,False,"Questionnaire [CC20_309c] {multiple} How did your work status change this year as a result of the coronavirus pandemic? (select all that apply) (Allows multiple selections) ▢ [1] My hours have been reduced ▢ [2] My hours were reduced, but they have been restored ▢ [3] I have been temporarily laid off ▢ [4] I was temporarily laid off but have now been re-hired ▢ [5] I had more than one job before the pandemic, and lost one of them. ▢ [6] I lost my job ▢ [7] I was not working when the pandemic began ▢ [8] My hours have increased ▢ [9] I have taken additional jobs since the pandemic ▢ [10] No, nothing about my work has changed varlabel: None","CC20_309c_4 [CC20_309c] {multiple} How did your work status change this year as a result of the coronavirus pandemic? (select all that apply) (Allows multiple selections) ▢ [1] My hours have been reduced ▢ [2] My hours were reduced, but they have been restored ▢ [3] I have been temporarily laid off ▢ [4] I was temporarily laid off but have now been re-hired ▢ [5] I had more than one job before the pandemic, and lost one of them. ▢ [6] I lost my job ▢ [7] I was not working when the pandemic began ▢ [8] My hours have increased ▢ [9] I have taken additional jobs since the pandemic ▢ [10] No, nothing about my work has changed",CC20_309c,False,source_pre,1.0,2,0.1552820468733503
CC20_309c_5,CC20_309,True,26,1,False,False,True,False,"Questionnaire [CC20_309c] {multiple} How did your work status change this year as a result of the coronavirus pandemic? (select all that apply) (Allows multiple selections) ▢ [1] My hours have been reduced ▢ [2] My hours were reduced, but they have been restored ▢ [3] I have been temporarily laid off ▢ [4] I was temporarily laid off but have now been re-hired ▢ [5] I had more than one job before the pandemic, and lost one of them. ▢ [6] I lost my job ▢ [7] I was not working when the pandemic began ▢ [8] My hours have increased ▢ [9] I have taken additional jobs since the pandemic ▢ [10] No, nothing about my work has changed varlabel: None","CC20_309c_5 [CC20_309c] {multiple} How did your work status change this year as a result of the coronavirus pandemic? (select all that apply) (Allows multiple selections) ▢ [1] My hours have been reduced ▢ [2] My hours were reduced, but they have been restored ▢ [3] I have been temporarily laid off ▢ [4] I was temporarily laid off but have now been re-hired ▢ [5] I had more than one job before the pandemic, and lost one of them. ▢ [6] I lost my job ▢ [7] I was not working when the pandemic began ▢ [8] My hours have increased ▢ [9] I have taken additional jobs since the pandemic ▢ [10] No, nothing about my work has changed",CC20_309c,False,source_pre,1.0,2,0.1052729429587125
CC20_309c_6,CC20_309,True,26,1,False,False,True,False,"Questionnaire [CC20_309c] {multiple} How did your work status change this year as a result of the coronavirus pandemic? (select all that apply) (Allows multiple selections) ▢ [1] My hours have been reduced ▢ [2] My hours were reduced, but they have been restored ▢ [3] I have been temporarily laid off ▢ [4] I was temporarily laid off but have now been re-hired ▢ [5] I had more than one job before the pandemic, and lost one of them. ▢ [6] I lost my job ▢ [7] I was not working when the pandemic began ▢ [8] My hours have increased ▢ [9] I have taken additional jobs since the pandemic ▢ [10] No, nothing about my work has changed varlabel: None","CC20_309c_6 [CC20_309c] {multiple} How did your work status change this year as a result of the coronavirus pandemic? (select all that apply) (Allows multiple selections) ▢ [1] My hours have been reduced ▢ [2] My hours were reduced, but they have been restored ▢ [3] I have been temporarily laid off ▢ [4] I was temporarily laid off but have now been re-hired ▢ [5] I had more than one job before the pandemic, and lost one of them. ▢ [6] I lost my job ▢ [7] I was not working when the pandemic began ▢ [8] My hours have increased ▢ [9] I have taken additional jobs since the pandemic ▢ [10] No, nothing about my work has changed",CC20_309c,False,source_pre,1.0,2,0.240570384063465
CC20_309c_7,CC20_309,True,26,1,False,False,True,False,"Questionnaire [CC20_309c] {multiple} How did your work status change this year as a result of the coronavirus pandemic? (select all that apply) (Allows multiple selections) ▢ [1] My hours have been reduced ▢ [2] My hours were reduced, but they have been restored ▢ [3] I have been temporarily laid off ▢ [4] I was temporarily laid off but have now been re-hired ▢ [5] I had more than one job before the pandemic, and lost one of them. ▢ [6] I lost my job ▢ [7] I was not working when the pandemic began ▢ [8] My hours have increased ▢ [9] I have taken additional jobs since the pandemic ▢ [10] No, nothing about my work has changed varlabel: None","CC20_309c_7 [CC20_309c] {multiple} How did your work status change this year as a result of the coronavirus pandemic? (select all that apply) (Allows multiple selections) ▢ [1] My hours have been reduced ▢ [2] My hours were reduced, but they have been restored ▢ [3] I have been temporarily laid off ▢ [4] I was temporarily laid off but have now been re-hired ▢ [5] I had more than one job before the pandemic, and lost one of them. ▢ [6] I lost my job ▢ [7] I was not working when the pandemic began ▢ [8] My hours have increased ▢ [9] I have taken additional jobs since the pandemic ▢ [10] No, nothing about my work has changed",CC20_309c,False,source_pre,1.0,2,0.5242876778993202
CC20_309c_8,CC20_309,True,26,1,False,False,True,False,"Questionnaire [CC20_309c] {multiple} How did your work status change this year as a result of the coronavirus pandemic? (select all that apply) (Allows multiple selections) ▢ [1] My hours have been reduced ▢ [2] My hours were reduced, but they have been restored ▢ [3] I have been temporarily laid off ▢ [4] I was temporarily laid off but have now been re-hired ▢ [5] I had more than one job before the pandemic, and lost one of them. ▢ [6] I lost my job ▢ [7] I was not working when the pandemic began ▢ [8] My hours have increased ▢ [9] I have taken additional jobs since the pandemic ▢ [10] No, nothing about my work has changed varlabel: None","CC20_309c_8 [CC20_309c] {multiple} How did your work status change this year as a result of the coronavirus pandemic? (select all that apply) (Allows multiple selections) ▢ [1] My hours have been reduced ▢ [2] My hours were reduced, but they have been restored ▢ [3] I have been temporarily laid off ▢ [4] I was temporarily laid off but have now been re-hired ▢ [5] I had more than one job before the pandemic, and lost one of them. ▢ [6] I lost my job ▢ [7] I was not working when the pandemic began ▢ [8] My hours have increased ▢ [9] I have taken additional jobs since the pandemic ▢ [10] No, nothing about my work has changed",CC20_309c,False,source_pre,1.0,2,0.2118052431224861
CC20_309c_9,CC20_309,True,26,1,False,False,True,False,"Questionnaire [CC20_309c] {multiple} How did your work status change this year as a result of the coronavirus pandemic? (select all that apply) (Allows multiple selections) ▢ [1] My hours have been reduced ▢ [2] My hours were reduced, but they have been restored ▢ [3] I have been temporarily laid off ▢ [4] I was temporarily laid off but have now been re-hired ▢ [5] I had more than one job before the pandemic, and lost one of them. ▢ [6] I lost my job ▢ [7] I was not working when the pandemic began ▢ [8] My hours have increased ▢ [9] I have taken additional jobs since the pandemic ▢ [10] No, nothing about my work has changed varlabel: None","CC20_309c_9 [CC20_309c] {multiple} How did your work status change this year as a result of the coronavirus pandemic? (select all that apply) (Allows multiple selections) ▢ [1] My hours have been reduced ▢ [2] My hours were reduced, but they have been restored ▢ [3] I have been temporarily laid off ▢ [4] I was temporarily laid off but have now been re-hired ▢ [5] I had more than one job before the pandemic, and lost one of them. ▢ [6] I lost my job ▢ [7] I was not working when the pandemic began ▢ [8] My hours have increased ▢ [9] I have taken additional jobs since the pandemic ▢ [10] No, nothing about my work has changed",CC20_309c,False,source_pre,1.0,2,0.1430375512808219
CC20_309dx_1,CC20_309,True,27,1,False,False,True,True,"Questionnaire [CC20_309dx] {multiple} Suppose that you have an emergency expense that costs $400. Based on your current financial situation, how would you pay for this expense? If you would use more than one method to cover this expense, please select all that apply. (Allows multiple selections) ▢ [1] Put it on my credit card and pay it off in full at the next statement ▢ [2] Put it on my credit card and pay it off over time ▢ [3] With the money currently in my checking/savings account or with cash ▢ [4] Using money from a bank loan or line of credit ▢ [5] By borrowing from a friend or family member ▢ [6] Using a payday loan, deposit advance, or overdraft ▢ [7] By selling something ▢ [8] I wouldn't be able to pay for the expense right now ▢ [9] Other varlabel: None","CC20_309dx_1 [CC20_309dx] {multiple} Suppose that you have an emergency expense that costs $400. Based on your current financial situation, how would you pay for this expense? If you would use more than one method to cover this expense, please select all that apply. (Allows multiple selections) ▢ [1] Put it on my credit card and pay it off in full at the next statement ▢ [2] Put it on my credit card and pay it off over time ▢ [3] With the money currently in my checking/savings account or with cash ▢ [4] Using money from a bank loan or line of credit ▢ [5] By borrowing from a friend or family member ▢ [6] Using a payday loan, deposit advance, or overdraft ▢ [7] By selling something ▢ [8] I wouldn't be able to pay for the expense right now ▢ [9] Other",CC20_309dx,False,source_pre,1.0,2,0.6212440080835282
CC20_309dx_2,CC20_309,True,27,1,False,False,True,True,"Questionnaire [CC20_309dx] {multiple} Suppose that you have an emergency expense that costs $400. Based on your current financial situation, how would you pay for this expense? If you would use more than one method to cover this expense, please select all that apply. (Allows multiple selections) ▢ [1] Put it on my credit card and pay it off in full at the next statement ▢ [2] Put it on my credit card and pay it off over time ▢ [3] With the money currently in my checking/savings account or with cash ▢ [4] Using money from a bank loan or line of credit ▢ [5] By borrowing from a friend or family member ▢ [6] Using a payday loan, deposit advance, or overdraft ▢ [7] By selling something ▢ [8] I wouldn't be able to pay for the expense right now ▢ [9] Other varlabel: None","CC20_309dx_2 [CC20_309dx] {multiple} Suppose that you have an emergency expense that costs $400. Based on your current financial situation, how would you pay for this expense? If you would use more than one method to cover this expense, please select all that apply. (Allows multiple selections) ▢ [1] Put it on my credit card and pay it off in full at the next statement ▢ [2] Put it on my credit card and pay it off over time ▢ [3] With the money currently in my checking/savings account or with cash ▢ [4] Using money from a bank loan or line of credit ▢ [5] By borrowing from a friend or family member ▢ [6] Using a payday loan, deposit advance, or overdraft ▢ [7] By selling something ▢ [8] I wouldn't be able to pay for the expense right now ▢ [9] Other",CC20_309dx,False,source_pre,1.0,2,0.4647648615184229
CC20_309dx_3,CC20_309,True,27,1,False,False,True,True,"Questionnaire [CC20_309dx] {multiple} Suppose that you have an emergency expense that costs $400. Based on your current financial situation, how would you pay for this expense? If you would use more than one method to cover this expense, please select all that apply. (Allows multiple selections) ▢ [1] Put it on my credit card and pay it off in full at the next statement ▢ [2] Put it on my credit card and pay it off over time ▢ [3] With the money currently in my checking/savings account or with cash ▢ [4] Using money from a bank loan or line of credit ▢ [5] By borrowing from a friend or family member ▢ [6] Using a payday loan, deposit advance, or overdraft ▢ [7] By selling something ▢ [8] I wouldn't be able to pay for the expense right now ▢ [9] Other varlabel: None","CC20_309dx_3 [CC20_309dx] {multiple} Suppose that you have an emergency expense that costs $400. Based on your current financial situation, how would you pay for this expense? If you would use more than one method to cover this expense, please select all that apply. (Allows multiple selections) ▢ [1] Put it on my credit card and pay it off in full at the next statement ▢ [2] Put it on my credit card and pay it off over time ▢ [3] With the money currently in my checking/savings account or with cash ▢ [4] Using money from a bank loan or line of credit ▢ [5] By borrowing from a friend or family member ▢ [6] Using a payday loan, deposit advance, or overdraft ▢ [7] By selling something ▢ [8] I wouldn't be able to pay for the expense right now ▢ [9] Other",CC20_309dx,False,source_pre,1.0,2,0.681546572590943
CC20_309dx_4,CC20_309,True,27,1,False,False,True,True,"Questionnaire [CC20_309dx] {multiple} Suppose that you have an emergency expense that costs $400. Based on your current financial situation, how would you pay for this expense? If you would use more than one method to cover this expense, please select all that apply. (Allows multiple selections) ▢ [1] Put it on my credit card and pay it off in full at the next statement ▢ [2] Put it on my credit card and pay it off over time ▢ [3] With the money currently in my checking/savings account or with cash ▢ [4] Using money from a bank loan or line of credit ▢ [5] By borrowing from a friend or family member ▢ [6] Using a payday loan, deposit advance, or overdraft ▢ [7] By selling something ▢ [8] I wouldn't be able to pay for the expense right now ▢ [9] Other varlabel: None","CC20_309dx_4 [CC20_309dx] {multiple} Suppose that you have an emergency expense that costs $400. Based on your current financial situation, how would you pay for this expense? If you would use more than one method to cover this expense, please select all that apply. (Allows multiple selections) ▢ [1] Put it on my credit card and pay it off in full at the next statement ▢ [2] Put it on my credit card and pay it off over time ▢ [3] With the money currently in my checking/savings account or with cash ▢ [4] Using money from a bank loan or line of credit ▢ [5] By borrowing from a friend or family member ▢ [6] Using a payday loan, deposit advance, or overdraft ▢ [7] By selling something ▢ [8] I wouldn't be able to pay for the expense right now ▢ [9] Other",CC20_309dx,False,source_pre,1.0,2,0.1123426557861977
CC20_309dx_5,CC20_309,True,27,1,False,False,True,True,"Questionnaire [CC20_309dx] {multiple} Suppose that you have an emergency expense that costs $400. Based on your current financial situation, how would you pay for this expense? If you would use more than one method to cover this expense, please select all that apply. (Allows multiple selections) ▢ [1] Put it on my credit card and pay it off in full at the next statement ▢ [2] Put it on my credit card and pay it off over time ▢ [3] With the money currently in my checking/savings account or with cash ▢ [4] Using money from a bank loan or line of credit ▢ [5] By borrowing from a friend or family member ▢ [6] Using a payday loan, deposit advance, or overdraft ▢ [7] By selling something ▢ [8] I wouldn't be able to pay for the expense right now ▢ [9] Other varlabel: None","CC20_309dx_5 [CC20_309dx] {multiple} Suppose that you have an emergency expense that costs $400. Based on your current financial situation, how would you pay for this expense? If you would use more than one method to cover this expense, please select all that apply. (Allows multiple selections) ▢ [1] Put it on my credit card and pay it off in full at the next statement ▢ [2] Put it on my credit card and pay it off over time ▢ [3] With the money currently in my checking/savings account or with cash ▢ [4] Using money from a bank loan or line of credit ▢ [5] By borrowing from a friend or family member ▢ [6] Using a payday loan, deposit advance, or overdraft ▢ [7] By selling something ▢ [8] I wouldn't be able to pay for the expense right now ▢ [9] Other",CC20_309dx,False,source_pre,1.0,2,0.3055973946734964
CC20_309dx_6,CC20_309,True,27,1,False,False,True,True,"Questionnaire [CC20_309dx] {multiple} Suppose that you have an emergency expense that costs $400. Based on your current financial situation, how would you pay for this expense? If you would use more than one method to cover this expense, please select all that apply. (Allows multiple selections) ▢ [1] Put it on my credit card and pay it off in full at the next statement ▢ [2] Put it on my credit card and pay it off over time ▢ [3] With the money currently in my checking/savings account or with cash ▢ [4] Using money from a bank loan or line of credit ▢ [5] By borrowing from a friend or family member ▢ [6] Using a payday loan, deposit advance, or overdraft ▢ [7] By selling something ▢ [8] I wouldn't be able to pay for the expense right now ▢ [9] Other varlabel: None","CC20_309dx_6 [CC20_309dx] {multiple} Suppose that you have an emergency expense that costs $400. Based on your current financial situation, how would you pay for this expense? If you would use more than one method to cover this expense, please select all that apply. (Allows multiple selections) ▢ [1] Put it on my credit card and pay it off in full at the next statement ▢ [2] Put it on my credit card and pay it off over time ▢ [3] With the money currently in my checking/savings account or with cash ▢ [4] Using money from a bank loan or line of credit ▢ [5] By borrowing from a friend or family member ▢ [6] Using a payday loan, deposit advance, or overdraft ▢ [7] By selling something ▢ [8] I wouldn't be able to pay for the expense right now ▢ [9] Other",CC20_309dx,False,source_pre,1.0,2,0.0919349507800056
CC20_309dx_7,CC20_309,True,27,1,False,False,True,True,"Questionnaire [CC20_309dx] {multiple} Suppose that you have an emergency expense that costs $400. Based on your current financial situation, how would you pay for this expense? If you would use more than one method to cover this expense, please select all that apply. (Allows multiple selections) ▢ [1] Put it on my credit card and pay it off in full at the next statement ▢ [2] Put it on my credit card and pay it off over time ▢ [3] With the money currently in my checking/savings account or with cash ▢ [4] Using money from a bank loan or line of credit ▢ [5] By borrowing from a friend or family member ▢ [6] Using a payday loan, deposit advance, or overdraft ▢ [7] By selling something ▢ [8] I wouldn't be able to pay for the expense right now ▢ [9] Other varlabel: None","CC20_309dx_7 [CC20_309dx] {multiple} Suppose that you have an emergency expense that costs $400. Based on your current financial situation, how would you pay for this expense? If you would use more than one method to cover this expense, please select all that apply. (Allows multiple selections) ▢ [1] Put it on my credit card and pay it off in full at the next statement ▢ [2] Put it on my credit card and pay it off over time ▢ [3] With the money currently in my checking/savings account or with cash ▢ [4] Using money from a bank loan or line of credit ▢ [5] By borrowing from a friend or family member ▢ [6] Using a payday loan, deposit advance, or overdraft ▢ [7] By selling something ▢ [8] I wouldn't be able to pay for the expense right now ▢ [9] Other",CC20_309dx,False,source_pre,1.0,2,0.220835660232578
CC20_309dx_8,CC20_309,True,27,1,False,False,True,True,"Questionnaire [CC20_309dx] {multiple} Suppose that you have an emergency expense that costs $400. Based on your current financial situation, how would you pay for this expense? If you would use more than one method to cover this expense, please select all that apply. (Allows multiple selections) ▢ [1] Put it on my credit card and pay it off in full at the next statement ▢ [2] Put it on my credit card and pay it off over time ▢ [3] With the money currently in my checking/savings account or with cash ▢ [4] Using money from a bank loan or line of credit ▢ [5] By borrowing from a friend or family member ▢ [6] Using a payday loan, deposit advance, or overdraft ▢ [7] By selling something ▢ [8] I wouldn't be able to pay for the expense right now ▢ [9] Other varlabel: None","CC20_309dx_8 [CC20_309dx] {multiple} Suppose that you have an emergency expense that costs $400. Based on your current financial situation, how would you pay for this expense? If you would use more than one method to cover this expense, please select all that apply. (Allows multiple selections) ▢ [1] Put it on my credit card and pay it off in full at the next statement ▢ [2] Put it on my credit card and pay it off over time ▢ [3] With the money currently in my checking/savings account or with cash ▢ [4] Using money from a bank loan or line of credit ▢ [5] By borrowing from a friend or family member ▢ [6] Using a payday loan, deposit advance, or overdraft ▢ [7] By selling something ▢ [8] I wouldn't be able to pay for the expense right now ▢ [9] Other",CC20_309dx,False,source_pre,1.0,2,0.4353941642461596
CC20_309dx_9,CC20_309,True,27,1,False,False,True,True,"Questionnaire [CC20_309dx] {multiple} Suppose that you have an emergency expense that costs $400. Based on your current financial situation, how would you pay for this expense? If you would use more than one method to cover this expense, please select all that apply. (Allows multiple selections) ▢ [1] Put it on my credit card and pay it off in full at the next statement ▢ [2] Put it on my credit card and pay it off over time ▢ [3] With the money currently in my checking/savings account or with cash ▢ [4] Using money from a bank loan or line of credit ▢ [5] By borrowing from a friend or family member ▢ [6] Using a payday loan, deposit advance, or overdraft ▢ [7] By selling something ▢ [8] I wouldn't be able to pay for the expense right now ▢ [9] Other varlabel: None","CC20_309dx_9 [CC20_309dx] {multiple} Suppose that you have an emergency expense that costs $400. Based on your current financial situation, how would you pay for this expense? If you would use more than one method to cover this expense, please select all that apply. (Allows multiple selections) ▢ [1] Put it on my credit card and pay it off in full at the next statement ▢ [2] Put it on my credit card and pay it off over time ▢ [3] With the money currently in my checking/savings account or with cash ▢ [4] Using money from a bank loan or line of credit ▢ [5] By borrowing from a friend or family member ▢ [6] Using a payday loan, deposit advance, or overdraft ▢ [7] By selling something ▢ [8] I wouldn't be able to pay for the expense right now ▢ [9] Other",CC20_309dx,False,source_pre,1.0,2,0.1039432379609234
CC20_309e,CC20_309,True,28,1,False,False,False,False,Questionnaire [CC20_309e] {single} Would you say that in general your health is... (Allows one selection) ◯ [1] Excellent ◯ [2] Very good ◯ [3] Good ◯ [4] Fair ◯ [5] Poor varlabel: None,[CC20_309e] {single} Would you say that in general your health is... (Allows one selection) ◯ [1] Excellent ◯ [2] Very good ◯ [3] Good ◯ [4] Fair ◯ [5] Poor,,True,source_pre,0.9995732381525092,5,1.3830534380462305
CC20_310a,CC20_310,True,29,1,False,False,False,True,[CC20_310grid] {grid} Which party has a majority of seats in ... [1] Republicans [2] Democrats [3] Neither [4] Not sure [CC20_310a] U.S. House of Representatives ◯ ◯ ◯ ◯ [CC20_310b] U.S. Senate ◯ ◯ ◯ ◯ [CC20_310c] $inputstate State Senate (shown if shown if inputstate != 11) ◯ ◯ ◯ ◯ [CC20_310d] $LowerChamberName (shown if shown if,[CC20_310grid] {grid} Which party has a majority of seats in ... [1] Republicans [2] Democrats [3] Neither [4] Not sure [CC20_310a] U.S. House of Representatives ◯ ◯ ◯ ◯ [CC20_310b] U.S. Senate ◯ ◯ ◯ ◯ [CC20_310c] $inputstate State Senate (shown if shown if inputstate != 11) ◯ ◯ ◯ ◯ [CC20_310d] $LowerChamberName (shown if shown if,,True,source_pre,0.9997866190762544,4,0.8669810875926344
CC20_310b,CC20_310,True,29,1,False,False,False,True,[CC20_310grid] {grid} Which party has a majority of seats in ... [1] Republicans [2] Democrats [3] Neither [4] Not sure [CC20_310a] U.S. House of Representatives ◯ ◯ ◯ ◯ [CC20_310b] U.S. Senate ◯ ◯ ◯ ◯ [CC20_310c] $inputstate State Senate (shown if shown if inputstate != 11) ◯ ◯ ◯ ◯ [CC20_310d] $LowerChamberName (shown if shown if LowerChamberName) ◯ ◯ ◯ ◯ collapsible: None required: None,[CC20_310grid] {grid} Which party has a majority of seats in ... [1] Republicans [2] Democrats [3] Neither [4] Not sure [CC20_310a] U.S. House of Representatives ◯ ◯ ◯ ◯ [CC20_310b] U.S. Senate ◯ ◯ ◯ ◯ [CC20_310c] $inputstate State Senate (shown if shown if inputstate != 11) ◯ ◯ ◯ ◯ [CC20_310d] $LowerChamberName (shown if shown if LowerChamberName) ◯ ◯ ◯ ◯,,True,source_pre,0.9996702294814844,4,0.7670117701467017
CC20_310c,CC20_310,True,29,1,False,False,False,True,[CC20_310grid] {grid} Which party has a majority of seats in ... [1] Republicans [2] Democrats [3] Neither [4] Not sure [CC20_310a] U.S. House of Representatives ◯ ◯ ◯ ◯ [CC20_310b] U.S. Senate ◯ ◯ ◯ ◯ [CC20_310c] $inputstate State Senate (shown if shown if inputstate != 11) ◯ ◯ ◯ ◯ [CC20_310d] $LowerChamberName (shown if shown if LowerChamberName) ◯ ◯ ◯ ◯ collapsible: None required: None varlabel: None,[CC20_310grid] {grid} Which party has a majority of seats in ... [1] Republicans [2] Democrats [3] Neither [4] Not sure [CC20_310a] U.S. House of Representatives ◯ ◯ ◯ ◯ [CC20_310b] U.S. Senate ◯ ◯ ◯ ◯ [CC20_310c] $inputstate State Senate (shown if shown if inputstate != 11) ◯ ◯ ◯ ◯ [CC20_310d] $LowerChamberName (shown if shown if LowerChamberName) ◯ ◯ ◯ ◯,,True,source_pre,0.9967022948148436,4,1.1584801845067945
CC20_310d,CC20_310,True,29,1,False,False,False,True,[CC20_310grid] {grid} Which party has a majority of seats in ... [1] Republicans [2] Democrats [3] Neither [4] Not sure [CC20_310a] U.S. House of Representatives ◯ ◯ ◯ ◯ [CC20_310b] U.S. Senate ◯ ◯ ◯ ◯ [CC20_310c] $inputstate State Senate (shown if shown if inputstate != 11) ◯ ◯ ◯ ◯ [CC20_310d] $LowerChamberName (shown if shown if LowerChamberName) ◯ ◯ ◯ ◯ collapsible: None required: None varlabel: None,[CC20_310grid] {grid} Which party has a majority of seats in ... [1] Republicans [2] Democrats [3] Neither [4] Not sure [CC20_310a] U.S. House of Representatives ◯ ◯ ◯ ◯ [CC20_310b] U.S. Senate ◯ ◯ ◯ ◯ [CC20_310c] $inputstate State Senate (shown if shown if inputstate != 11) ◯ ◯ ◯ ◯ [CC20_310d] $LowerChamberName (shown if shown if LowerChamberName) ◯ ◯ ◯ ◯,,True,source_pre,0.9967216930806386,4,1.1633199245883548
CC20_311a,CC20_311,True,30,1,False,False,False,True,[CC20_311grid] {grid} Please indicate whether you've heard of this person and if so which party he or she is affiliated with... shown if shown if CurrentGovName or CurrentSen1Name or CurrentSen2Name or CurrentHouseName [1] Never Heard <br/>of Person [2] Republican [3] Democrat [4] Other Party / Independent [5] Not sure [CC20_311a] $CurrentGovName (shown if shown if CurrentGovName) ◯ ◯ ◯ ◯ ◯ [CC20_311b] $CurrentSen1Name (shown if shown if CurrentSen1Name) ◯ ◯ ◯ ◯ ◯ [CC20_311c] $CurrentSen2Name (shown if shown if CurrentSen2Name) ◯ ◯ ◯ ◯ ◯ [CC20_311d],[CC20_311grid] {grid} Please indicate whether you've heard of this person and if so which party he or she is affiliated with... shown if shown if CurrentGovName or CurrentSen1Name or CurrentSen2Name or CurrentHouseName [1] Never Heard <br/>of Person [2] Republican [3] Democrat [4] Other Party / Independent [5] Not sure [CC20_311a] $CurrentGovName (shown if shown if CurrentGovName) ◯ ◯ ◯ ◯ ◯ [CC20_311b] $CurrentSen1Name (shown if shown if CurrentSen1Name) ◯ ◯ ◯ ◯ ◯ [CC20_311c] $CurrentSen2Name (shown if shown if CurrentSen2Name) ◯ ◯ ◯ ◯ ◯ [CC20_311d],,True,source_pre,0.996450117359508,5,0.9891120628388184
CC20_311b,CC20_311,True,30,1,False,False,False,True,[CC20_311grid] {grid} Please indicate whether you've heard of this person and if so which party he or she is affiliated with... shown if shown if CurrentGovName or CurrentSen1Name or CurrentSen2Name or CurrentHouseName [1] Never Heard <br/>of Person [2] Republican [3] Democrat [4] Other Party / Independent [5] Not sure [CC20_311a] $CurrentGovName (shown if shown if CurrentGovName) ◯ ◯ ◯ ◯ ◯ [CC20_311b] $CurrentSen1Name (shown if shown if CurrentSen1Name) ◯ ◯ ◯ ◯ ◯ [CC20_311c] $CurrentSen2Name (shown if shown if CurrentSen2Name) ◯ ◯ ◯ ◯ ◯ [CC20_311d] $CurrentHouseName (shown if shown if CurrentHouseName) ◯ ◯ ◯ ◯ ◯ required: None,[CC20_311grid] {grid} Please indicate whether you've heard of this person and if so which party he or she is affiliated with... shown if shown if CurrentGovName or CurrentSen1Name or CurrentSen2Name or CurrentHouseName [1] Never Heard <br/>of Person [2] Republican [3] Democrat [4] Other Party / Independent [5] Not sure [CC20_311a] $CurrentGovName (shown if shown if CurrentGovName) ◯ ◯ ◯ ◯ ◯ [CC20_311b] $CurrentSen1Name (shown if shown if CurrentSen1Name) ◯ ◯ ◯ ◯ ◯ [CC20_311c] $CurrentSen2Name (shown if shown if CurrentSen2Name) ◯ ◯ ◯ ◯ ◯ [CC20_311d] $CurrentHouseName (shown if shown if CurrentHouseName) ◯ ◯ ◯ ◯ ◯,,True,source_pre,0.996391922562123,5,1.1111017784119213
CC20_311c,CC20_311,True,30,1,False,False,False,True,[CC20_311grid] {grid} Please indicate whether you've heard of this person and if so which party he or she is affiliated with... shown if shown if CurrentGovName or CurrentSen1Name or CurrentSen2Name or CurrentHouseName [1] Never Heard <br/>of Person [2] Republican [3] Democrat [4] Other Party / Independent [5] Not sure [CC20_311a] $CurrentGovName (shown if shown if CurrentGovName) ◯ ◯ ◯ ◯ ◯ [CC20_311b] $CurrentSen1Name (shown if shown if CurrentSen1Name) ◯ ◯ ◯ ◯ ◯ [CC20_311c] $CurrentSen2Name (shown if shown if CurrentSen2Name) ◯ ◯ ◯ ◯ ◯ [CC20_311d] $CurrentHouseName (shown if shown if CurrentHouseName) ◯ ◯ ◯ ◯ ◯ required: None varlabel: None,[CC20_311grid] {grid} Please indicate whether you've heard of this person and if so which party he or she is affiliated with... shown if shown if CurrentGovName or CurrentSen1Name or CurrentSen2Name or CurrentHouseName [1] Never Heard <br/>of Person [2] Republican [3] Democrat [4] Other Party / Independent [5] Not sure [CC20_311a] $CurrentGovName (shown if shown if CurrentGovName) ◯ ◯ ◯ ◯ ◯ [CC20_311b] $CurrentSen1Name (shown if shown if CurrentSen1Name) ◯ ◯ ◯ ◯ ◯ [CC20_311c] $CurrentSen2Name (shown if shown if CurrentSen2Name) ◯ ◯ ◯ ◯ ◯ [CC20_311d] $CurrentHouseName (shown if shown if CurrentHouseName) ◯ ◯ ◯ ◯ ◯,,True,source_pre,0.9964695156253032,5,1.1146394431367816
CC20_311d,CC20_311,True,30,1,False,False,False,True,[CC20_311grid] {grid} Please indicate whether you've heard of this person and if so which party he or she is affiliated with... shown if shown if CurrentGovName or CurrentSen1Name or CurrentSen2Name or CurrentHouseName [1] Never Heard <br/>of Person [2] Republican [3] Democrat [4] Other Party / Independent [5] Not sure [CC20_311a] $CurrentGovName (shown if shown if CurrentGovName) ◯ ◯ ◯ ◯ ◯ [CC20_311b] $CurrentSen1Name (shown if shown if CurrentSen1Name) ◯ ◯ ◯ ◯ ◯ [CC20_311c] $CurrentSen2Name (shown if shown if CurrentSen2Name) ◯ ◯ ◯ ◯ ◯ [CC20_311d] $CurrentHouseName (shown if shown if CurrentHouseName) ◯ ◯ ◯ ◯ ◯ required: None varlabel: None,[CC20_311grid] {grid} Please indicate whether you've heard of this person and if so which party he or she is affiliated with... shown if shown if CurrentGovName or CurrentSen1Name or CurrentSen2Name or CurrentHouseName [1] Never Heard <br/>of Person [2] Republican [3] Democrat [4] Other Party / Independent [5] Not sure [CC20_311a] $CurrentGovName (shown if shown if CurrentGovName) ◯ ◯ ◯ ◯ ◯ [CC20_311b] $CurrentSen1Name (shown if shown if CurrentSen1Name) ◯ ◯ ◯ ◯ ◯ [CC20_311c] $CurrentSen2Name (shown if shown if CurrentSen2Name) ◯ ◯ ◯ ◯ ◯ [CC20_311d] $CurrentHouseName (shown if shown if CurrentHouseName) ◯ ◯ ◯ ◯ ◯,,True,source_pre,0.9901650792419158,5,1.2037635933599666
CC20_320a,CC20_320,True,31,1,False,False,False,True,[CC20_320grid] {grid} Do you approve of the way each is doing their job... [1] Strongly approve [2] Somewhat approve [3] Somewhat disapprove [4] Strongly disapprove [5] Not sure [CC20_320a] President Trump ◯ ◯ ◯ ◯ ◯ [CC20_320b] The U.S. Congress ◯ ◯ ◯ ◯ ◯ [CC20_320c] The U.S. Supreme Court ◯ ◯ ◯ ◯ ◯ [CC20_320d] The Governor of $inputstate (shown if shown if inputstate!=11) ◯ ◯ ◯ ◯ ◯ [CC20_320e],[CC20_320grid] {grid} Do you approve of the way each is doing their job... [1] Strongly approve [2] Somewhat approve [3] Somewhat disapprove [4] Strongly disapprove [5] Not sure [CC20_320a] President Trump ◯ ◯ ◯ ◯ ◯ [CC20_320b] The U.S. Congress ◯ ◯ ◯ ◯ ◯ [CC20_320c] The U.S. Supreme Court ◯ ◯ ◯ ◯ ◯ [CC20_320d] The Governor of $inputstate (shown if shown if inputstate!=11) ◯ ◯ ◯ ◯ ◯ [CC20_320e],,True,source_pre,0.9994180520261488,5,1.1917309605601991
CC20_320b,CC20_320,True,31,1,False,False,False,True,[CC20_320grid] {grid} Do you approve of the way each is doing their job... [1] Strongly approve [2] Somewhat approve [3] Somewhat disapprove [4] Strongly disapprove [5] Not sure [CC20_320a] President Trump ◯ ◯ ◯ ◯ ◯ [CC20_320b] The U.S. Congress ◯ ◯ ◯ ◯ ◯ [CC20_320c] The U.S. Supreme Court ◯ ◯ ◯ ◯ ◯ [CC20_320d] The Governor of $inputstate (shown if shown if inputstate!=11) ◯ ◯ ◯ ◯ ◯ [CC20_320e] $LegName (shown if shown if inputstate!=11 and,[CC20_320grid] {grid} Do you approve of the way each is doing their job... [1] Strongly approve [2] Somewhat approve [3] Somewhat disapprove [4] Strongly disapprove [5] Not sure [CC20_320a] President Trump ◯ ◯ ◯ ◯ ◯ [CC20_320b] The U.S. Congress ◯ ◯ ◯ ◯ ◯ [CC20_320c] The U.S. Supreme Court ◯ ◯ ◯ ◯ ◯ [CC20_320d] The Governor of $inputstate (shown if shown if inputstate!=11) ◯ ◯ ◯ ◯ ◯ [CC20_320e] $LegName (shown if shown if inputstate!=11 and,,True,source_pre,0.9987391127233224,5,1.3716212953721365
CC20_320c,CC20_320,True,31,1,False,False,False,True,[CC20_320grid] {grid} Do you approve of the way each is doing their job... [1] Strongly approve [2] Somewhat approve [3] Somewhat disapprove [4] Strongly disapprove [5] Not sure [CC20_320a] President Trump ◯ ◯ ◯ ◯ ◯ [CC20_320b] The U.S. Congress ◯ ◯ ◯ ◯ ◯ [CC20_320c] The U.S. Supreme Court ◯ ◯ ◯ ◯ ◯ [CC20_320d] The Governor of $inputstate (shown if shown if inputstate!=11) ◯ ◯ ◯ ◯ ◯ [CC20_320e] $LegName (shown if shown if inputstate!=11 and LegName) ◯ ◯ ◯ ◯ ◯ [CC20_320f],[CC20_320grid] {grid} Do you approve of the way each is doing their job... [1] Strongly approve [2] Somewhat approve [3] Somewhat disapprove [4] Strongly disapprove [5] Not sure [CC20_320a] President Trump ◯ ◯ ◯ ◯ ◯ [CC20_320b] The U.S. Congress ◯ ◯ ◯ ◯ ◯ [CC20_320c] The U.S. Supreme Court ◯ ◯ ◯ ◯ ◯ [CC20_320d] The Governor of $inputstate (shown if shown if inputstate!=11) ◯ ◯ ◯ ◯ ◯ [CC20_320e] $LegName (shown if shown if inputstate!=11 and LegName) ◯ ◯ ◯ ◯ ◯ [CC20_320f],,True,source_pre,0.9988942988496828,5,1.4662350119598724
CC20_320d,CC20_320,True,31,1,False,False,False,True,[CC20_320grid] {grid} Do you approve of the way each is doing their job... [1] Strongly approve [2] Somewhat approve [3] Somewhat disapprove [4] Strongly disapprove [5] Not sure [CC20_320a] President Trump ◯ ◯ ◯ ◯ ◯ [CC20_320b] The U.S. Congress ◯ ◯ ◯ ◯ ◯ [CC20_320c] The U.S. Supreme Court ◯ ◯ ◯ ◯ ◯ [CC20_320d] The Governor of $inputstate (shown if shown if inputstate!=11) ◯ ◯ ◯ ◯ ◯ [CC20_320e] $LegName (shown if shown if inputstate!=11 and LegName) ◯ ◯ ◯ ◯ ◯ [CC20_320f] $CurrentHouseName (shown if shown if CurrentHouseName),[CC20_320grid] {grid} Do you approve of the way each is doing their job... [1] Strongly approve [2] Somewhat approve [3] Somewhat disapprove [4] Strongly disapprove [5] Not sure [CC20_320a] President Trump ◯ ◯ ◯ ◯ ◯ [CC20_320b] The U.S. Congress ◯ ◯ ◯ ◯ ◯ [CC20_320c] The U.S. Supreme Court ◯ ◯ ◯ ◯ ◯ [CC20_320d] The Governor of $inputstate (shown if shown if inputstate!=11) ◯ ◯ ◯ ◯ ◯ [CC20_320e] $LegName (shown if shown if inputstate!=11 and LegName) ◯ ◯ ◯ ◯ ◯ [CC20_320f] $CurrentHouseName (shown if shown if CurrentHouseName),,True,source_pre,0.9960815503094024,5,1.4762298801296043
CC20_320e,CC20_320,True,31,1,False,False,False,True,[CC20_320grid] {grid} Do you approve of the way each is doing their job... [1] Strongly approve [2] Somewhat approve [3] Somewhat disapprove [4] Strongly disapprove [5] Not sure [CC20_320a] President Trump ◯ ◯ ◯ ◯ ◯ [CC20_320b] The U.S. Congress ◯ ◯ ◯ ◯ ◯ [CC20_320c] The U.S. Supreme Court ◯ ◯ ◯ ◯ ◯ [CC20_320d] The Governor of $inputstate (shown if shown if inputstate!=11) ◯ ◯ ◯ ◯ ◯ [CC20_320e] $LegName (shown if shown if inputstate!=11 and LegName) ◯ ◯ ◯ ◯ ◯ [CC20_320f] $CurrentHouseName (shown if shown if CurrentHouseName) ◯ ◯ ◯ ◯ ◯ [CC20_320g] $CurrentSen1Name (shown if shown if CurrentSen1Name) ◯ ◯ ◯ ◯ ◯,[CC20_320grid] {grid} Do you approve of the way each is doing their job... [1] Strongly approve [2] Somewhat approve [3] Somewhat disapprove [4] Strongly disapprove [5] Not sure [CC20_320a] President Trump ◯ ◯ ◯ ◯ ◯ [CC20_320b] The U.S. Congress ◯ ◯ ◯ ◯ ◯ [CC20_320c] The U.S. Supreme Court ◯ ◯ ◯ ◯ ◯ [CC20_320d] The Governor of $inputstate (shown if shown if inputstate!=11) ◯ ◯ ◯ ◯ ◯ [CC20_320e] $LegName (shown if shown if inputstate!=11 and LegName) ◯ ◯ ◯ ◯ ◯ [CC20_320f] $CurrentHouseName (shown if shown if CurrentHouseName) ◯ ◯ ◯ ◯ ◯ [CC20_320g] $CurrentSen1Name (shown if shown if CurrentSen1Name) ◯ ◯ ◯ ◯ ◯,,True,source_pre,0.9957905763224768,5,1.5347931834774573
CC20_320f,CC20_320,True,31,1,False,False,False,True,[CC20_320grid] {grid} Do you approve of the way each is doing their job... [1] Strongly approve [2] Somewhat approve [3] Somewhat disapprove [4] Strongly disapprove [5] Not sure [CC20_320a] President Trump ◯ ◯ ◯ ◯ ◯ [CC20_320b] The U.S. Congress ◯ ◯ ◯ ◯ ◯ [CC20_320c] The U.S. Supreme Court ◯ ◯ ◯ ◯ ◯ [CC20_320d] The Governor of $inputstate (shown if shown if inputstate!=11) ◯ ◯ ◯ ◯ ◯ [CC20_320e] $LegName (shown if shown if inputstate!=11 and LegName) ◯ ◯ ◯ ◯ ◯ [CC20_320f] $CurrentHouseName (shown if shown if CurrentHouseName) ◯ ◯ ◯ ◯ ◯ [CC20_320g] $CurrentSen1Name (shown if shown if CurrentSen1Name) ◯ ◯ ◯ ◯ ◯ [CC20_320h] $CurrentSen2Name (shown if shown if CurrentSen2Name) ◯ ◯ ◯ ◯ ◯ required: None,[CC20_320grid] {grid} Do you approve of the way each is doing their job... [1] Strongly approve [2] Somewhat approve [3] Somewhat disapprove [4] Strongly disapprove [5] Not sure [CC20_320a] President Trump ◯ ◯ ◯ ◯ ◯ [CC20_320b] The U.S. Congress ◯ ◯ ◯ ◯ ◯ [CC20_320c] The U.S. Supreme Court ◯ ◯ ◯ ◯ ◯ [CC20_320d] The Governor of $inputstate (shown if shown if inputstate!=11) ◯ ◯ ◯ ◯ ◯ [CC20_320e] $LegName (shown if shown if inputstate!=11 and LegName) ◯ ◯ ◯ ◯ ◯ [CC20_320f] $CurrentHouseName (shown if shown if CurrentHouseName) ◯ ◯ ◯ ◯ ◯ [CC20_320g] $CurrentSen1Name (shown if shown if CurrentSen1Name) ◯ ◯ ◯ ◯ ◯ [CC20_320h] $CurrentSen2Name (shown if shown if CurrentSen2Name) ◯ ◯ ◯ ◯ ◯,,True,source_pre,0.98968012259704,5,1.5686231240786337
CC20_320g,CC20_320,True,31,1,False,False,False,True,[CC20_320grid] {grid} Do you approve of the way each is doing their job... [1] Strongly approve [2] Somewhat approve [3] Somewhat disapprove [4] Strongly disapprove [5] Not sure [CC20_320a] President Trump ◯ ◯ ◯ ◯ ◯ [CC20_320b] The U.S. Congress ◯ ◯ ◯ ◯ ◯ [CC20_320c] The U.S. Supreme Court ◯ ◯ ◯ ◯ ◯ [CC20_320d] The Governor of $inputstate (shown if shown if inputstate!=11) ◯ ◯ ◯ ◯ ◯ [CC20_320e] $LegName (shown if shown if inputstate!=11 and LegName) ◯ ◯ ◯ ◯ ◯ [CC20_320f] $CurrentHouseName (shown if shown if CurrentHouseName) ◯ ◯ ◯ ◯ ◯ [CC20_320g] $CurrentSen1Name (shown if shown if CurrentSen1Name) ◯ ◯ ◯ ◯ ◯ [CC20_320h] $CurrentSen2Name (shown if shown if CurrentSen2Name) ◯ ◯ ◯ ◯ ◯ required: None,[CC20_320grid] {grid} Do you approve of the way each is doing their job... [1] Strongly approve [2] Somewhat approve [3] Somewhat disapprove [4] Strongly disapprove [5] Not sure [CC20_320a] President Trump ◯ ◯ ◯ ◯ ◯ [CC20_320b] The U.S. Congress ◯ ◯ ◯ ◯ ◯ [CC20_320c] The U.S. Supreme Court ◯ ◯ ◯ ◯ ◯ [CC20_320d] The Governor of $inputstate (shown if shown if inputstate!=11) ◯ ◯ ◯ ◯ ◯ [CC20_320e] $LegName (shown if shown if inputstate!=11 and LegName) ◯ ◯ ◯ ◯ ◯ [CC20_320f] $CurrentHouseName (shown if shown if CurrentHouseName) ◯ ◯ ◯ ◯ ◯ [CC20_320g] $CurrentSen1Name (shown if shown if CurrentSen1Name) ◯ ◯ ◯ ◯ ◯ [CC20_320h] $CurrentSen2Name (shown if shown if CurrentSen2Name) ◯ ◯ ◯ ◯ ◯,,True,source_pre,0.9961591433725824,5,1.5744927491282437
CC20_320h,CC20_320,True,31,1,False,False,False,True,[CC20_320grid] {grid} Do you approve of the way each is doing their job... [1] Strongly approve [2] Somewhat approve [3] Somewhat disapprove [4] Strongly disapprove [5] Not sure [CC20_320a] President Trump ◯ ◯ ◯ ◯ ◯ [CC20_320b] The U.S. Congress ◯ ◯ ◯ ◯ ◯ [CC20_320c] The U.S. Supreme Court ◯ ◯ ◯ ◯ ◯ [CC20_320d] The Governor of $inputstate (shown if shown if inputstate!=11) ◯ ◯ ◯ ◯ ◯ [CC20_320e] $LegName (shown if shown if inputstate!=11 and LegName) ◯ ◯ ◯ ◯ ◯ [CC20_320f] $CurrentHouseName (shown if shown if CurrentHouseName) ◯ ◯ ◯ ◯ ◯ [CC20_320g] $CurrentSen1Name (shown if shown if CurrentSen1Name) ◯ ◯ ◯ ◯ ◯ [CC20_320h] $CurrentSen2Name (shown if shown if CurrentSen2Name) ◯ ◯ ◯ ◯ ◯ required: None,[CC20_320grid] {grid} Do you approve of the way each is doing their job... [1] Strongly approve [2] Somewhat approve [3] Somewhat disapprove [4] Strongly disapprove [5] Not sure [CC20_320a] President Trump ◯ ◯ ◯ ◯ ◯ [CC20_320b] The U.S. Congress ◯ ◯ ◯ ◯ ◯ [CC20_320c] The U.S. Supreme Court ◯ ◯ ◯ ◯ ◯ [CC20_320d] The Governor of $inputstate (shown if shown if inputstate!=11) ◯ ◯ ◯ ◯ ◯ [CC20_320e] $LegName (shown if shown if inputstate!=11 and LegName) ◯ ◯ ◯ ◯ ◯ [CC20_320f] $CurrentHouseName (shown if shown if CurrentHouseName) ◯ ◯ ◯ ◯ ◯ [CC20_320g] $CurrentSen1Name (shown if shown if CurrentSen1Name) ◯ ◯ ◯ ◯ ◯ [CC20_320h] $CurrentSen2Name (shown if shown if CurrentSen2Name) ◯ ◯ ◯ ◯ ◯,,True,source_pre,0.9960233555120172,5,1.555989051036612
CC20_327a,CC20_327,True,33,1,False,False,False,False,"[CC20_327grid] {grid} Thinking now about health care policy, would you support or oppose each of the following proposals? [1] Support [2] Oppose [CC20_327a] Expand Medicare to a single comprehensive public health care coverage program that would cover all Americans. ◯ ◯ [CC20_327b] Allow the government to negotiate with drug companies to get a lower price on prescription drugs that would apply to both Medicare and private insurance. Maximum negotiated price could not","[CC20_327grid] {grid} Thinking now about health care policy, would you support or oppose each of the following proposals? [1] Support [2] Oppose [CC20_327a] Expand Medicare to a single comprehensive public health care coverage program that would cover all Americans. ◯ ◯ [CC20_327b] Allow the government to negotiate with drug companies to get a lower price on prescription drugs that would apply to both Medicare and private insurance. Maximum negotiated price could not",,True,source_pre,0.9983317491416268,2,0.6661757769144323
CC20_327b,CC20_327,True,33,1,False,False,False,False,"[CC20_327grid] {grid} Thinking now about health care policy, would you support or oppose each of the following proposals? [1] Support [2] Oppose [CC20_327a] Expand Medicare to a single comprehensive public health care coverage program that would cover all Americans. ◯ ◯ [CC20_327b] Allow the government to negotiate with drug companies to get a lower price on prescription drugs that would apply to both Medicare and private insurance. Maximum negotiated price could not exceed 120% of the average prices in 6 other countries. ◯ ◯ [CC20_327c] Lower the eligibility age for Medicare from 65 to 50. ◯ ◯","[CC20_327grid] {grid} Thinking now about health care policy, would you support or oppose each of the following proposals? [1] Support [2] Oppose [CC20_327a] Expand Medicare to a single comprehensive public health care coverage program that would cover all Americans. ◯ ◯ [CC20_327b] Allow the government to negotiate with drug companies to get a lower price on prescription drugs that would apply to both Medicare and private insurance. Maximum negotiated price could not exceed 120% of the average prices in 6 other countries. ◯ ◯ [CC20_327c] Lower the eligibility age for Medicare from 65 to 50. ◯ ◯",,True,source_pre,0.9978855890283408,2,0.3031319977107851
CC20_327c,CC20_327,True,33,1,False,False,False,False,"[CC20_327grid] {grid} Thinking now about health care policy, would you support or oppose each of the following proposals? [1] Support [2] Oppose [CC20_327a] Expand Medicare to a single comprehensive public health care coverage program that would cover all Americans. ◯ ◯ [CC20_327b] Allow the government to negotiate with drug companies to get a lower price on prescription drugs that would apply to both Medicare and private insurance. Maximum negotiated price could not exceed 120% of the average prices in 6 other countries. ◯ ◯ [CC20_327c] Lower the eligibility age for Medicare from 65 to 50. ◯ ◯ [CC20_327d] Repeal the entire Affordable Care Act. ◯ ◯ [CC20_327e] Restore the Affordable Care Act’s mandate that all individuals be required to purchase health insurance. ◯ ◯ [CC20_327f] Allow states to import prescription drugs from other countries.","[CC20_327grid] {grid} Thinking now about health care policy, would you support or oppose each of the following proposals? [1] Support [2] Oppose [CC20_327a] Expand Medicare to a single comprehensive public health care coverage program that would cover all Americans. ◯ ◯ [CC20_327b] Allow the government to negotiate with drug companies to get a lower price on prescription drugs that would apply to both Medicare and private insurance. Maximum negotiated price could not exceed 120% of the average prices in 6 other countries. ◯ ◯ [CC20_327c] Lower the eligibility age for Medicare from 65 to 50. ◯ ◯ [CC20_327d] Repeal the entire Affordable Care Act. ◯ ◯ [CC20_327e] Restore the Affordable Care Act’s mandate that all individuals be purchase health insurance. ◯ ◯ [CC20_327f] Allow states to import prescription drugs from other countries.",,True,source_pre,0.997943783825726,2,0.679242819527573
CC20_327d,CC20_327,True,33,1,False,False,False,False,"[CC20_327grid] {grid} Thinking now about health care policy, would you support or oppose each of the following proposals? [1] Support [2] Oppose [CC20_327a] Expand Medicare to a single comprehensive public health care coverage program that would cover all Americans. ◯ ◯ [CC20_327b] Allow the government to negotiate with drug companies to get a lower price on prescription drugs that would apply to both Medicare and private insurance. Maximum negotiated price could not exceed 120% of the average prices in 6 other countries. ◯ ◯ [CC20_327c] Lower the eligibility age for Medicare from 65 to 50. ◯ ◯ [CC20_327d] Repeal the entire Affordable Care Act. ◯ ◯ [CC20_327e] Restore the Affordable Care Act’s mandate that all individuals be required to purchase health insurance. ◯ ◯ [CC20_327f] Allow states to import prescription drugs from other countries. ◯ ◯ required: None","[CC20_327grid] {grid} Thinking now about health care policy, would you support or oppose each of the following proposals? [1] Support [2] Oppose [CC20_327a] Expand Medicare to a single comprehensive public health care coverage program that would cover all Americans. ◯ ◯ [CC20_327b] Allow the government to negotiate with drug companies to get a lower price on prescription drugs that would apply to both Medicare and private insurance. Maximum negotiated price could not exceed 120% of the average prices in 6 other countries. ◯ ◯ [CC20_327c] Lower the eligibility age for Medicare from 65 to 50. ◯ ◯ [CC20_327d] Repeal the entire Affordable Care Act. ◯ ◯ [CC20_327e] Restore the Affordable Care Act’s mandate that all individuals be purchase health insurance. ◯ ◯ [CC20_327f] Allow states to import prescription drugs from other countries. ◯ ◯",,True,source_pre,0.9975752167756202,2,0.6746825208427244
CC20_327e,CC20_327,True,33,1,False,False,False,False,"[CC20_327grid] {grid} Thinking now about health care policy, would you support or oppose each of the following proposals? [1] Support [2] Oppose [CC20_327a] Expand Medicare to a single comprehensive public health care coverage program that would cover all Americans. ◯ ◯ [CC20_327b] Allow the government to negotiate with drug companies to get a lower price on prescription drugs that would apply to both Medicare and private insurance. Maximum negotiated price could not exceed 120% of the average prices in 6 other countries. ◯ ◯ [CC20_327c] Lower the eligibility age for Medicare from 65 to 50. ◯ ◯ [CC20_327d] Repeal the entire Affordable Care Act. ◯ ◯ [CC20_327e] Restore the Affordable Care Act’s mandate that all individuals be required to purchase health insurance. ◯ ◯ [CC20_327f] Allow states to import prescription drugs from other countries. ◯ ◯ required: None","[CC20_327grid] {grid} Thinking now about health care policy, would you support or oppose each of the following proposals? [1] Support [2] Oppose [CC20_327a] Expand Medicare to a single comprehensive public health care coverage program that would cover all Americans. ◯ ◯ [CC20_327b] Allow the government to negotiate with drug companies to get a lower price on prescription drugs that would apply to both Medicare and private insurance. Maximum negotiated price could not exceed 120% of the average prices in 6 other countries. ◯ ◯ [CC20_327c] Lower the eligibility age for Medicare from 65 to 50. ◯ ◯ [CC20_327d] Repeal the entire Affordable Care Act. ◯ ◯ [CC20_327e] Restore the Affordable Care Act’s mandate that all individuals be purchase health insurance. ◯ ◯ [CC20_327f] Allow states to import prescription drugs from other countries. ◯ ◯",,True,source_pre,0.9980795716862912,2,0.6774241871896761
CC20_327f,CC20_327,True,33,1,False,False,False,False,"[CC20_327grid] {grid} Thinking now about health care policy, would you support or oppose each of the following proposals? [1] Support [2] Oppose [CC20_327a] Expand Medicare to a single comprehensive public health care coverage program that would cover all Americans. ◯ ◯ [CC20_327b] Allow the government to negotiate with drug companies to get a lower price on prescription drugs that would apply to both Medicare and private insurance. Maximum negotiated price could not exceed 120% of the average prices in 6 other countries. ◯ ◯ [CC20_327c] Lower the eligibility age for Medicare from 65 to 50. ◯ ◯ [CC20_327d] Repeal the entire Affordable Care Act. ◯ ◯ [CC20_327e] Restore the Affordable Care Act’s mandate that all individuals be required to purchase health insurance. ◯ ◯ [CC20_327f] Allow states to import prescription drugs from other countries. ◯ ◯ required: None","[CC20_327grid] {grid} Thinking now about health care policy, would you support or oppose each of the following proposals? [1] Support [2] Oppose [CC20_327a] Expand Medicare to a single comprehensive public health care coverage program that would cover all Americans. ◯ ◯ [CC20_327b] Allow the government to negotiate with drug companies to get a lower price on prescription drugs that would apply to both Medicare and private insurance. Maximum negotiated price could not exceed 120% of the average prices in 6 other countries. ◯ ◯ [CC20_327c] Lower the eligibility age for Medicare from 65 to 50. ◯ ◯ [CC20_327d] Repeal the entire Affordable Care Act. ◯ ◯ [CC20_327e] Restore the Affordable Care Act’s mandate that all individuals be purchase health insurance. ◯ ◯ [CC20_327f] Allow states to import prescription drugs from other countries. ◯ ◯",,True,source_pre,0.9978467924967508,2,0.609673679844086
CC20_330a,CC20_330,True,35,1,False,False,False,False,"[CC20_330grid] {grid} On the issue of gun regulation, do you support or oppose each of the following proposals? [1] Support [2] Oppose [CC20_330a] Prohibit state and local governments from publishing the names and addresses of all gun owners ◯ ◯ [CC20_330b] Ban assault rifles ◯ ◯ [CC20_330c] Make it easier for people to obtain concealed-carry permit ◯ ◯ collapsible: None required: None varlabel: None width: None","[CC20_330grid] {grid} On the issue of gun regulation, do you support or oppose each of the following proposals? [1] Support [2] Oppose [CC20_330a] Prohibit state and local governments from publishing the names and addresses of all gun owners ◯ ◯ [CC20_330b] Ban assault rifles ◯ ◯ [CC20_330c] Make it easier for people to obtain concealed-carry permit ◯ ◯",,True,source_pre,0.9997672208104595,2,0.69019992333182
CC20_330b,CC20_330,True,35,1,False,False,False,False,"[CC20_330grid] {grid} On the issue of gun regulation, do you support or oppose each of the following proposals? [1] Support [2] Oppose [CC20_330a] Prohibit state and local governments from publishing the names and addresses of all gun owners ◯ ◯ [CC20_330b] Ban assault rifles ◯ ◯ [CC20_330c] Make it easier for people to obtain concealed-carry permit ◯ ◯ collapsible: None required: None varlabel: None width: None","[CC20_330grid] {grid} On the issue of gun regulation, do you support or oppose each of the following proposals? [1] Support [2] Oppose [CC20_330a] Prohibit state and local governments from publishing the names and addresses of all gun owners ◯ ◯ [CC20_330b] Ban assault rifles ◯ ◯ [CC20_330c] Make it easier for people to obtain concealed-carry permit ◯ ◯",,True,source_pre,0.9998254156078448,2,0.6397886682829802
CC20_330c,CC20_330,True,35,1,False,False,False,False,"[CC20_330grid] {grid} On the issue of gun regulation, do you support or oppose each of the following proposals? [1] Support [2] Oppose [CC20_330a] Prohibit state and local governments from publishing the names and addresses of all gun owners ◯ ◯ [CC20_330b] Ban assault rifles ◯ ◯ [CC20_330c] Make it easier for people to obtain concealed-carry permit ◯ ◯ collapsible: None required: None varlabel: None width: None","[CC20_330grid] {grid} On the issue of gun regulation, do you support or oppose each of the following proposals? [1] Support [2] Oppose [CC20_330a] Prohibit state and local governments from publishing the names and addresses of all gun owners ◯ ◯ [CC20_330b] Ban assault rifles ◯ ◯ [CC20_330c] Make it easier for people to obtain concealed-carry permit ◯ ◯",,True,source_pre,0.9997284242788694,2,0.6478905314237668
CC20_331a,CC20_331,True,36,1,False,False,False,False,"[CC20_331grid] {grid} What do you think the U.S. government should do about immigration? Do you support or oppose each of the following? [1] Support [2] Oppose [CC20_331a] Grant legal status to all illegal immigrants who have held jobs and paid taxes for at least 3 years, and not been convicted of any felony crimes. ◯ ◯ [CC20_331b] Increase the number of border patrols on the US-Mexican border. ◯ ◯ [CC20_331c] Withhold federal funds from any local police department that does not report to the federal","[CC20_331grid] {grid} What do you think the U.S. government should do about immigration? Do you support or oppose each of the following? [1] Support [2] Oppose [CC20_331a] Grant legal status to all illegal immigrants who have held jobs and paid taxes for at least 3 years, and not been convicted of any felony crimes. ◯ ◯ [CC20_331b] Increase the number of border patrols on the US-Mexican border. ◯ ◯ [CC20_331c] Withhold federal funds from any local police department that does not report to the federal",,True,source_pre,0.998971891912863,2,0.6122335068055307
CC20_331b,CC20_331,True,36,1,False,False,False,False,"[CC20_331grid] {grid} What do you think the U.S. government should do about immigration? Do you support or oppose each of the following? [1] Support [2] Oppose [CC20_331a] Grant legal status to all illegal immigrants who have held jobs and paid taxes for at least 3 years, and not been convicted of any felony crimes. ◯ ◯ [CC20_331b] Increase the number of border patrols on the US-Mexican border. ◯ ◯ [CC20_331c] Withhold federal funds from any local police department that does not report to the federal government anyone they identify as an illegal immigrant. ◯ ◯ [CC20_331d] Reduce <u>legal</u> immigration by 50 percent over the next 10 years by eliminating the","[CC20_331grid] {grid} What do you think the U.S. government should do about immigration? Do you support or oppose each of the following? [1] Support [2] Oppose [CC20_331a] Grant legal status to all illegal immigrants who have held jobs and paid taxes for at least 3 years, and not been convicted of any felony crimes. ◯ ◯ [CC20_331b] Increase the number of border patrols on the US-Mexican border. ◯ ◯ [CC20_331c] Withhold federal funds from any local police department that does not report to the federal government anyone they identify as an illegal immigrant. ◯ ◯ [CC20_331d] Reduce <u>legal</u> immigration by 50 percent over the next 10 years by eliminating the",,True,source_pre,0.9991270780392232,2,0.6737956661301494
CC20_331c,CC20_331,True,36,1,False,False,False,False,"[CC20_331grid] {grid} What do you think the U.S. government should do about immigration? Do you support or oppose each of the following? [1] Support [2] Oppose [CC20_331a] Grant legal status to all illegal immigrants who have held jobs and paid taxes for at least 3 years, and not been convicted of any felony crimes. ◯ ◯ [CC20_331b] Increase the number of border patrols on the US-Mexican border. ◯ ◯ [CC20_331c] Withhold federal funds from any local police department that does not report to the federal government anyone they identify as an illegal immigrant. ◯ ◯ [CC20_331d] Reduce <u>legal</u> immigration by 50 percent over the next 10 years by eliminating the visa lottery and ending family-based migration. ◯ ◯ [CC20_331e] Increase","[CC20_331grid] {grid} What do you think the U.S. government should do about immigration? Do you support or oppose each of the following? [1] Support [2] Oppose [CC20_331a] Grant legal status to all illegal immigrants who have held jobs and paid taxes for at least 3 years, and not been convicted of any felony crimes. ◯ ◯ [CC20_331b] Increase the number of border patrols on the US-Mexican border. ◯ ◯ [CC20_331c] Withhold federal funds from any local police department that does not report to the federal government anyone they identify as an illegal immigrant. ◯ ◯ [CC20_331d] Reduce <u>legal</u> immigration by 50 percent over the next 10 years by eliminating the visa lottery and ending family-based migration. ◯ ◯ [CC20_331e] Increase",,True,source_pre,0.9991852728366084,2,0.6827495108779491
CC20_331d,CC20_331,True,36,1,False,False,False,True,"[CC20_331grid] {grid} What do you think the U.S. government should do about immigration? Do you support or oppose each of the following? [1] Support [2] Oppose [CC20_331a] Grant legal status to all illegal immigrants who have held jobs and paid taxes for at least 3 years, and not been convicted of any felony crimes. ◯ ◯ [CC20_331b] Increase the number of border patrols on the US-Mexican border. ◯ ◯ [CC20_331c] Withhold federal funds from any local police department that does not report to the federal government anyone they identify as an illegal immigrant. ◯ ◯ [CC20_331d] Reduce <u>legal</u> immigration by 50 percent over the next 10 years by eliminating the visa lottery and ending family-based migration. ◯ ◯ [CC20_331e] Increase spending on border security by $25 billion, including building a wall between the U.S. and Mexico. ◯ ◯ collapsible: None required: None varlabel: None","[CC20_331grid] {grid} What do you think the U.S. government should do about immigration? Do you support or oppose each of the following? [1] Support [2] Oppose [CC20_331a] Grant legal status to all illegal immigrants who have held jobs and paid taxes for at least 3 years, and not been convicted of any felony crimes. ◯ ◯ [CC20_331b] Increase the number of border patrols on the US-Mexican border. ◯ ◯ [CC20_331c] Withhold federal funds from any local police department that does not report to the federal government anyone they identify as an illegal immigrant. ◯ ◯ [CC20_331d] Reduce <u>legal</u> immigration by 50 percent over the next 10 years by eliminating the visa lottery and ending family-based migration. ◯ ◯ [CC20_331e] Increase spending on border security by $25 billion, including building a wall between the U.S. and Mexico. ◯ ◯",,True,source_pre,0.9986227231285524,2,0.6664516214544625
CC20_331e,CC20_331,True,36,1,False,False,False,True,"[CC20_331grid] {grid} What do you think the U.S. government should do about immigration? Do you support or oppose each of the following? [1] Support [2] Oppose [CC20_331a] Grant legal status to all illegal immigrants who have held jobs and paid taxes for at least 3 years, and not been convicted of any felony crimes. ◯ ◯ [CC20_331b] Increase the number of border patrols on the US-Mexican border. ◯ ◯ [CC20_331c] Withhold federal funds from any local police department that does not report to the federal government anyone they identify as an illegal immigrant. ◯ ◯ [CC20_331d] Reduce <u>legal</u> immigration by 50 percent over the next 10 years by eliminating the visa lottery and ending family-based migration. ◯ ◯ [CC20_331e] Increase spending on border security by $25 billion, including building a wall between the U.S. and Mexico. ◯ ◯ collapsible: None required: None varlabel: None","[CC20_331grid] {grid} What do you think the U.S. government should do about immigration? Do you support or oppose each of the following? [1] Support [2] Oppose [CC20_331a] Grant legal status to all illegal immigrants who have held jobs and paid taxes for at least 3 years, and not been convicted of any felony crimes. ◯ ◯ [CC20_331b] Increase the number of border patrols on the US-Mexican border. ◯ ◯ [CC20_331c] Withhold federal funds from any local police department that does not report to the federal government anyone they identify as an illegal immigrant. ◯ ◯ [CC20_331d] Reduce <u>legal</u> immigration by 50 percent over the next 10 years by eliminating the visa lottery and ending family-based migration. ◯ ◯ [CC20_331e] Increase spending on border security by $25 billion, including building a wall between the U.S. and Mexico. ◯ ◯",,True,source_pre,0.9991076797734284,2,0.6747883233922806
CC20_332a,CC20_332,True,38,1,False,False,False,False,"[CC20_332grid] {grid} On the topic of abortion, do you support or oppose each of the following proposals? [1] Support [2] Oppose [CC20_332a] Always allow a woman to obtain an abortion as a matter of choice ◯ ◯ [CC20_332b] Permit abortion only in case of rape, incest or when the woman's life is in danger ◯ ◯ [CC20_332c] Prohibit all abortions after the 20th week of pregnancy ◯ ◯ [CC20_332d] Allow employers to decline","[CC20_332grid] {grid} On the topic of abortion, do you support or oppose each of the following proposals? [1] Support [2] Oppose [CC20_332a] Always allow a woman to obtain an abortion as a matter of choice ◯ ◯ [CC20_332b] Permit abortion only in case of rape, incest or when the woman's life is in danger ◯ ◯ [CC20_332c] Prohibit all abortions after the 20th week of pregnancy ◯ ◯ [CC20_332d] Allow employers to decline",,True,source_pre,0.9997284242788694,2,0.672154434836757
CC20_332b,CC20_332,True,38,1,False,False,False,False,"[CC20_332grid] {grid} On the topic of abortion, do you support or oppose each of the following proposals? [1] Support [2] Oppose [CC20_332a] Always allow a woman to obtain an abortion as a matter of choice ◯ ◯ [CC20_332b] Permit abortion only in case of rape, incest or when the woman's life is in danger ◯ ◯ [CC20_332c] Prohibit all abortions after the 20th week of pregnancy ◯ ◯ [CC20_332d] Allow employers to decline coverage of abortions in insurance plans ◯ ◯ [CC20_332e] Prohibit the expenditure of funds","[CC20_332grid] {grid} On the topic of abortion, do you support or oppose each of the following proposals? [1] Support [2] Oppose [CC20_332a] Always allow a woman to obtain an abortion as a matter of choice ◯ ◯ [CC20_332b] Permit abortion only in case of rape, incest or when the woman's life is in danger ◯ ◯ [CC20_332c] Prohibit all abortions after the 20th week of pregnancy ◯ ◯ [CC20_332d] Allow employers to decline coverage of abortions in insurance plans ◯ ◯ [CC20_332e] Prohibit the expenditure of funds",,True,source_pre,0.9996120346840992,2,0.6805287797396128
CC20_332c,CC20_332,True,38,1,False,False,False,False,"[CC20_332grid] {grid} On the topic of abortion, do you support or oppose each of the following proposals? [1] Support [2] Oppose [CC20_332a] Always allow a woman to obtain an abortion as a matter of choice ◯ ◯ [CC20_332b] Permit abortion only in case of rape, incest or when the woman's life is in danger ◯ ◯ [CC20_332c] Prohibit all abortions after the 20th week of pregnancy ◯ ◯ [CC20_332d] Allow employers to decline coverage of abortions in insurance plans ◯ ◯ [CC20_332e] Prohibit the expenditure of funds authorized or appropriated by federal law for any abortion. ◯ ◯ [CC20_332f] Make","[CC20_332grid] {grid} On the topic of abortion, do you support or oppose each of the following proposals? [1] Support [2] Oppose [CC20_332a] Always allow a woman to obtain an abortion as a matter of choice ◯ ◯ [CC20_332b] Permit abortion only in case of rape, incest or when the woman's life is in danger ◯ ◯ [CC20_332c] Prohibit all abortions after the 20th week of pregnancy ◯ ◯ [CC20_332d] Allow employers to decline coverage of abortions in insurance plans ◯ ◯ [CC20_332e] Prohibit the expenditure of funds authorized or appropriated by federal law for any abortion. ◯ ◯ [CC20_332f] Make",,True,source_pre,0.9995926364183042,2,0.6864705072063062
CC20_332d,CC20_332,True,38,1,False,False,False,False,"[CC20_332grid] {grid} On the topic of abortion, do you support or oppose each of the following proposals? [1] Support [2] Oppose [CC20_332a] Always allow a woman to obtain an abortion as a matter of choice ◯ ◯ [CC20_332b] Permit abortion only in case of rape, incest or when the woman's life is in danger ◯ ◯ [CC20_332c] Prohibit all abortions after the 20th week of pregnancy ◯ ◯ [CC20_332d] Allow employers to decline coverage of abortions in insurance plans ◯ ◯ [CC20_332e] Prohibit the expenditure of funds authorized or appropriated by federal law for any abortion. ◯ ◯ [CC20_332f] Make abortions illegal in all circumstances ◯ ◯ [CC20_332g] Prohibit","[CC20_332grid] {grid} On the topic of abortion, do you support or oppose each of the following proposals? [1] Support [2] Oppose [CC20_332a] Always allow a woman to obtain an abortion as a matter of choice ◯ ◯ [CC20_332b] Permit abortion only in case of rape, incest or when the woman's life is in danger ◯ ◯ [CC20_332c] Prohibit all abortions after the 20th week of pregnancy ◯ ◯ [CC20_332d] Allow employers to decline coverage of abortions in insurance plans ◯ ◯ [CC20_332e] Prohibit the expenditure of funds authorized or appropriated by federal law for any abortion. ◯ ◯ [CC20_332f] Make abortions illegal in all circumstances ◯ ◯ [CC20_332g] Prohibit",,True,source_pre,0.9996896277472794,2,0.6737597465625311
CC20_332e,CC20_332,True,38,1,False,False,False,False,"[CC20_332grid] {grid} On the topic of abortion, do you support or oppose each of the following proposals? [1] Support [2] Oppose [CC20_332a] Always allow a woman to obtain an abortion as a matter of choice ◯ ◯ [CC20_332b] Permit abortion only in case of rape, incest or when the woman's life is in danger ◯ ◯ [CC20_332c] Prohibit all abortions after the 20th week of pregnancy ◯ ◯ [CC20_332d] Allow employers to decline coverage of abortions in insurance plans ◯ ◯ [CC20_332e] Prohibit the expenditure of funds authorized or appropriated by federal law for any abortion. ◯ ◯ [CC20_332f] Make abortions illegal in all circumstances ◯ ◯ [CC20_332g] Prohibit states from requiring that abortions be performed only at hospitals (not clinics). ◯ ◯","[CC20_332grid] {grid} On the topic of abortion, do you support or oppose each of the following proposals? [1] Support [2] Oppose [CC20_332a] Always allow a woman to obtain an abortion as a matter of choice ◯ ◯ [CC20_332b] Permit abortion only in case of rape, incest or when the woman's life is in danger ◯ ◯ [CC20_332c] Prohibit all abortions after the 20th week of pregnancy ◯ ◯ [CC20_332d] Allow employers to decline coverage of abortions in insurance plans ◯ ◯ [CC20_332e] Prohibit the expenditure of funds authorized or appropriated by federal law for any abortion. ◯ ◯ [CC20_332f] Make abortions illegal in all circumstances ◯ ◯ [CC20_332g] Prohibit states from requiring that abortions be performed only at hospitals (not clinics). ◯ ◯",,True,source_pre,0.9997090260130744,2,0.6806086648196261
CC20_332f,CC20_332,True,38,1,False,False,False,False,"[CC20_332grid] {grid} On the topic of abortion, do you support or oppose each of the following proposals? [1] Support [2] Oppose [CC20_332a] Always allow a woman to obtain an abortion as a matter of choice ◯ ◯ [CC20_332b] Permit abortion only in case of rape, incest or when the woman's life is in danger ◯ ◯ [CC20_332c] Prohibit all abortions after the 20th week of pregnancy ◯ ◯ [CC20_332d] Allow employers to decline coverage of abortions in insurance plans ◯ ◯ [CC20_332e] Prohibit the expenditure of funds authorized or appropriated by federal law for any abortion. ◯ ◯ [CC20_332f] Make abortions illegal in all circumstances ◯ ◯ [CC20_332g] Prohibit states from requiring that abortions be performed only at hospitals (not clinics). ◯ ◯ collapsible: None required: None","[CC20_332grid] {grid} On the topic of abortion, do you support or oppose each of the following proposals? [1] Support [2] Oppose [CC20_332a] Always allow a woman to obtain an abortion as a matter of choice ◯ ◯ [CC20_332b] Permit abortion only in case of rape, incest or when the woman's life is in danger ◯ ◯ [CC20_332c] Prohibit all abortions after the 20th week of pregnancy ◯ ◯ [CC20_332d] Allow employers to decline coverage of abortions in insurance plans ◯ ◯ [CC20_332e] Prohibit the expenditure of funds authorized or appropriated by federal law for any abortion. ◯ ◯ [CC20_332f] Make abortions illegal in all circumstances ◯ ◯ [CC20_332g] Prohibit states from requiring that abortions be performed only at hospitals (not clinics). ◯ ◯",,True,source_pre,0.9995344416209192,2,0.4226063990936343
CC20_332g,CC20_332,True,38,1,False,False,False,False,"[CC20_332grid] {grid} On the topic of abortion, do you support or oppose each of the following proposals? [1] Support [2] Oppose [CC20_332a] Always allow a woman to obtain an abortion as a matter of choice ◯ ◯ [CC20_332b] Permit abortion only in case of rape, incest or when the woman's life is in danger ◯ ◯ [CC20_332c] Prohibit all abortions after the 20th week of pregnancy ◯ ◯ [CC20_332d] Allow employers to decline coverage of abortions in insurance plans ◯ ◯ [CC20_332e] Prohibit the expenditure of funds authorized or appropriated by federal law for any abortion. ◯ ◯ [CC20_332f] Make abortions illegal in all circumstances ◯ ◯ [CC20_332g] Prohibit states from requiring that abortions be performed only at hospitals (not clinics). ◯ ◯ collapsible: None required: None","[CC20_332grid] {grid} On the topic of abortion, do you support or oppose each of the following proposals? [1] Support [2] Oppose [CC20_332a] Always allow a woman to obtain an abortion as a matter of choice ◯ ◯ [CC20_332b] Permit abortion only in case of rape, incest or when the woman's life is in danger ◯ ◯ [CC20_332c] Prohibit all abortions after the 20th week of pregnancy ◯ ◯ [CC20_332d] Allow employers to decline coverage of abortions in insurance plans ◯ ◯ [CC20_332e] Prohibit the expenditure of funds authorized or appropriated by federal law for any abortion. ◯ ◯ [CC20_332f] Make abortions illegal in all circumstances ◯ ◯ [CC20_332g] Prohibit states from requiring that abortions be performed only at hospitals (not clinics). ◯ ◯",,True,source_pre,0.9995732381525092,2,0.6693149133881939
CC20_333a,CC20_333,True,40,1,False,False,False,False,"[CC20_333grid] {grid} Do you support or oppose each of the following proposals? [1] Support [2] Oppose [CC20_333a] Give the Environmental Protection Agency power to regulate Carbon Dioxide emissions ◯ ◯ [CC20_333b] Require that each state use a minimum amount of renewable fuels (wind, solar, and hydroelectric) in the generation of electricity even if electricity prices increase a little ◯ ◯ [CC20_333c] Strengthen the Environmental","[CC20_333grid] {grid} Do you support or oppose each of the following proposals? [1] Support [2] Oppose [CC20_333a] Give the Environmental Protection Agency power to regulate Carbon Dioxide emissions ◯ ◯ [CC20_333b] Require that each state use a minimum amount of renewable fuels (wind, solar, and hydroelectric) in the generation of electricity even if electricity prices increase a little ◯ ◯ [CC20_333c] Strengthen the Environmental",,True,source_pre,0.9996702294814844,2,0.6131939028361224
CC20_333b,CC20_333,True,40,1,False,False,False,False,"[CC20_333grid] {grid} Do you support or oppose each of the following proposals? [1] Support [2] Oppose [CC20_333a] Give the Environmental Protection Agency power to regulate Carbon Dioxide emissions ◯ ◯ [CC20_333b] Require that each state use a minimum amount of renewable fuels (wind, solar, and hydroelectric) in the generation of electricity even if electricity prices increase a little ◯ ◯ [CC20_333c] Strengthen the Environmental Protection Agency enforcement of the Clean Air Act and Clean Water Act even if it costs U.S. jobs ◯ ◯","[CC20_333grid] {grid} Do you support or oppose each of the following proposals? [1] Support [2] Oppose [CC20_333a] Give the Environmental Protection Agency power to regulate Carbon Dioxide emissions ◯ ◯ [CC20_333b] Require that each state use a minimum amount of renewable fuels (wind, solar, and hydroelectric) in the generation of electricity even if electricity prices increase a little ◯ ◯ [CC20_333c] Strengthen the Environmental Protection Agency enforcement of the Clean Air Act and Clean Water Act even if it costs U.S. jobs ◯ ◯",,True,source_pre,0.9997478225446644,2,0.6372468635499491
CC20_333c,CC20_333,True,40,1,False,False,False,False,"[CC20_333grid] {grid} Do you support or oppose each of the following proposals? [1] Support [2] Oppose [CC20_333a] Give the Environmental Protection Agency power to regulate Carbon Dioxide emissions ◯ ◯ [CC20_333b] Require that each state use a minimum amount of renewable fuels (wind, solar, and hydroelectric) in the generation of electricity even if electricity prices increase a little ◯ ◯ [CC20_333c] Strengthen the Environmental Protection Agency enforcement of the Clean Air Act and Clean Water Act even if it costs U.S. jobs ◯ ◯ [CC20_333d] Raise the average fuel efficiency for all cars and trucks in the US from 40 miles per gallon to 54.5 miles per gallon by 2025. ◯ ◯ collapsible: None required: None","[CC20_333grid] {grid} Do you support or oppose each of the following proposals? [1] Support [2] Oppose [CC20_333a] Give the Environmental Protection Agency power to regulate Carbon Dioxide emissions ◯ ◯ [CC20_333b] Require that each state use a minimum amount of renewable fuels (wind, solar, and hydroelectric) in the generation of electricity even if electricity prices increase a little ◯ ◯ [CC20_333c] Strengthen the Environmental Protection Agency enforcement of the Clean Air Act and Clean Water Act even if it costs U.S. jobs ◯ ◯ [CC20_333d] Raise the average fuel efficiency for all cars and trucks in the US from 40 miles per gallon to 54.5 miles per gallon by 2025. ◯ ◯",,True,source_pre,0.9997478225446644,2,0.6579247888896409
CC20_333d,CC20_333,True,40,1,False,False,False,False,"[CC20_333grid] {grid} Do you support or oppose each of the following proposals? [1] Support [2] Oppose [CC20_333a] Give the Environmental Protection Agency power to regulate Carbon Dioxide emissions ◯ ◯ [CC20_333b] Require that each state use a minimum amount of renewable fuels (wind, solar, and hydroelectric) in the generation of electricity even if electricity prices increase a little ◯ ◯ [CC20_333c] Strengthen the Environmental Protection Agency enforcement of the Clean Air Act and Clean Water Act even if it costs U.S. jobs ◯ ◯ [CC20_333d] Raise the average fuel efficiency for all cars and trucks in the US from 40 miles per gallon to 54.5 miles per gallon by 2025. ◯ ◯ collapsible: None required: None varlabel: None width: None","[CC20_333grid] {grid} Do you support or oppose each of the following proposals? [1] Support [2] Oppose [CC20_333a] Give the Environmental Protection Agency power to regulate Carbon Dioxide emissions ◯ ◯ [CC20_333b] Require that each state use a minimum amount of renewable fuels (wind, solar, and hydroelectric) in the generation of electricity even if electricity prices increase a little ◯ ◯ [CC20_333c] Strengthen the Environmental Protection Agency enforcement of the Clean Air Act and Clean Water Act even if it costs U.S. jobs ◯ ◯ [CC20_333d] Raise the average fuel efficiency for all cars and trucks in the US from 40 miles per gallon to 54.5 miles per gallon by 2025. ◯ ◯",,True,source_pre,0.9996896277472794,2,0.6212746162587726
CC20_334a,CC20_334,True,41,1,False,False,False,False,"[CC20_334grid] {grid} Do you support or oppose each of the following proposals? [1] Support [2] Oppose [CC20_334a] Eliminate mandatory minimum sentences for non-violent drug offenders. ◯ ◯ [CC20_334b] Require police officers to wear body cameras that record all of their activities while on duty. ◯ ◯ [CC20_334c] Increase the number of police on the street by 10 percent, even if it means fewer funds for other public services.","[CC20_334grid] {grid} Do you support or oppose each of the following proposals? [1] Support [2] Oppose [CC20_334a] Eliminate mandatory minimum sentences for non-violent drug offenders. ◯ ◯ [CC20_334b] Require police officers to wear body cameras that record all of their activities while on duty. ◯ ◯ [CC20_334c] Increase the number of police on the street by 10 percent, even if it means fewer funds for other public services.",,True,source_pre,0.9997284242788694,2,0.5899159894002524
CC20_334b,CC20_334,True,41,1,False,False,False,False,"[CC20_334grid] {grid} Do you support or oppose each of the following proposals? [1] Support [2] Oppose [CC20_334a] Eliminate mandatory minimum sentences for non-violent drug offenders. ◯ ◯ [CC20_334b] Require police officers to wear body cameras that record all of their activities while on duty. ◯ ◯ [CC20_334c] Increase the number of police on the street by 10 percent, even if it means fewer funds for other public services. ◯ ◯ [CC20_334d] Decrease the number of police on the street by 10 percent, and increase funding for other","[CC20_334grid] {grid} Do you support or oppose each of the following proposals? [1] Support [2] Oppose [CC20_334a] Eliminate mandatory minimum sentences for non-violent drug offenders. ◯ ◯ [CC20_334b] Require police officers to wear body cameras that record all of their activities while on duty. ◯ ◯ [CC20_334c] Increase the number of police on the street by 10 percent, even if it means fewer funds for other public services. ◯ ◯ [CC20_334d] Decrease the number of police on the street by 10 percent, and increase funding for other",,True,source_pre,0.9997284242788694,2,0.2491696650775805
CC20_334c,CC20_334,True,41,1,False,False,False,False,"[CC20_334grid] {grid} Do you support or oppose each of the following proposals? [1] Support [2] Oppose [CC20_334a] Eliminate mandatory minimum sentences for non-violent drug offenders. ◯ ◯ [CC20_334b] Require police officers to wear body cameras that record all of their activities while on duty. ◯ ◯ [CC20_334c] Increase the number of police on the street by 10 percent, even if it means fewer funds for other public services. ◯ ◯ [CC20_334d] Decrease the number of police on the street by 10 percent, and increase funding for other public services ◯ ◯ [CC20_334e] Ban the use of choke holds by police ◯ ◯ [CC20_334f] Create a","[CC20_334grid] {grid} Do you support or oppose each of the following proposals? [1] Support [2] Oppose [CC20_334a] Eliminate mandatory minimum sentences for non-violent drug offenders. ◯ ◯ [CC20_334b] Require police officers to wear body cameras that record all of their activities while on duty. ◯ ◯ [CC20_334c] Increase the number of police on the street by 10 percent, even if it means fewer funds for other public services. ◯ ◯ [CC20_334d] Decrease the number of police on the street by 10 percent, and increase funding for other public services ◯ ◯ [CC20_334e] Ban the use of choke holds by police ◯ ◯ [CC20_334f] Create a",,True,source_pre,0.9996314329498944,2,0.6902540764970333
CC20_334d,CC20_334,True,41,1,False,False,False,False,"[CC20_334grid] {grid} Do you support or oppose each of the following proposals? [1] Support [2] Oppose [CC20_334a] Eliminate mandatory minimum sentences for non-violent drug offenders. ◯ ◯ [CC20_334b] Require police officers to wear body cameras that record all of their activities while on duty. ◯ ◯ [CC20_334c] Increase the number of police on the street by 10 percent, even if it means fewer funds for other public services. ◯ ◯ [CC20_334d] Decrease the number of police on the street by 10 percent, and increase funding for other public services ◯ ◯ [CC20_334e] Ban the use of choke holds by police ◯ ◯ [CC20_334f] Create a national registry of police who have been investigated for or disciplined for misconduct. ◯ ◯ [CC20_334g] End the","[CC20_334grid] {grid} Do you support or oppose each of the following proposals? [1] Support [2] Oppose [CC20_334a] Eliminate mandatory minimum sentences for non-violent drug offenders. ◯ ◯ [CC20_334b] Require police officers to wear body cameras that record all of their activities while on duty. ◯ ◯ [CC20_334c] Increase the number of police on the street by 10 percent, even if it means fewer funds for other public services. ◯ ◯ [CC20_334d] Decrease the number of police on the street by 10 percent, and increase funding for other public services ◯ ◯ [CC20_334e] Ban the use of choke holds by police ◯ ◯ [CC20_334f] Create a national registry of police who have been investigated for or disciplined for misconduct. ◯ ◯ [CC20_334g] End the",,True,source_pre,0.999515043355124,2,0.6711157335124243
CC20_334e,CC20_334,True,41,1,False,False,False,False,"[CC20_334grid] {grid} Do you support or oppose each of the following proposals? [1] Support [2] Oppose [CC20_334a] Eliminate mandatory minimum sentences for non-violent drug offenders. ◯ ◯ [CC20_334b] Require police officers to wear body cameras that record all of their activities while on duty. ◯ ◯ [CC20_334c] Increase the number of police on the street by 10 percent, even if it means fewer funds for other public services. ◯ ◯ [CC20_334d] Decrease the number of police on the street by 10 percent, and increase funding for other public services ◯ ◯ [CC20_334e] Ban the use of choke holds by police ◯ ◯ [CC20_334f] Create a national registry of police who have been investigated for or disciplined for misconduct. ◯ ◯ [CC20_334g] End the Department of Defense program that sends surplus military weapons and equipment to police departments. ◯ ◯","[CC20_334grid] {grid} Do you support or oppose each of the following proposals? [1] Support [2] Oppose [CC20_334a] Eliminate mandatory minimum sentences for non-violent drug offenders. ◯ ◯ [CC20_334b] Require police officers to wear body cameras that record all of their activities while on duty. ◯ ◯ [CC20_334c] Increase the number of police on the street by 10 percent, even if it means fewer funds for other public services. ◯ ◯ [CC20_334d] Decrease the number of police on the street by 10 percent, and increase funding for other public services ◯ ◯ [CC20_334e] Ban the use of choke holds by police ◯ ◯ [CC20_334f] Create a national registry of police who have been investigated for or disciplined for misconduct. ◯ ◯ [CC20_334g] End the Department of Defense program that sends surplus military weapons and equipment to police departments. ◯ ◯",,True,source_pre,0.9995344416209192,2,0.5401376309548098
CC20_334f,CC20_334,True,41,1,False,False,False,False,"[CC20_334grid] {grid} Do you support or oppose each of the following proposals? [1] Support [2] Oppose [CC20_334a] Eliminate mandatory minimum sentences for non-violent drug offenders. ◯ ◯ [CC20_334b] Require police officers to wear body cameras that record all of their activities while on duty. ◯ ◯ [CC20_334c] Increase the number of police on the street by 10 percent, even if it means fewer funds for other public services. ◯ ◯ [CC20_334d] Decrease the number of police on the street by 10 percent, and increase funding for other public services ◯ ◯ [CC20_334e] Ban the use of choke holds by police ◯ ◯ [CC20_334f] Create a national registry of police who have been investigated for or disciplined for misconduct. ◯ ◯ [CC20_334g] End the Department of Defense program that sends surplus military weapons and equipment to police departments. ◯ ◯","[CC20_334grid] {grid} Do you support or oppose each of the following proposals? [1] Support [2] Oppose [CC20_334a] Eliminate mandatory minimum sentences for non-violent drug offenders. ◯ ◯ [CC20_334b] Require police officers to wear body cameras that record all of their activities while on duty. ◯ ◯ [CC20_334c] Increase the number of police on the street by 10 percent, even if it means fewer funds for other public services. ◯ ◯ [CC20_334d] Decrease the number of police on the street by 10 percent, and increase funding for other public services ◯ ◯ [CC20_334e] Ban the use of choke holds by police ◯ ◯ [CC20_334f] Create a national registry of police who have been investigated for or disciplined for misconduct. ◯ ◯ [CC20_334g] End the Department of Defense program that sends surplus military weapons and equipment to police departments. ◯ ◯",,True,source_pre,0.9995344416209192,2,0.4775793058754621
CC20_334g,CC20_334,True,41,1,False,False,False,False,"[CC20_334grid] {grid} Do you support or oppose each of the following proposals? [1] Support [2] Oppose [CC20_334a] Eliminate mandatory minimum sentences for non-violent drug offenders. ◯ ◯ [CC20_334b] Require police officers to wear body cameras that record all of their activities while on duty. ◯ ◯ [CC20_334c] Increase the number of police on the street by 10 percent, even if it means fewer funds for other public services. ◯ ◯ [CC20_334d] Decrease the number of police on the street by 10 percent, and increase funding for other public services ◯ ◯ [CC20_334e] Ban the use of choke holds by police ◯ ◯ [CC20_334f] Create a national registry of police who have been investigated for or disciplined for misconduct. ◯ ◯ [CC20_334g] End the Department of Defense program that sends surplus military weapons and equipment to police departments. ◯ ◯","[CC20_334grid] {grid} Do you support or oppose each of the following proposals? [1] Support [2] Oppose [CC20_334a] Eliminate mandatory minimum sentences for non-violent drug offenders. ◯ ◯ [CC20_334b] Require police officers to wear body cameras that record all of their activities while on duty. ◯ ◯ [CC20_334c] Increase the number of police on the street by 10 percent, even if it means fewer funds for other public services. ◯ ◯ [CC20_334d] Decrease the number of police on the street by 10 percent, and increase funding for other public services ◯ ◯ [CC20_334e] Ban the use of choke holds by police ◯ ◯ [CC20_334f] Create a national registry of police who have been investigated for or disciplined for misconduct. ◯ ◯ [CC20_334g] End the Department of Defense program that sends surplus military weapons and equipment to police departments. ◯ ◯",,True,source_pre,0.9996120346840992,2,0.69314562130951
CC20_334h,CC20_334,True,42,1,False,False,False,False,Questionnaire [CC20_334h] Allow individuals or their families to sue a police officer for damages if the officer is found to have “recklessly disregarded” the individual’s rights. ◯ ◯ collapsible: None required: None varlabel: None width: None,[CC20_334h] Allow individuals or their families to sue a police officer for damages if the officer is found to have “recklessly disregarded” the individual’s rights. ◯ ◯,,True,source_pre,0.9995344416209192,2,0.5379784188985529
CC20_338a,CC20_338,True,43,1,False,False,False,True,"[CC20_338grid] {grid} On the issue of trade, do you support or oppose the following proposed tariffs? [1] Support [2] Oppose [CC20_338a] Tariffs on $200 billion worth of goods imported from China ◯ ◯ [CC20_338b] 25% tariffs on imported steel and 10% on imported aluminum, EXCEPT from Canada and Mexico. ◯ ◯ [CC20_338c] 25% tariffs on all imported steel and 10% on imported aluminum, INCLUDING from Canada and Mexico. ◯ ◯","[CC20_338grid] {grid} On the issue of trade, do you support or oppose the following proposed tariffs? [1] Support [2] Oppose [CC20_338a] Tariffs on $200 billion worth of goods imported from China ◯ ◯ [CC20_338b] 25% tariffs on imported steel and 10% on imported aluminum, EXCEPT from Canada and Mexico. ◯ ◯ [CC20_338c] 25% tariffs on all imported steel and 10% on imported aluminum, INCLUDING from Canada and Mexico. ◯ ◯",,True,source_pre,0.990300867102481,2,0.6721980886283774
CC20_338b,CC20_338,True,43,1,False,False,False,True,"[CC20_338grid] {grid} On the issue of trade, do you support or oppose the following proposed tariffs? [1] Support [2] Oppose [CC20_338a] Tariffs on $200 billion worth of goods imported from China ◯ ◯ [CC20_338b] 25% tariffs on imported steel and 10% on imported aluminum, EXCEPT from Canada and Mexico. ◯ ◯ [CC20_338c] 25% tariffs on all imported steel and 10% on imported aluminum, INCLUDING from Canada and Mexico. ◯ ◯ [CC20_338d] Increase tariffs on European aircraft and agricultural products. ◯ ◯","[CC20_338grid] {grid} On the issue of trade, do you support or oppose the following proposed tariffs? [1] Support [2] Oppose [CC20_338a] Tariffs on $200 billion worth of goods imported from China ◯ ◯ [CC20_338b] 25% tariffs on imported steel and 10% on imported aluminum, EXCEPT from Canada and Mexico. ◯ ◯ [CC20_338c] 25% tariffs on all imported steel and 10% on imported aluminum, INCLUDING from Canada and Mexico. ◯ ◯ [CC20_338d] Increase tariffs on European aircraft and agricultural products. ◯ ◯",,True,source_pre,0.98971891912863,2,0.6838807986343742
CC20_338c,CC20_338,True,43,1,False,False,False,True,"[CC20_338grid] {grid} On the issue of trade, do you support or oppose the following proposed tariffs? [1] Support [2] Oppose [CC20_338a] Tariffs on $200 billion worth of goods imported from China ◯ ◯ [CC20_338b] 25% tariffs on imported steel and 10% on imported aluminum, EXCEPT from Canada and Mexico. ◯ ◯ [CC20_338c] 25% tariffs on all imported steel and 10% on imported aluminum, INCLUDING from Canada and Mexico. ◯ ◯ [CC20_338d] Increase tariffs on European aircraft and agricultural products. ◯ ◯ collapsible: None varlabel: None width: None","[CC20_338grid] {grid} On the issue of trade, do you support or oppose the following proposed tariffs? [1] Support [2] Oppose [CC20_338a] Tariffs on $200 billion worth of goods imported from China ◯ ◯ [CC20_338b] 25% tariffs on imported steel and 10% on imported aluminum, EXCEPT from Canada and Mexico. ◯ ◯ [CC20_338c] 25% tariffs on all imported steel and 10% on imported aluminum, INCLUDING from Canada and Mexico. ◯ ◯ [CC20_338d] Increase tariffs on European aircraft and agricultural products. ◯ ◯",,True,source_pre,0.9877984908149212,2,0.636948862107005
CC20_338d,CC20_338,True,43,1,False,False,False,True,"[CC20_338grid] {grid} On the issue of trade, do you support or oppose the following proposed tariffs? [1] Support [2] Oppose [CC20_338a] Tariffs on $200 billion worth of goods imported from China ◯ ◯ [CC20_338b] 25% tariffs on imported steel and 10% on imported aluminum, EXCEPT from Canada and Mexico. ◯ ◯ [CC20_338c] 25% tariffs on all imported steel and 10% on imported aluminum, INCLUDING from Canada and Mexico. ◯ ◯ [CC20_338d] Increase tariffs on European aircraft and agricultural products. ◯ ◯ collapsible: None varlabel: None width: None","[CC20_338grid] {grid} On the issue of trade, do you support or oppose the following proposed tariffs? [1] Support [2] Oppose [CC20_338a] Tariffs on $200 billion worth of goods imported from China ◯ ◯ [CC20_338b] 25% tariffs on imported steel and 10% on imported aluminum, EXCEPT from Canada and Mexico. ◯ ◯ [CC20_338c] 25% tariffs on all imported steel and 10% on imported aluminum, INCLUDING from Canada and Mexico. ◯ ◯ [CC20_338d] Increase tariffs on European aircraft and agricultural products. ◯ ◯",,True,source_pre,0.9864212139434736,2,0.6902976884000109
CC20_340a,CC20_340,True,44,1,False,False,False,True,[CC20_340grid] {grid} How would you rate each of the following individuals and groups? [1] Very Libe ral [2] Libe ral [3] Some what Liberal [4] Mid dle of the Roa d [5] Somewh at Conserv ative [6] Conserv ative [7] Very Conserv ative [8 ] No t su re [CC20_340a] Yourself ◯ ◯ ◯ ◯ ◯ ◯ ◯ ◯ [CC20_340b] $CurrentGovName (shown if shown if CurrentGovName and not govforsen) ◯ ◯ ◯ ◯ ◯ ◯ ◯ ◯ [CC20_340c] Joe Biden ◯ ◯ ◯ ◯ ◯ ◯ ◯ ◯ [CC20_340d] Donald Trump ◯ ◯ ◯ ◯ ◯ ◯ ◯ ◯ [CC20_340e] The,[CC20_340grid] {grid} How would you rate each of the following individuals and groups? [1] Very Libe ral [2] Libe ral [3] Some what Liberal [4] Mid dle of the Roa d [5] Somewh at Conserv ative [6] Conserv ative [7] Very Conserv ative [8 ] No t su re [CC20_340a] Yourself ◯ ◯ ◯ ◯ ◯ ◯ ◯ ◯ [CC20_340b] $CurrentGovName (shown if shown if CurrentGovName and not govforsen) ◯ ◯ ◯ ◯ ◯ ◯ ◯ ◯ [CC20_340c] Joe Biden ◯ ◯ ◯ ◯ ◯ ◯ ◯ ◯ [CC20_340d] Donald Trump ◯ ◯ ◯ ◯ ◯ ◯ ◯ ◯ [CC20_340e] The,,True,source_pre,0.9996120346840992,8,1.9857714596186584
CC20_340b,CC20_340,True,44,1,False,False,False,True,[CC20_340grid] {grid} How would you rate each of the following individuals and groups? [1] Very Libe ral [2] Libe ral [3] Some what Liberal [4] Mid dle of the Roa d [5] Somewh at Conserv ative [6] Conserv ative [7] Very Conserv ative [8 ] No t su re [CC20_340a] Yourself ◯ ◯ ◯ ◯ ◯ ◯ ◯ ◯ [CC20_340b] $CurrentGovName (shown if shown if CurrentGovName and not govforsen) ◯ ◯ ◯ ◯ ◯ ◯ ◯ ◯ [CC20_340c] Joe Biden ◯ ◯ ◯ ◯ ◯ ◯ ◯ ◯ [CC20_340d] Donald Trump ◯ ◯ ◯ ◯ ◯ ◯ ◯ ◯ [CC20_340e] The Democratic Party ◯ ◯ ◯ ◯ ◯ ◯ ◯ ◯ [CC20_340f] The,[CC20_340grid] {grid} How would you rate each of the following individuals and groups? [1] Very Libe ral [2] Libe ral [3] Some what Liberal [4] Mid dle of the Roa d [5] Somewh at Conserv ative [6] Conserv ative [7] Very Conserv ative [8 ] No t su re [CC20_340a] Yourself ◯ ◯ ◯ ◯ ◯ ◯ ◯ ◯ [CC20_340b] $CurrentGovName (shown if shown if CurrentGovName and not govforsen) ◯ ◯ ◯ ◯ ◯ ◯ ◯ ◯ [CC20_340c] Joe Biden ◯ ◯ ◯ ◯ ◯ ◯ ◯ ◯ [CC20_340d] Donald Trump ◯ ◯ ◯ ◯ ◯ ◯ ◯ ◯ [CC20_340e] The Democratic Party ◯ ◯ ◯ ◯ ◯ ◯ ◯ ◯ [CC20_340f] The,,True,source_pre,0.9924928711373204,8,2.0622724201602725
CC20_340c,CC20_340,True,44,1,False,False,False,True,[CC20_340grid] {grid} How would you rate each of the following individuals and groups? [1] Very Libe ral [2] Libe ral [3] Some what Liberal [4] Mid dle of the Roa d [5] Somewh at Conserv ative [6] Conserv ative [7] Very Conserv ative [8 ] No t su re [CC20_340a] Yourself ◯ ◯ ◯ ◯ ◯ ◯ ◯ ◯ [CC20_340b] $CurrentGovName (shown if shown if CurrentGovName and not govforsen) ◯ ◯ ◯ ◯ ◯ ◯ ◯ ◯ [CC20_340c] Joe Biden ◯ ◯ ◯ ◯ ◯ ◯ ◯ ◯ [CC20_340d] Donald Trump ◯ ◯ ◯ ◯ ◯ ◯ ◯ ◯ [CC20_340e] The Democratic Party ◯ ◯ ◯ ◯ ◯ ◯ ◯ ◯ [CC20_340f] The Republican Party ◯ ◯ ◯ ◯ ◯ ◯ ◯ ◯ [CC20_340g] $CurrentSen1Name (shown if shown if CurrentSen1Name,[CC20_340grid] {grid} How would you rate each of the following individuals and groups? [1] Very Libe ral [2] Libe ral [3] Some what Liberal [4] Mid dle of the Roa d [5] Somewh at Conserv ative [6] Conserv ative [7] Very Conserv ative [8 ] No t su re [CC20_340a] Yourself ◯ ◯ ◯ ◯ ◯ ◯ ◯ ◯ [CC20_340b] $CurrentGovName (shown if shown if CurrentGovName and not govforsen) ◯ ◯ ◯ ◯ ◯ ◯ ◯ ◯ [CC20_340c] Joe Biden ◯ ◯ ◯ ◯ ◯ ◯ ◯ ◯ [CC20_340d] Donald Trump ◯ ◯ ◯ ◯ ◯ ◯ ◯ ◯ [CC20_340e] The Democratic Party ◯ ◯ ◯ ◯ ◯ ◯ ◯ ◯ [CC20_340f] The Republican Party ◯ ◯ ◯ ◯ ◯ ◯ ◯ ◯ [CC20_340g] $CurrentSen1Name (shown if shown if CurrentSen1Name,,True,source_pre,0.9996508312156892,8,1.7876963353241098
CC20_340d,CC20_340,True,44,1,False,False,False,True,[CC20_340grid] {grid} How would you rate each of the following individuals and groups? [1] Very Libe ral [2] Libe ral [3] Some what Liberal [4] Mid dle of the Roa d [5] Somewh at Conserv ative [6] Conserv ative [7] Very Conserv ative [8 ] No t su re [CC20_340a] Yourself ◯ ◯ ◯ ◯ ◯ ◯ ◯ ◯ [CC20_340b] $CurrentGovName (shown if shown if CurrentGovName and not govforsen) ◯ ◯ ◯ ◯ ◯ ◯ ◯ ◯ [CC20_340c] Joe Biden ◯ ◯ ◯ ◯ ◯ ◯ ◯ ◯ [CC20_340d] Donald Trump ◯ ◯ ◯ ◯ ◯ ◯ ◯ ◯ [CC20_340e] The Democratic Party ◯ ◯ ◯ ◯ ◯ ◯ ◯ ◯ [CC20_340f] The Republican Party ◯ ◯ ◯ ◯ ◯ ◯ ◯ ◯ [CC20_340g] $CurrentSen1Name (shown if shown if CurrentSen1Name and sen1reelect==0) ◯ ◯ ◯ ◯ ◯ ◯ ◯ ◯,[CC20_340grid] {grid} How would you rate each of the following individuals and groups? [1] Very Libe ral [2] Libe ral [3] Some what Liberal [4] Mid dle of the Roa d [5] Somewh at Conserv ative [6] Conserv ative [7] Very Conserv ative [8 ] No t su re [CC20_340a] Yourself ◯ ◯ ◯ ◯ ◯ ◯ ◯ ◯ [CC20_340b] $CurrentGovName (shown if shown if CurrentGovName and not govforsen) ◯ ◯ ◯ ◯ ◯ ◯ ◯ ◯ [CC20_340c] Joe Biden ◯ ◯ ◯ ◯ ◯ ◯ ◯ ◯ [CC20_340d] Donald Trump ◯ ◯ ◯ ◯ ◯ ◯ ◯ ◯ [CC20_340e] The Democratic Party ◯ ◯ ◯ ◯ ◯ ◯ ◯ ◯ [CC20_340f] The Republican Party ◯ ◯ ◯ ◯ ◯ ◯ ◯ ◯ [CC20_340g] $CurrentSen1Name (shown if shown if CurrentSen1Name and sen1reelect==0) ◯ ◯ ◯ ◯ ◯ ◯ ◯ ◯,,True,source_pre,0.9995732381525092,8,1.6391242615805235
CC20_340e,CC20_340,True,44,1,False,False,False,True,[CC20_340grid] {grid} How would you rate each of the following individuals and groups? [1] Very Libe ral [2] Libe ral [3] Some what Liberal [4] Mid dle of the Roa d [5] Somewh at Conserv ative [6] Conserv ative [7] Very Conserv ative [8 ] No t su re [CC20_340a] Yourself ◯ ◯ ◯ ◯ ◯ ◯ ◯ ◯ [CC20_340b] $CurrentGovName (shown if shown if CurrentGovName and not govforsen) ◯ ◯ ◯ ◯ ◯ ◯ ◯ ◯ [CC20_340c] Joe Biden ◯ ◯ ◯ ◯ ◯ ◯ ◯ ◯ [CC20_340d] Donald Trump ◯ ◯ ◯ ◯ ◯ ◯ ◯ ◯ [CC20_340e] The Democratic Party ◯ ◯ ◯ ◯ ◯ ◯ ◯ ◯ [CC20_340f] The Republican Party ◯ ◯ ◯ ◯ ◯ ◯ ◯ ◯ [CC20_340g] $CurrentSen1Name (shown if shown if CurrentSen1Name and sen1reelect==0) ◯ ◯ ◯ ◯ ◯ ◯ ◯ ◯ [CC20_340h] $CurrentSen2Name (shown if shown if,[CC20_340grid] {grid} How would you rate each of the following individuals and groups? [1] Very Libe ral [2] Libe ral [3] Some what Liberal [4] Mid dle of the Roa d [5] Somewh at Conserv ative [6] Conserv ative [7] Very Conserv ative [8 ] No t su re [CC20_340a] Yourself ◯ ◯ ◯ ◯ ◯ ◯ ◯ ◯ [CC20_340b] $CurrentGovName (shown if shown if CurrentGovName and not govforsen) ◯ ◯ ◯ ◯ ◯ ◯ ◯ ◯ [CC20_340c] Joe Biden ◯ ◯ ◯ ◯ ◯ ◯ ◯ ◯ [CC20_340d] Donald Trump ◯ ◯ ◯ ◯ ◯ ◯ ◯ ◯ [CC20_340e] The Democratic Party ◯ ◯ ◯ ◯ ◯ ◯ ◯ ◯ [CC20_340f] The Republican Party ◯ ◯ ◯ ◯ ◯ ◯ ◯ ◯ [CC20_340g] $CurrentSen1Name (shown if shown if CurrentSen1Name and sen1reelect==0) ◯ ◯ ◯ ◯ ◯ ◯ ◯ ◯ [CC20_340h] $CurrentSen2Name (shown if shown if,,True,source_pre,0.9996702294814844,8,1.7096566850599817
CC20_340f,CC20_340,True,44,1,False,False,False,True,[CC20_340grid] {grid} How would you rate each of the following individuals and groups? [1] Very Libe ral [2] Libe ral [3] Some what Liberal [4] Mid dle of the Roa d [5] Somewh at Conserv ative [6] Conserv ative [7] Very Conserv ative [8 ] No t su re [CC20_340a] Yourself ◯ ◯ ◯ ◯ ◯ ◯ ◯ ◯ [CC20_340b] $CurrentGovName (shown if shown if CurrentGovName and not govforsen) ◯ ◯ ◯ ◯ ◯ ◯ ◯ ◯ [CC20_340c] Joe Biden ◯ ◯ ◯ ◯ ◯ ◯ ◯ ◯ [CC20_340d] Donald Trump ◯ ◯ ◯ ◯ ◯ ◯ ◯ ◯ [CC20_340e] The Democratic Party ◯ ◯ ◯ ◯ ◯ ◯ ◯ ◯ [CC20_340f] The Republican Party ◯ ◯ ◯ ◯ ◯ ◯ ◯ ◯ [CC20_340g] $CurrentSen1Name (shown if shown if CurrentSen1Name and sen1reelect==0) ◯ ◯ ◯ ◯ ◯ ◯ ◯ ◯ [CC20_340h] $CurrentSen2Name (shown if shown if CurrentSen2Name ◯ ◯ ◯ ◯ ◯ ◯ ◯ ◯,[CC20_340grid] {grid} How would you rate each of the following individuals and groups? [1] Very Libe ral [2] Libe ral [3] Some what Liberal [4] Mid dle of the Roa d [5] Somewh at Conserv ative [6] Conserv ative [7] Very Conserv ative [8 ] No t su re [CC20_340a] Yourself ◯ ◯ ◯ ◯ ◯ ◯ ◯ ◯ [CC20_340b] $CurrentGovName (shown if shown if CurrentGovName and not govforsen) ◯ ◯ ◯ ◯ ◯ ◯ ◯ ◯ [CC20_340c] Joe Biden ◯ ◯ ◯ ◯ ◯ ◯ ◯ ◯ [CC20_340d] Donald Trump ◯ ◯ ◯ ◯ ◯ ◯ ◯ ◯ [CC20_340e] The Democratic Party ◯ ◯ ◯ ◯ ◯ ◯ ◯ ◯ [CC20_340f] The Republican Party ◯ ◯ ◯ ◯ ◯ ◯ ◯ ◯ [CC20_340g] $CurrentSen1Name (shown if shown if CurrentSen1Name and sen1reelect==0) ◯ ◯ ◯ ◯ ◯ ◯ ◯ ◯ [CC20_340h] $CurrentSen2Name (shown if shown if CurrentSen2Name ◯ ◯ ◯ ◯ ◯ ◯ ◯ ◯,,True,source_pre,0.999495645089329,8,1.5696384018667808
CC20_340g,CC20_340,True,44,1,False,False,False,True,[CC20_340grid] {grid} How would you rate each of the following individuals and groups? [1] Very Libe ral [2] Libe ral [3] Some what Liberal [4] Mid dle of the Roa d [5] Somewh at Conserv ative [6] Conserv ative [7] Very Conserv ative [8 ] No t su re [CC20_340a] Yourself ◯ ◯ ◯ ◯ ◯ ◯ ◯ ◯ [CC20_340b] $CurrentGovName (shown if shown if CurrentGovName and not govforsen) ◯ ◯ ◯ ◯ ◯ ◯ ◯ ◯ [CC20_340c] Joe Biden ◯ ◯ ◯ ◯ ◯ ◯ ◯ ◯ [CC20_340d] Donald Trump ◯ ◯ ◯ ◯ ◯ ◯ ◯ ◯ [CC20_340e] The Democratic Party ◯ ◯ ◯ ◯ ◯ ◯ ◯ ◯ [CC20_340f] The Republican Party ◯ ◯ ◯ ◯ ◯ ◯ ◯ ◯ [CC20_340g] $CurrentSen1Name (shown if shown if CurrentSen1Name and sen1reelect==0) ◯ ◯ ◯ ◯ ◯ ◯ ◯ ◯ [CC20_340h] $CurrentSen2Name (shown if shown if CurrentSen2Name ◯ ◯ ◯ ◯ ◯ ◯ ◯ ◯,[CC20_340grid] {grid} How would you rate each of the following individuals and groups? [1] Very Libe ral [2] Libe ral [3] Some what Liberal [4] Mid dle of the Roa d [5] Somewh at Conserv ative [6] Conserv ative [7] Very Conserv ative [8 ] No t su re [CC20_340a] Yourself ◯ ◯ ◯ ◯ ◯ ◯ ◯ ◯ [CC20_340b] $CurrentGovName (shown if shown if CurrentGovName and not govforsen) ◯ ◯ ◯ ◯ ◯ ◯ ◯ ◯ [CC20_340c] Joe Biden ◯ ◯ ◯ ◯ ◯ ◯ ◯ ◯ [CC20_340d] Donald Trump ◯ ◯ ◯ ◯ ◯ ◯ ◯ ◯ [CC20_340e] The Democratic Party ◯ ◯ ◯ ◯ ◯ ◯ ◯ ◯ [CC20_340f] The Republican Party ◯ ◯ ◯ ◯ ◯ ◯ ◯ ◯ [CC20_340g] $CurrentSen1Name (shown if shown if CurrentSen1Name and sen1reelect==0) ◯ ◯ ◯ ◯ ◯ ◯ ◯ ◯ [CC20_340h] $CurrentSen2Name (shown if shown if CurrentSen2Name ◯ ◯ ◯ ◯ ◯ ◯ ◯ ◯,,True,source_pre,0.7609357723419526,8,2.0181270310307147
CC20_340h,CC20_340,True,44,1,False,False,False,True,[CC20_340grid] {grid} How would you rate each of the following individuals and groups? [1] Very Libe ral [2] Libe ral [3] Some what Liberal [4] Mid dle of the Roa d [5] Somewh at Conserv ative [6] Conserv ative [7] Very Conserv ative [8 ] No t su re [CC20_340a] Yourself ◯ ◯ ◯ ◯ ◯ ◯ ◯ ◯ [CC20_340b] $CurrentGovName (shown if shown if CurrentGovName and not govforsen) ◯ ◯ ◯ ◯ ◯ ◯ ◯ ◯ [CC20_340c] Joe Biden ◯ ◯ ◯ ◯ ◯ ◯ ◯ ◯ [CC20_340d] Donald Trump ◯ ◯ ◯ ◯ ◯ ◯ ◯ ◯ [CC20_340e] The Democratic Party ◯ ◯ ◯ ◯ ◯ ◯ ◯ ◯ [CC20_340f] The Republican Party ◯ ◯ ◯ ◯ ◯ ◯ ◯ ◯ [CC20_340g] $CurrentSen1Name (shown if shown if CurrentSen1Name and sen1reelect==0) ◯ ◯ ◯ ◯ ◯ ◯ ◯ ◯ [CC20_340h] $CurrentSen2Name (shown if shown if CurrentSen2Name ◯ ◯ ◯ ◯ ◯ ◯ ◯ ◯,[CC20_340grid] {grid} How would you rate each of the following individuals and groups? [1] Very Libe ral [2] Libe ral [3] Some what Liberal [4] Mid dle of the Roa d [5] Somewh at Conserv ative [6] Conserv ative [7] Very Conserv ative [8 ] No t su re [CC20_340a] Yourself ◯ ◯ ◯ ◯ ◯ ◯ ◯ ◯ [CC20_340b] $CurrentGovName (shown if shown if CurrentGovName and not govforsen) ◯ ◯ ◯ ◯ ◯ ◯ ◯ ◯ [CC20_340c] Joe Biden ◯ ◯ ◯ ◯ ◯ ◯ ◯ ◯ [CC20_340d] Donald Trump ◯ ◯ ◯ ◯ ◯ ◯ ◯ ◯ [CC20_340e] The Democratic Party ◯ ◯ ◯ ◯ ◯ ◯ ◯ ◯ [CC20_340f] The Republican Party ◯ ◯ ◯ ◯ ◯ ◯ ◯ ◯ [CC20_340g] $CurrentSen1Name (shown if shown if CurrentSen1Name and sen1reelect==0) ◯ ◯ ◯ ◯ ◯ ◯ ◯ ◯ [CC20_340h] $CurrentSen2Name (shown if shown if CurrentSen2Name ◯ ◯ ◯ ◯ ◯ ◯ ◯ ◯,,True,source_pre,0.7058059009524549,8,2.0063087146979326
CC20_340i,CC20_340,True,45,1,False,False,False,True,Questionnaire and sen2reelect==0) [CC20_340i] $SenCand1Name (shown if shown if SenCand1Name) ◯ ◯ ◯ ◯ ◯ ◯ ◯ ◯ [CC20_340j] $SenCand2Name (shown if shown if SenCand2Name) ◯ ◯ ◯ ◯ ◯ ◯ ◯ ◯ [CC20_340k] $HouseCand1Name (shown if shown if HouseCand1Name) ◯ ◯ ◯ ◯ ◯ ◯ ◯ ◯ [CC20_340l],[CC20_340i] $SenCand1Name (shown if shown if SenCand1Name) ◯ ◯ ◯ ◯ ◯ ◯ ◯ ◯ [CC20_340j] $SenCand2Name (shown if shown if SenCand2Name) ◯ ◯ ◯ ◯ ◯ ◯ ◯ ◯ [CC20_340k] $HouseCand1Name (shown if shown if HouseCand1Name) ◯ ◯ ◯ ◯ ◯ ◯ ◯ ◯ [CC20_340l],,True,source_pre,0.5335880972241082,8,1.7610999499337994
CC20_340j,CC20_340,True,45,1,False,False,False,True,Questionnaire and sen2reelect==0) [CC20_340i] $SenCand1Name (shown if shown if SenCand1Name) ◯ ◯ ◯ ◯ ◯ ◯ ◯ ◯ [CC20_340j] $SenCand2Name (shown if shown if SenCand2Name) ◯ ◯ ◯ ◯ ◯ ◯ ◯ ◯ [CC20_340k] $HouseCand1Name (shown if shown if HouseCand1Name) ◯ ◯ ◯ ◯ ◯ ◯ ◯ ◯ [CC20_340l] $HouseCand2Name (shown if shown if HouseCand2Name) ◯ ◯ ◯ ◯ ◯ ◯ ◯ ◯ [CC20_340m],[CC20_340i] $SenCand1Name (shown if shown if SenCand1Name) ◯ ◯ ◯ ◯ ◯ ◯ ◯ ◯ [CC20_340j] $SenCand2Name (shown if shown if SenCand2Name) ◯ ◯ ◯ ◯ ◯ ◯ ◯ ◯ [CC20_340k] $HouseCand1Name (shown if shown if HouseCand1Name) ◯ ◯ ◯ ◯ ◯ ◯ ◯ ◯ [CC20_340l] $HouseCand2Name (shown if shown if HouseCand2Name) ◯ ◯ ◯ ◯ ◯ ◯ ◯ ◯ [CC20_340m],,True,source_pre,0.5334911058951329,8,1.640806820177304
CC20_340k,CC20_340,True,45,1,False,False,False,True,(shown if shown if SenCand1Name) ◯ ◯ ◯ ◯ ◯ ◯ ◯ ◯ [CC20_340j] $SenCand2Name (shown if shown if SenCand2Name) ◯ ◯ ◯ ◯ ◯ ◯ ◯ ◯ [CC20_340k] $HouseCand1Name (shown if shown if HouseCand1Name) ◯ ◯ ◯ ◯ ◯ ◯ ◯ ◯ [CC20_340l] $HouseCand2Name (shown if shown if HouseCand2Name) ◯ ◯ ◯ ◯ ◯ ◯ ◯ ◯ [CC20_340m] $CurrentHouseName (shown if shown if CurrentHouseName and (not HouseCand1Incum,(shown if shown if SenCand1Name) ◯ ◯ ◯ ◯ ◯ ◯ ◯ ◯ [CC20_340j] $SenCand2Name (shown if shown if SenCand2Name) ◯ ◯ ◯ ◯ ◯ ◯ ◯ ◯ [CC20_340k] $HouseCand1Name (shown if shown if HouseCand1Name) ◯ ◯ ◯ ◯ ◯ ◯ ◯ ◯ [CC20_340l] $HouseCand2Name (shown if shown if HouseCand2Name) ◯ ◯ ◯ ◯ ◯ ◯ ◯ ◯ [CC20_340m] $CurrentHouseName (shown if shown if CurrentHouseName and (not HouseCand1Incum,,True,source_pre,0.9864212139434736,8,1.630168945371164
CC20_340l,CC20_340,True,45,1,False,False,False,True,(shown if shown if SenCand2Name) ◯ ◯ ◯ ◯ ◯ ◯ ◯ ◯ [CC20_340k] $HouseCand1Name (shown if shown if HouseCand1Name) ◯ ◯ ◯ ◯ ◯ ◯ ◯ ◯ [CC20_340l] $HouseCand2Name (shown if shown if HouseCand2Name) ◯ ◯ ◯ ◯ ◯ ◯ ◯ ◯ [CC20_340m] $CurrentHouseName (shown if shown if CurrentHouseName and (not HouseCand1Incum bentNum) and (not HouseCand2Incum bentNum) and doublenamesen==0 ),(shown if shown if SenCand2Name) ◯ ◯ ◯ ◯ ◯ ◯ ◯ ◯ [CC20_340k] $HouseCand1Name (shown if shown if HouseCand1Name) ◯ ◯ ◯ ◯ ◯ ◯ ◯ ◯ [CC20_340l] $HouseCand2Name (shown if shown if HouseCand2Name) ◯ ◯ ◯ ◯ ◯ ◯ ◯ ◯ [CC20_340m] $CurrentHouseName (shown if shown if CurrentHouseName and (not HouseCand1Incum bentNum) and (not HouseCand2Incum bentNum) and doublenamesen==0 ),,True,source_pre,0.981610444026304,8,1.4827662620265345
CC20_350a,CC20_350,True,46,1,False,False,False,True,"[CC20_350grid] {grid} Over the past two years, Congress voted on many issues. Do you support each of the following proposals? [1] Favor [2] Oppose [CC20_350a] Amend federal laws to prohibit discrimination on the basis of gender identity and sexual orientation. ◯ ◯ [CC20_350b] Raise the minimum wage to $15 an hour. ◯ ◯ [CC20_350c] Confirm Brett Kavanaugh to become a Justice of the Supreme Court of the United States. ◯ ◯ [CC20_350d] Require equal","[CC20_350grid] {grid} Over the past two years, Congress voted on many issues. Do you support each of the following proposals? [1] Favor [2] Oppose [CC20_350a] Amend federal laws to prohibit discrimination on the basis of gender identity and sexual orientation. ◯ ◯ [CC20_350b] Raise the minimum wage to $15 an hour. ◯ ◯ [CC20_350c] Confirm Brett Kavanaugh to become a Justice of the Supreme Court of the United States. ◯ ◯ [CC20_350d] Require equal",,True,source_pre,0.9991270780392232,2,0.5279057824792938
CC20_350b,CC20_350,True,46,1,False,False,False,True,"[CC20_350grid] {grid} Over the past two years, Congress voted on many issues. Do you support each of the following proposals? [1] Favor [2] Oppose [CC20_350a] Amend federal laws to prohibit discrimination on the basis of gender identity and sexual orientation. ◯ ◯ [CC20_350b] Raise the minimum wage to $15 an hour. ◯ ◯ [CC20_350c] Confirm Brett Kavanaugh to become a Justice of the Supreme Court of the United States. ◯ ◯ [CC20_350d] Require equal pay for women and men who are doing similar jobs and have similar qualifications. ◯ ◯ [CC20_350e] Provide","[CC20_350grid] {grid} Over the past two years, Congress voted on many issues. Do you support each of the following proposals? [1] Favor [2] Oppose [CC20_350a] Amend federal laws to prohibit discrimination on the basis of gender identity and sexual orientation. ◯ ◯ [CC20_350b] Raise the minimum wage to $15 an hour. ◯ ◯ [CC20_350c] Confirm Brett Kavanaugh to become a Justice of the Supreme Court of the United States. ◯ ◯ [CC20_350d] Require equal pay for women and men who are doing similar jobs and have similar qualifications. ◯ ◯ [CC20_350e] Provide",,True,source_pre,0.999398653760354,2,0.6352102311198647
CC20_350c,CC20_350,True,46,1,False,False,False,True,"[CC20_350grid] {grid} Over the past two years, Congress voted on many issues. Do you support each of the following proposals? [1] Favor [2] Oppose [CC20_350a] Amend federal laws to prohibit discrimination on the basis of gender identity and sexual orientation. ◯ ◯ [CC20_350b] Raise the minimum wage to $15 an hour. ◯ ◯ [CC20_350c] Confirm Brett Kavanaugh to become a Justice of the Supreme Court of the United States. ◯ ◯ [CC20_350d] Require equal pay for women and men who are doing similar jobs and have similar qualifications. ◯ ◯ [CC20_350e] Provide permanent resident status to children of immigrants who were brought to the United States by their","[CC20_350grid] {grid} Over the past two years, Congress voted on many issues. Do you support each of the following proposals? [1] Favor [2] Oppose [CC20_350a] Amend federal laws to prohibit discrimination on the basis of gender identity and sexual orientation. ◯ ◯ [CC20_350b] Raise the minimum wage to $15 an hour. ◯ ◯ [CC20_350c] Confirm Brett Kavanaugh to become a Justice of the Supreme Court of the United States. ◯ ◯ [CC20_350d] Require equal pay for women and men who are doing similar jobs and have similar qualifications. ◯ ◯ [CC20_350e] Provide permanent resident status to children of immigrants who were brought to the United States by their",,True,source_pre,0.9990106884444532,2,0.68566993372847
CC20_350d,CC20_350,True,46,1,False,False,False,True,"[CC20_350grid] {grid} Over the past two years, Congress voted on many issues. Do you support each of the following proposals? [1] Favor [2] Oppose [CC20_350a] Amend federal laws to prohibit discrimination on the basis of gender identity and sexual orientation. ◯ ◯ [CC20_350b] Raise the minimum wage to $15 an hour. ◯ ◯ [CC20_350c] Confirm Brett Kavanaugh to become a Justice of the Supreme Court of the United States. ◯ ◯ [CC20_350d] Require equal pay for women and men who are doing similar jobs and have similar qualifications. ◯ ◯ [CC20_350e] Provide permanent resident status to children of immigrants who were brought to the United States by their parents (also known as Dreamers). Provide these immigrants a pathway to citizenship if they meet the citizenship requirements","[CC20_350grid] {grid} Over the past two years, Congress voted on many issues. Do you support each of the following proposals? [1] Favor [2] Oppose [CC20_350a] Amend federal laws to prohibit discrimination on the basis of gender identity and sexual orientation. ◯ ◯ [CC20_350b] Raise the minimum wage to $15 an hour. ◯ ◯ [CC20_350c] Confirm Brett Kavanaugh to become a Justice of the Supreme Court of the United States. ◯ ◯ [CC20_350d] Require equal pay for women and men who are doing similar jobs and have similar qualifications. ◯ ◯ [CC20_350e] Provide permanent resident status to children of immigrants who were brought to the United States by their parents (also known as Dreamers). Provide these immigrants a pathway to citizenship if they meet the citizenship requirements",,True,source_pre,0.998971891912863,2,0.3023661695233059
CC20_350e,CC20_350,True,46,1,False,False,False,True,"[CC20_350grid] {grid} Over the past two years, Congress voted on many issues. Do you support each of the following proposals? [1] Favor [2] Oppose [CC20_350a] Amend federal laws to prohibit discrimination on the basis of gender identity and sexual orientation. ◯ ◯ [CC20_350b] Raise the minimum wage to $15 an hour. ◯ ◯ [CC20_350c] Confirm Brett Kavanaugh to become a Justice of the Supreme Court of the United States. ◯ ◯ [CC20_350d] Require equal pay for women and men who are doing similar jobs and have similar qualifications. ◯ ◯ [CC20_350e] Provide permanent resident status to children of immigrants who were brought to the United States by their parents (also known as Dreamers). Provide these immigrants a pathway to citizenship if they meet the citizenship requirements and commit no crimes. ◯ ◯ [CC20_350f] Remove President Trump from office for abuse of power ◯ ◯","[CC20_350grid] {grid} Over the past two years, Congress voted on many issues. Do you support each of the following proposals? [1] Favor [2] Oppose [CC20_350a] Amend federal laws to prohibit discrimination on the basis of gender identity and sexual orientation. ◯ ◯ [CC20_350b] Raise the minimum wage to $15 an hour. ◯ ◯ [CC20_350c] Confirm Brett Kavanaugh to become a Justice of the Supreme Court of the United States. ◯ ◯ [CC20_350d] Require equal pay for women and men who are doing similar jobs and have similar qualifications. ◯ ◯ [CC20_350e] Provide permanent resident status to children of immigrants who were brought to the United States by their parents (also known as Dreamers). Provide these immigrants a pathway to citizenship if they meet the citizenship requirements and commit no crimes. ◯ ◯ [CC20_350f] Remove President Trump from office for abuse of power ◯ ◯",,True,source_pre,0.9987391127233224,2,0.5335874805064291
CC20_350f,CC20_350,True,46,1,False,False,False,True,"[CC20_350grid] {grid} Over the past two years, Congress voted on many issues. Do you support each of the following proposals? [1] Favor [2] Oppose [CC20_350a] Amend federal laws to prohibit discrimination on the basis of gender identity and sexual orientation. ◯ ◯ [CC20_350b] Raise the minimum wage to $15 an hour. ◯ ◯ [CC20_350c] Confirm Brett Kavanaugh to become a Justice of the Supreme Court of the United States. ◯ ◯ [CC20_350d] Require equal pay for women and men who are doing similar jobs and have similar qualifications. ◯ ◯ [CC20_350e] Provide permanent resident status to children of immigrants who were brought to the United States by their parents (also known as Dreamers). Provide these immigrants a pathway to citizenship if they meet the citizenship requirements and commit no crimes. ◯ ◯ [CC20_350f] Remove President Trump from office for abuse of power ◯ ◯","[CC20_350grid] {grid} Over the past two years, Congress voted on many issues. Do you support each of the following proposals? [1] Favor [2] Oppose [CC20_350a] Amend federal laws to prohibit discrimination on the basis of gender identity and sexual orientation. ◯ ◯ [CC20_350b] Raise the minimum wage to $15 an hour. ◯ ◯ [CC20_350c] Confirm Brett Kavanaugh to become a Justice of the Supreme Court of the United States. ◯ ◯ [CC20_350d] Require equal pay for women and men who are doing similar jobs and have similar qualifications. ◯ ◯ [CC20_350e] Provide permanent resident status to children of immigrants who were brought to the United States by their parents (also known as Dreamers). Provide these immigrants a pathway to citizenship if they meet the citizenship requirements and commit no crimes. ◯ ◯ [CC20_350f] Remove President Trump from office for abuse of power ◯ ◯",,True,source_pre,0.9991464763050184,2,0.6874205642235618
CC20_350g,CC20_350,True,46,2,False,False,False,True,"[CC20_350grid] {grid} Over the past two years, Congress voted on many issues. Do you support each of the following proposals? [1] Favor [2] Oppose [CC20_350a] Amend federal laws to prohibit discrimination on the basis of gender identity and sexual orientation. ◯ ◯ [CC20_350b] Raise the minimum wage to $15 an hour. ◯ ◯ [CC20_350c] Confirm Brett Kavanaugh to become a Justice of the Supreme","[CC20_350grid] {grid} Over the past two years, Congress voted on many issues. Do you support each of the following proposals? [1] Favor [2] Oppose [CC20_350a] Amend federal laws to prohibit discrimination on the basis of gender identity and sexual orientation. ◯ ◯ [CC20_350b] Raise the minimum wage to $15 an hour. ◯ ◯ [CC20_350c] Confirm Brett Kavanaugh to become a Justice of the Supreme",,True,source_pre,0.998991290178658,2,0.6893906988449903
CC20_351a,CC20_351,True,48,1,False,False,False,True,"[CC20_351] {grid} During the past year, Congress considered two pieces of legislation to address the economic crisis. Do you support or oppose each of these proposals? [1] Support [2] Oppose [CC20_351a] In March, the CARES Act proposed to spend $2 trillion in emergency and health care assistance for individuals, families, and businesses, including up to $1,200 per individual and $500 per child. ◯ ◯ [CC20_351b] In May, the HEROES ACT proposed to spend an additional $3 trillion, including $1 trillion for state and local governments and hospitals,","[CC20_351] {grid} During the past year, Congress considered two pieces of legislation to address the economic crisis. Do you support or oppose each of these proposals? [1] Support [2] Oppose [CC20_351a] In March, the CARES Act proposed to spend $2 trillion in emergency and health care assistance for individuals, families, and businesses, including up to $1,200 per individual and $500 per child. ◯ ◯ [CC20_351b] In May, the HEROES ACT proposed to spend an additional $3 trillion, including $1 trillion for state and local governments and hospitals,",,True,source_pre,0.9945102907800044,2,0.3197879547574915
CC20_351b,CC20_351,True,48,1,False,False,False,True,"[CC20_351] {grid} During the past year, Congress considered two pieces of legislation to address the economic crisis. Do you support or oppose each of these proposals? [1] Support [2] Oppose [CC20_351a] In March, the CARES Act proposed to spend $2 trillion in emergency and health care assistance for individuals, families, and businesses, including up to $1,200 per individual and $500 per child. ◯ ◯ [CC20_351b] In May, the HEROES ACT proposed to spend an additional $3 trillion, including $1 trillion for state and local governments and hospitals, spend $200 billion in hazard pay for essential workers, and give households an additional $1,200 to $6,000. ◯ ◯ varlabel: None width: None","[CC20_351] {grid} During the past year, Congress considered two pieces of legislation to address the economic crisis. Do you support or oppose each of these proposals? [1] Support [2] Oppose [CC20_351a] In March, the CARES Act proposed to spend $2 trillion in emergency and health care assistance for individuals, families, and businesses, including up to $1,200 per individual and $500 per child. ◯ ◯ [CC20_351b] In May, the HEROES ACT proposed to spend an additional $3 trillion, including $1 trillion for state and local governments and hospitals, spend $200 billion in hazard pay for essential workers, and give households an additional $1,200 to $6,000. ◯ ◯",,True,source_pre,0.992842039921631,2,0.510356581814381
CC20_355a,CC20_355,True,49,1,False,False,False,False,"[CC20_355grid] {grid} For each of the following tell us whether you support or oppose these decisions. [1] Support [2] Oppose [CC20_355a] Withdraw the United States from the Paris Climate Agreement. ◯ ◯ [CC20_355b] Withdraw the United States from the Trans-Pacific Partnership trade agreement, a free trade agreement that included the U.S., Japan, China, Australia, New Zealand, Canada, Chile, others. ◯ ◯ [CC20_355c] Repeal the Clean Power Plant Rules","[CC20_355grid] {grid} For each of the following tell us whether you support or oppose these decisions. [1] Support [2] Oppose [CC20_355a] Withdraw the United States from the Paris Climate Agreement. ◯ ◯ [CC20_355b] Withdraw the United States from the Trans-Pacific Partnership trade agreement, a free trade agreement that included the U.S., Japan, China, Australia, New Zealand, Canada, Chile, others. ◯ ◯ [CC20_355c] Repeal the Clean Power Plant Rules",,True,source_pre,0.9934045896296873,2,0.6604650308347093
CC20_355b,CC20_355,True,49,1,False,False,False,False,"[CC20_355grid] {grid} For each of the following tell us whether you support or oppose these decisions. [1] Support [2] Oppose [CC20_355a] Withdraw the United States from the Paris Climate Agreement. ◯ ◯ [CC20_355b] Withdraw the United States from the Trans-Pacific Partnership trade agreement, a free trade agreement that included the U.S., Japan, China, Australia, New Zealand, Canada, Chile, others. ◯ ◯ [CC20_355c] Repeal the Clean Power Plant Rules (the Clean Power Plant rules would require power plants to cut greenhouse gas emissions by 32 percent","[CC20_355grid] {grid} For each of the following tell us whether you support or oppose these decisions. [1] Support [2] Oppose [CC20_355a] Withdraw the United States from the Paris Climate Agreement. ◯ ◯ [CC20_355b] Withdraw the United States from the Trans-Pacific Partnership trade agreement, a free trade agreement that included the U.S., Japan, China, Australia, New Zealand, Canada, Chile, others. ◯ ◯ [CC20_355c] Repeal the Clean Power Plant Rules (the Clean Power Plant rules would require power plants to cut greenhouse gas emissions by 32 percent",,True,source_pre,0.9915617543791584,2,0.6606014114106908
CC20_355c,CC20_355,True,49,1,False,False,False,False,"[CC20_355grid] {grid} For each of the following tell us whether you support or oppose these decisions. [1] Support [2] Oppose [CC20_355a] Withdraw the United States from the Paris Climate Agreement. ◯ ◯ [CC20_355b] Withdraw the United States from the Trans-Pacific Partnership trade agreement, a free trade agreement that included the U.S., Japan, China, Australia, New Zealand, Canada, Chile, others. ◯ ◯ [CC20_355c] Repeal the Clean Power Plant Rules (the Clean Power Plant rules would require power plants to cut greenhouse gas emissions by 32 percent by 2030). ◯ ◯ [CC20_355d] Ban Transgender People in the Military ◯ ◯ [CC20_355e] Require able- bodied adults 18 to 49 years of age who do not have dependents to have a job in","[CC20_355grid] {grid} For each of the following tell us whether you support or oppose these decisions. [1] Support [2] Oppose [CC20_355a] Withdraw the United States from the Paris Climate Agreement. ◯ ◯ [CC20_355b] Withdraw the United States from the Trans-Pacific Partnership trade agreement, a free trade agreement that included the U.S., Japan, China, Australia, New Zealand, Canada, Chile, others. ◯ ◯ [CC20_355c] Repeal the Clean Power Plant Rules (the Clean Power Plant rules would require power plants to cut greenhouse gas emissions by 32 percent by 2030). ◯ ◯ [CC20_355d] Ban Transgender People in the Military ◯ ◯ [CC20_355e] Require able- bodied adults 18 to 49 years of age who do not have dependents to have a job in",,True,source_pre,0.9942387150588736,2,0.6570816539518183
CC20_355d,CC20_355,True,49,1,False,False,False,False,"[CC20_355grid] {grid} For each of the following tell us whether you support or oppose these decisions. [1] Support [2] Oppose [CC20_355a] Withdraw the United States from the Paris Climate Agreement. ◯ ◯ [CC20_355b] Withdraw the United States from the Trans-Pacific Partnership trade agreement, a free trade agreement that included the U.S., Japan, China, Australia, New Zealand, Canada, Chile, others. ◯ ◯ [CC20_355c] Repeal the Clean Power Plant Rules (the Clean Power Plant rules would require power plants to cut greenhouse gas emissions by 32 percent by 2030). ◯ ◯ [CC20_355d] Ban Transgender People in the Military ◯ ◯ [CC20_355e] Require able- bodied adults 18 to 49 years of age who do not have dependents to have a job in order to receive food stamps. ◯ ◯ varlabel: None width: None","[CC20_355grid] {grid} For each of the following tell us whether you support or oppose these decisions. [1] Support [2] Oppose [CC20_355a] Withdraw the United States from the Paris Climate Agreement. ◯ ◯ [CC20_355b] Withdraw the United States from the Trans-Pacific Partnership trade agreement, a free trade agreement that included the U.S., Japan, China, Australia, New Zealand, Canada, Chile, others. ◯ ◯ [CC20_355c] Repeal the Clean Power Plant Rules (the Clean Power Plant rules would require power plants to cut greenhouse gas emissions by 32 percent by 2030). ◯ ◯ [CC20_355d] Ban Transgender People in the Military ◯ ◯ [CC20_355e] Require able- bodied adults 18 to 49 years of age who do not have dependents to have a job in order to receive food stamps. ◯ ◯",,True,source_pre,0.994432697716824,2,0.6191187683002779
CC20_355e,CC20_355,True,49,1,False,False,False,False,"[CC20_355grid] {grid} For each of the following tell us whether you support or oppose these decisions. [1] Support [2] Oppose [CC20_355a] Withdraw the United States from the Paris Climate Agreement. ◯ ◯ [CC20_355b] Withdraw the United States from the Trans-Pacific Partnership trade agreement, a free trade agreement that included the U.S., Japan, China, Australia, New Zealand, Canada, Chile, others. ◯ ◯ [CC20_355c] Repeal the Clean Power Plant Rules (the Clean Power Plant rules would require power plants to cut greenhouse gas emissions by 32 percent by 2030). ◯ ◯ [CC20_355d] Ban Transgender People in the Military ◯ ◯ [CC20_355e] Require able- bodied adults 18 to 49 years of age who do not have dependents to have a job in order to receive food stamps. ◯ ◯ varlabel: None width: None","[CC20_355grid] {grid} For each of the following tell us whether you support or oppose these decisions. [1] Support [2] Oppose [CC20_355a] Withdraw the United States from the Paris Climate Agreement. ◯ ◯ [CC20_355b] Withdraw the United States from the Trans-Pacific Partnership trade agreement, a free trade agreement that included the U.S., Japan, China, Australia, New Zealand, Canada, Chile, others. ◯ ◯ [CC20_355c] Repeal the Clean Power Plant Rules (the Clean Power Plant rules would require power plants to cut greenhouse gas emissions by 32 percent by 2030). ◯ ◯ [CC20_355d] Ban Transgender People in the Military ◯ ◯ [CC20_355e] Require able- bodied adults 18 to 49 years of age who do not have dependents to have a job in order to receive food stamps. ◯ ◯",,True,source_pre,0.9951116370196504,2,0.6622747698273354
CC20_356,CC20_356,True,51,2,False,False,False,False,"Questionnaire [CC20_356a] {single} Regardless of what is actually decided, should the selection of a replacement for Supreme Court Justice Ruth Bader Ginsberg happen...? (Allows one selection) ◯ [1] Before a new Senate and President is in place in January 2021 ◯ [2] After a new Senate and President is in place in January 2021 ◯ [3] Not sure varlabel: None","[CC20_356a] {single} Regardless of what is actually decided, should the selection of a replacement for Supreme Court Justice Ruth Bader Ginsberg happen...? (Allows one selection) ◯ [1] Before a new Senate and President is in place in January 2021 ◯ [2] After a new Senate and President is in place in January 2021 ◯ [3] Not sure",,True,source_pre,0.9988555023180928,3,1.0425849662358304
CC20_356a,CC20_356,True,51,1,False,False,False,False,"Questionnaire [CC20_356a] {single} Regardless of what is actually decided, should the selection of a replacement for Supreme Court Justice Ruth Bader Ginsberg happen...? (Allows one selection) ◯ [1] Before a new Senate and President is in place in January 2021 ◯ [2] After a new Senate and President is in place in January 2021 ◯ [3] Not sure varlabel: None","[CC20_356a] {single} Regardless of what is actually decided, should the selection of a replacement for Supreme Court Justice Ruth Bader Ginsberg happen...? (Allows one selection) ◯ [1] Before a new Senate and President is in place in January 2021 ◯ [2] After a new Senate and President is in place in January 2021 ◯ [3] Not sure",,True,source_pre,0.9988942988496828,3,0.9530178553625792
CC20_360,CC20_360,True,53,1,False,False,False,False,"[CC20_360] {single} With which party, if any, are you registered? shown if shown if votereg ==1 and AskParty == 1 (Allows one selection) ◯ [1] No Party, Independent, Declined to State ◯ [2] Democratic Party ◯ [3] Republican Party ◯ [4] Other varlabel: None","[CC20_360] {single} With which party, if any, are you registered? shown if shown if votereg ==1 and AskParty == 1 (Allows one selection) ◯ [1] No Party, Independent, Declined to State ◯ [2] Democratic Party ◯ [3] Republican Party ◯ [4] Other",,True,source_pre,0.5091268840565654,4,1.1319764423357603
CC20_361,CC20_361,True,54,1,False,False,False,False,[CC20_361] {single} How long have you lived at your present address? (Allows one selection) ◯ [1] Less than 1 month ◯ [2] 2 to 6 months ◯ [3] 7 to 11 months ◯ [4] 1 to 2 years ◯ [5] 3 to 4 years ◯ [6] 5 or more years varlabel: None [urbancity] {single} How would you describe the place where you live? (Allows one selection) ◯ [1] City ◯ [2] Suburb ◯ [3] Town ◯ [4] Rural area ◯ [5] Other,[CC20_361] {single} How long have you lived at your present address? (Allows one selection) ◯ [1] Less than 1 month ◯ [2] 2 to 6 months ◯ [3] 7 to 11 months ◯ [4] 1 to 2 years ◯ [5] 3 to 4 years ◯ [6] 5 or more years [urbancity] {single} How would you describe the place where you live? (Allows one selection) ◯ [1] City ◯ [2] Suburb ◯ [3] Town ◯ [4] Rural area ◯ [5] Other,,True,source_pre,0.9986227231285524,6,1.1349638521113676
CC20_363,CC20_363,True,55,6,False,False,False,False,"[CC20_363] {single} Do you intend to vote in the 2020 general election on November 3rd? (Allows one selection) ◯ [1] Yes, definitely ◯ [2] Probably ◯ [3] I already voted (early or absentee) ◯ [4] I plan to vote before November 3rd ◯ [5] No ◯ [6] Undecided varlabel: None","[CC20_363] {single} Do you intend to vote in the 2020 general election on November 3rd? (Allows one selection) ◯ [1] Yes, definitely ◯ [2] Probably ◯ [3] I already voted (early or absentee) ◯ [4] I plan to vote before November 3rd ◯ [5] No ◯ [6] Undecided",,True,source_pre,0.9991658745708134,6,1.1535074702103736
CC20_364b,CC20_364,True,61,1,False,False,False,False,Questionnaire [CC20_364b] {single} Which candidate for President of the United States do you prefer? shown if shown if CC20_363 != 3 or CC20_364a in [5] (Allows one selection) ◯ [1] Donald Trump (Republican) ◯ [2] Joe Biden (Democrat) ◯ [3] Other ◯ [4] I won't vote in this election ◯ [5] I'm not sure order: None varlabel: None,[CC20_364b] {single} Which candidate for President of the United States do you prefer? shown if shown if CC20_363 != 3 or CC20_364a in [5] (Allows one selection) ◯ [1] Donald Trump (Republican) ◯ [2] Joe Biden (Democrat) ◯ [3] Other ◯ [4] I won't vote in this election ◯ [5] I'm not sure order: None,,True,source_pre,0.7925549455878644,5,1.1151000202895294
CC20_367,CC20_367,True,60,13,False,False,False,True,Questionnaire [CC20_367_voted] {single} For which candidate for U.S. House of Representatives in your area did you vote? shown if shown if (HouseCand1Name or HouseCand2Name) (Allows one selection) ◯ [1] $HouseCand1Name ($HouseCand1Party) (shown if shown if HouseCand1Name) ◯ [2] $HouseCand2Name ($HouseCand2Party) (shown if shown if HouseCand2Name) ◯ [3] $HouseCand3Name ($HouseCand3Party) (shown if shown if HouseCand3Name) ◯ [4] $HouseCand4Name ($HouseCand4Party) (shown if shown if HouseCand4Name) ◯ [5] $HouseCand5Name ($HouseCand5Party) (shown if shown if HouseCand5Name) ◯ [6] $HouseCand6Name ($HouseCand6Party) (shown if shown if HouseCand6Name) ◯ [7] $HouseCand7Name ($HouseCand7Party) (shown if shown if HouseCand7Name) ◯ [8] $HouseCand8Name ($HouseCand8Party) (shown if shown if HouseCand8Name) ◯ [9] $HouseCand9Name ($HouseCand9Party) (shown if shown if HouseCand9Name) ◯ [10] Other ◯ [98] I'm not sure ◯ [99] I didn't vote in this election,[CC20_367_voted] {single} For which candidate for U.S. House of Representatives in your area did you vote? shown if shown if (HouseCand1Name or HouseCand2Name) (Allows one selection) ◯ [1] $HouseCand1Name ($HouseCand1Party) (shown if shown if HouseCand1Name) ◯ [2] $HouseCand2Name ($HouseCand2Party) (shown if shown if HouseCand2Name) ◯ [3] $HouseCand3Name ($HouseCand3Party) (shown if shown if HouseCand3Name) ◯ [4] $HouseCand4Name ($HouseCand4Party) (shown if shown if HouseCand4Name) ◯ [5] $HouseCand5Name ($HouseCand5Party) (shown if shown if HouseCand5Name) ◯ [6] $HouseCand6Name ($HouseCand6Party) (shown if shown if HouseCand6Name) ◯ [7] $HouseCand7Name ($HouseCand7Party) (shown if shown if HouseCand7Name) ◯ [8] $HouseCand8Name ($HouseCand8Party) (shown if shown if HouseCand8Name) ◯ [9] $HouseCand9Name ($HouseCand9Party) (shown if shown if HouseCand9Name) ◯ [10] Other ◯ [98] I'm not sure ◯ [99] I didn't vote in this election,,True,source_pre,0.7968419623285679,11,1.2351952864680662
CC20_401,CC20_401,True,16,6,True,False,False,False,"CC20_401- Show if askvote == 1 or int(statefips) == 38 SINGLE CHOICE Which of the following statements best describes you? varlabel Voted in 2020 1 ○ I did not vote in the election this November. 2 ○ I thought about voting this time – but didn't. 3 ○ I usually vote, but didn't this time. 4 ○ I attempted to vote but did not or could not. 5 ○ I definitely voted in the November 2020","CC20_401- Show if askvote == 1 or int(statefips) == 38 SINGLE CHOICE Which of the following statements best describes you? in 2020 1 ○ I did not vote in the election this November. 2 ○ I thought about voting this time – but didn't. 3 ○ I usually vote, but didn't this time. 4 ○ I attempted to vote but did not or could not. 5 ○ I definitely voted in the November 2020",,True,target_post,0.940078756959128,5,0.2940879593805904
CC20_403,CC20_403,True,19,4,True,False,False,False,"CC20_403- Show if CC20_401 in [4,5] SINGLE CHOICE Did you vote in person _on_ Election Day, in person _before_ Election Day, or by mail (that is, absentee or vote by mail)? varlabel Vote in person or by mail 1 ○ In person on election day (Did you vote at a precinct polling place or at a vote center? [CC20_403b]) 2 ○ In person before election day (early) 3 ○ Voted by mail (or absentee) 4 ○ Don't know 8 Skipped 9 Not Asked Page: implicit_page_CC20_403c","CC20_403- Show if CC20_401 in [4,5] SINGLE CHOICE Did you vote in person _on_ Election Day, in person _before_ Election Day, or by mail (that is, absentee or vote by mail)? in person or by mail 1 ○ In person on election day (Did you vote at a precinct polling place or at a vote center? [CC20_403b]) 2 ○ In person before election day (early) 3 ○ Voted by mail (or absentee) 4 ○ Don't know 8 Skipped 9 Not Asked Page: implicit_page_CC20_403c",,True,target_post,0.8932901398614964,4,1.08689703379166
CC20_406a,CC20_406,True,21,3,True,False,False,False,"56] SINGLE CHOICE Did you register to vote at the polls or city office on Election Day this year? varlabel Registered to vote on Election Day 1 ○ Yes 2 ○ No 8 Skipped 9 Not Asked Page: implicit_page_CC20_406a CC20_406a- Show if CC20_401 in [4,5] SINGLE CHOICE Was there a problem with your voter registration or voter identification when you tried to vote? varlabel Problem with voter registration or ID when trying to vote 1 ○ No 2 ○ Yes 8 Skipped 9 Not Asked","56] SINGLE CHOICE Did you register to vote at the polls or city office on Election Day this year? to vote on Election Day 1 ○ Yes 2 ○ No 8 Skipped 9 Not Asked Page: implicit_page_CC20_406a CC20_406a- Show if CC20_401 in [4,5] SINGLE CHOICE Was there a problem with your voter registration or voter identification when you tried to vote? with voter registration or ID when trying to vote 1 ○ No 2 ○ Yes 8 Skipped 9 Not Asked",,True,target_post,0.8928633780140055,2,0.1031064428363416
CC20_410,CC20_410,True,23,4,True,True,False,False,CC20_410 SINGLE CHOICE For whom did you vote for President of the United States? varlabel 2020 Pres vote order randomize 1 ○ Joe Biden (Democrat) 2 ○ Donald J. Trump (Republican) 4 ○ Other (open [CC20_410_t]) Not randomized 5 ○ I did not vote in this race Not randomized 6 ○ I did not vote Not randomized 7 ○ Not sure Not randomized 98 Skipped 99 Not Asked Page: implicit_page_CC20_411 CC20_411- Show if (SenCand1Name,CC20_410 SINGLE CHOICE For whom did you vote for President of the United States? Pres vote order randomize 1 ○ Joe Biden (Democrat) 2 ○ Donald J. Trump (Republican) 4 ○ Other (open [CC20_410_t]) Not randomized 5 ○ I did not vote in this race Not randomized 6 ○ I did not vote Not randomized 7 ○ Not sure Not randomized 98 Skipped 99 Not Asked Page: implicit_page_CC20_411 CC20_411- Show if (SenCand1Name,,True,target_post,0.8855502318092763,6,0.8346931356876407
CC20_415c,CC20_415,True,33,1,True,False,False,True,inputstate != 11/prompt once on skip GRID For whom did you vote for in the elections for state legislature in $inputstate? varlabel Vote State legislature required SOFT collapsible 0 ROWS CC20_415c- Show if inputstate != 11 and inputstate != 31 $inputstate State Senate CC20_415d- Show if LowerChamberName $LowerChamberName COLUMNS 1 ○ Democratic candidate 2 ○ Republican candidate 3 ○ Other candidate 4 ○ Did not vote in this race 5 ○ There was no race for this office 8 Skipped 9 Not Asked,inputstate != 11/prompt once on skip GRID For whom did you vote for in the elections for state legislature in $inputstate? State legislature ROWS CC20_415c- Show if inputstate != 11 and inputstate != 31 $inputstate State Senate CC20_415d- Show if LowerChamberName $LowerChamberName COLUMNS 1 ○ Democratic candidate 2 ○ Republican candidate 3 ○ Other candidate 4 ○ Did not vote in this race 5 ○ There was no race for this office 8 Skipped 9 Not Asked,,True,target_post,0.8785086613256775,5,1.0434524723304242
CC20_415d,CC20_415,True,33,1,True,False,False,True,For whom did you vote for in the elections for state legislature in $inputstate? varlabel Vote State legislature required SOFT collapsible 0 ROWS CC20_415c- Show if inputstate != 11 and inputstate != 31 $inputstate State Senate CC20_415d- Show if LowerChamberName $LowerChamberName COLUMNS 1 ○ Democratic candidate 2 ○ Republican candidate 3 ○ Other candidate 4 ○ Did not vote in this race 5 ○ There was no race for this office 8 Skipped 9 Not Asked,For whom did you vote for in the elections for state legislature in $inputstate? State legislature ROWS CC20_415c- Show if inputstate != 11 and inputstate != 31 $inputstate State Senate CC20_415d- Show if LowerChamberName $LowerChamberName COLUMNS 1 ○ Democratic candidate 2 ○ Republican candidate 3 ○ Other candidate 4 ○ Did not vote in this race 5 ○ There was no race for this office 8 Skipped 9 Not Asked,,True,target_post,0.8832418381796667,5,1.021290047846527
CC20_416a,CC20_416,True,34,2,True,False,False,True,HouseCand1Name or HouseCand2Name or CurrentHouseName GRID What is the race or ethnicity of the following candidates or politicians? varlabel Race/ethnicity politicians ROWS CC20_416a- Show if HouseCand1Name $HouseCand1Name CC20_416b- Show if HouseCand2Name $HouseCand2Name CC20_416c- Show if CurrentHouseName and (not HouseCand1IncumbentNum) and (not HouseCand2IncumbentNum) $CurrentHouseName COLUMNS 1 ○ White 2 ○ Black 3 ○ Hispanic,HouseCand1Name or HouseCand2Name or CurrentHouseName GRID What is the race or ethnicity of the following candidates or politicians? /ethnicity politicians ROWS CC20_416a- Show if HouseCand1Name $HouseCand1Name CC20_416b- Show if HouseCand2Name $HouseCand2Name CC20_416c- Show if CurrentHouseName and (not HouseCand1IncumbentNum) and (not HouseCand2IncumbentNum) $CurrentHouseName COLUMNS 1 ○ White 2 ○ Black 3 ○ Hispanic,,True,target_post,0.9774398168803708,6,1.2906437424545876
CC20_416b,CC20_416,True,34,2,True,False,False,True,or CurrentHouseName GRID What is the race or ethnicity of the following candidates or politicians? varlabel Race/ethnicity politicians ROWS CC20_416a- Show if HouseCand1Name $HouseCand1Name CC20_416b- Show if HouseCand2Name $HouseCand2Name CC20_416c- Show if CurrentHouseName and (not HouseCand1IncumbentNum) and (not HouseCand2IncumbentNum) $CurrentHouseName COLUMNS 1 ○ White 2 ○ Black 3 ○ Hispanic 4 ○ Asian 5 ○ Other 6 ○ Not sure,or CurrentHouseName GRID What is the race or ethnicity of the following candidates or politicians? /ethnicity politicians ROWS CC20_416a- Show if HouseCand1Name $HouseCand1Name CC20_416b- Show if HouseCand2Name $HouseCand2Name CC20_416c- Show if CurrentHouseName and (not HouseCand1IncumbentNum) and (not HouseCand2IncumbentNum) $CurrentHouseName COLUMNS 1 ○ White 2 ○ Black 3 ○ Hispanic 4 ○ Asian 5 ○ Other 6 ○ Not sure,,True,target_post,0.967255727337976,6,0.990884196929976
CC20_420_1,CC20_420,True,35,2,True,False,False,True,varlabel Race/ethnicity politicians - $HouseCand2Name - open Page: implicit_page_CC20_416c_other CC20_416c_other- Show if CC20_416c == 5 and CurrentHouseName OPEN TEXTBOX What race or ethnicity is $CurrentHouseName? varlabel Race/ethnicity politicians - $CurrentHouseName - open Page: implicit_page_CC20_420 We'd now like to ask you about some issues facing the country.,CC20_420_1 /ethnicity politicians - $HouseCand2Name - open Page: implicit_page_CC20_416c_other CC20_416c_other- Show if CC20_416c == 5 and CurrentHouseName OPEN TEXTBOX What race or ethnicity is $CurrentHouseName? /ethnicity politicians - $CurrentHouseName - open Page: implicit_page_CC20_420 We'd now like to ask you about some issues facing the country.,CC20_420,False,target_post,1.0,2,0.4813575232214678
CC20_420_2,CC20_420,True,35,2,True,False,False,True,varlabel Race/ethnicity politicians - $HouseCand2Name - open Page: implicit_page_CC20_416c_other CC20_416c_other- Show if CC20_416c == 5 and CurrentHouseName OPEN TEXTBOX What race or ethnicity is $CurrentHouseName? varlabel Race/ethnicity politicians - $CurrentHouseName - open Page: implicit_page_CC20_420 We'd now like to ask you about some issues facing the country.,CC20_420_2 /ethnicity politicians - $HouseCand2Name - open Page: implicit_page_CC20_416c_other CC20_416c_other- Show if CC20_416c == 5 and CurrentHouseName OPEN TEXTBOX What race or ethnicity is $CurrentHouseName? /ethnicity politicians - $CurrentHouseName - open Page: implicit_page_CC20_420 We'd now like to ask you about some issues facing the country.,CC20_420,False,target_post,1.0,2,0.6639178832185968
CC20_420_3,CC20_420,True,35,2,True,False,False,True,varlabel Race/ethnicity politicians - $HouseCand2Name - open Page: implicit_page_CC20_416c_other CC20_416c_other- Show if CC20_416c == 5 and CurrentHouseName OPEN TEXTBOX What race or ethnicity is $CurrentHouseName? varlabel Race/ethnicity politicians - $CurrentHouseName - open Page: implicit_page_CC20_420 We'd now like to ask you about some issues facing the country.,CC20_420_3 /ethnicity politicians - $HouseCand2Name - open Page: implicit_page_CC20_416c_other CC20_416c_other- Show if CC20_416c == 5 and CurrentHouseName OPEN TEXTBOX What race or ethnicity is $CurrentHouseName? /ethnicity politicians - $CurrentHouseName - open Page: implicit_page_CC20_420 We'd now like to ask you about some issues facing the country.,CC20_420,False,target_post,1.0,2,0.6923258998588833
CC20_420_4,CC20_420,True,35,2,True,False,False,True,varlabel Race/ethnicity politicians - $HouseCand2Name - open Page: implicit_page_CC20_416c_other CC20_416c_other- Show if CC20_416c == 5 and CurrentHouseName OPEN TEXTBOX What race or ethnicity is $CurrentHouseName? varlabel Race/ethnicity politicians - $CurrentHouseName - open Page: implicit_page_CC20_420 We'd now like to ask you about some issues facing the country.,CC20_420_4 /ethnicity politicians - $HouseCand2Name - open Page: implicit_page_CC20_416c_other CC20_416c_other- Show if CC20_416c == 5 and CurrentHouseName OPEN TEXTBOX What race or ethnicity is $CurrentHouseName? /ethnicity politicians - $CurrentHouseName - open Page: implicit_page_CC20_420 We'd now like to ask you about some issues facing the country.,CC20_420,False,target_post,1.0,2,0.5010954473186834
CC20_420_5,CC20_420,True,35,2,True,False,False,True,varlabel Race/ethnicity politicians - $HouseCand2Name - open Page: implicit_page_CC20_416c_other CC20_416c_other- Show if CC20_416c == 5 and CurrentHouseName OPEN TEXTBOX What race or ethnicity is $CurrentHouseName? varlabel Race/ethnicity politicians - $CurrentHouseName - open Page: implicit_page_CC20_420 We'd now like to ask you about some issues facing the country.,CC20_420_5 /ethnicity politicians - $HouseCand2Name - open Page: implicit_page_CC20_416c_other CC20_416c_other- Show if CC20_416c == 5 and CurrentHouseName OPEN TEXTBOX What race or ethnicity is $CurrentHouseName? /ethnicity politicians - $CurrentHouseName - open Page: implicit_page_CC20_420 We'd now like to ask you about some issues facing the country.,CC20_420,False,target_post,1.0,2,0.5408482914218423
CC20_420_6,CC20_420,True,35,2,True,False,False,True,varlabel Race/ethnicity politicians - $HouseCand2Name - open Page: implicit_page_CC20_416c_other CC20_416c_other- Show if CC20_416c == 5 and CurrentHouseName OPEN TEXTBOX What race or ethnicity is $CurrentHouseName? varlabel Race/ethnicity politicians - $CurrentHouseName - open Page: implicit_page_CC20_420 We'd now like to ask you about some issues facing the country.,CC20_420_6 /ethnicity politicians - $HouseCand2Name - open Page: implicit_page_CC20_416c_other CC20_416c_other- Show if CC20_416c == 5 and CurrentHouseName OPEN TEXTBOX What race or ethnicity is $CurrentHouseName? /ethnicity politicians - $CurrentHouseName - open Page: implicit_page_CC20_420 We'd now like to ask you about some issues facing the country.,CC20_420,False,target_post,1.0,2,0.6931131962390649
CC20_420_7,CC20_420,True,35,2,True,False,False,True,varlabel Race/ethnicity politicians - $HouseCand2Name - open Page: implicit_page_CC20_416c_other CC20_416c_other- Show if CC20_416c == 5 and CurrentHouseName OPEN TEXTBOX What race or ethnicity is $CurrentHouseName? varlabel Race/ethnicity politicians - $CurrentHouseName - open Page: implicit_page_CC20_420 We'd now like to ask you about some issues facing the country.,CC20_420_7 /ethnicity politicians - $HouseCand2Name - open Page: implicit_page_CC20_416c_other CC20_416c_other- Show if CC20_416c == 5 and CurrentHouseName OPEN TEXTBOX What race or ethnicity is $CurrentHouseName? /ethnicity politicians - $CurrentHouseName - open Page: implicit_page_CC20_420 We'd now like to ask you about some issues facing the country.,CC20_420,False,target_post,1.0,2,0.3283906244400457
CC20_430a_1,CC20_430,True,37,3,False,False,True,False,"please check the 'not sure' box. min 0 max 100 dk 1 left All from sales tax right All from income taxes show_value 1 Page: implicit_page_CC20_430a CC20_430a MULTIPLE CHOICE During the past year did you ... (Check all that apply) varlabel Past year 1 □ Attend local political meetings (such as school board or city council) 2 □ Put up a political sign (such as a lawn sign or bumper sticker) 3 □ Work for a candidate or campaign 4 □ Attend a political protest, march or demonstration","CC20_430a_1 please check the 'not sure' box. min 0 max 100 dk 1 left All from sales tax right All from income taxes show_value 1 Page: implicit_page_CC20_430a CC20_430a MULTIPLE CHOICE During the past year did you ... (Check all that apply) year 1 □ Attend local political meetings (such as school board or city council) 2 □ Put up a political sign (such as a lawn sign or bumper sticker) 3 □ Work for a candidate or campaign 4 □ Attend a political protest, march or demonstration",CC20_430a,False,target_post,1.0,2,0.2933957585117926
CC20_430a_2,CC20_430,True,37,3,False,False,True,False,"please check the 'not sure' box. min 0 max 100 dk 1 left All from sales tax right All from income taxes show_value 1 Page: implicit_page_CC20_430a CC20_430a MULTIPLE CHOICE During the past year did you ... (Check all that apply) varlabel Past year 1 □ Attend local political meetings (such as school board or city council) 2 □ Put up a political sign (such as a lawn sign or bumper sticker) 3 □ Work for a candidate or campaign 4 □ Attend a political protest, march or demonstration","CC20_430a_2 please check the 'not sure' box. min 0 max 100 dk 1 left All from sales tax right All from income taxes show_value 1 Page: implicit_page_CC20_430a CC20_430a MULTIPLE CHOICE During the past year did you ... (Check all that apply) year 1 □ Attend local political meetings (such as school board or city council) 2 □ Put up a political sign (such as a lawn sign or bumper sticker) 3 □ Work for a candidate or campaign 4 □ Attend a political protest, march or demonstration",CC20_430a,False,target_post,1.0,2,0.4976146441444248
CC20_430a_3,CC20_430,True,37,3,False,False,True,False,"please check the 'not sure' box. min 0 max 100 dk 1 left All from sales tax right All from income taxes show_value 1 Page: implicit_page_CC20_430a CC20_430a MULTIPLE CHOICE During the past year did you ... (Check all that apply) varlabel Past year 1 □ Attend local political meetings (such as school board or city council) 2 □ Put up a political sign (such as a lawn sign or bumper sticker) 3 □ Work for a candidate or campaign 4 □ Attend a political protest, march or demonstration","CC20_430a_3 please check the 'not sure' box. min 0 max 100 dk 1 left All from sales tax right All from income taxes show_value 1 Page: implicit_page_CC20_430a CC20_430a MULTIPLE CHOICE During the past year did you ... (Check all that apply) year 1 □ Attend local political meetings (such as school board or city council) 2 □ Put up a political sign (such as a lawn sign or bumper sticker) 3 □ Work for a candidate or campaign 4 □ Attend a political protest, march or demonstration",CC20_430a,False,target_post,1.0,2,0.2232654219792714
CC20_430a_4,CC20_430,True,37,3,False,False,True,False,"please check the 'not sure' box. min 0 max 100 dk 1 left All from sales tax right All from income taxes show_value 1 Page: implicit_page_CC20_430a CC20_430a MULTIPLE CHOICE During the past year did you ... (Check all that apply) varlabel Past year 1 □ Attend local political meetings (such as school board or city council) 2 □ Put up a political sign (such as a lawn sign or bumper sticker) 3 □ Work for a candidate or campaign 4 □ Attend a political protest, march or demonstration","CC20_430a_4 please check the 'not sure' box. min 0 max 100 dk 1 left All from sales tax right All from income taxes show_value 1 Page: implicit_page_CC20_430a CC20_430a MULTIPLE CHOICE During the past year did you ... (Check all that apply) year 1 □ Attend local political meetings (such as school board or city council) 2 □ Put up a political sign (such as a lawn sign or bumper sticker) 3 □ Work for a candidate or campaign 4 □ Attend a political protest, march or demonstration",CC20_430a,False,target_post,1.0,2,0.3106048641382659
CC20_430a_5,CC20_430,True,37,3,False,False,True,False,"please check the 'not sure' box. min 0 max 100 dk 1 left All from sales tax right All from income taxes show_value 1 Page: implicit_page_CC20_430a CC20_430a MULTIPLE CHOICE During the past year did you ... (Check all that apply) varlabel Past year 1 □ Attend local political meetings (such as school board or city council) 2 □ Put up a political sign (such as a lawn sign or bumper sticker) 3 □ Work for a candidate or campaign 4 □ Attend a political protest, march or demonstration","CC20_430a_5 please check the 'not sure' box. min 0 max 100 dk 1 left All from sales tax right All from income taxes show_value 1 Page: implicit_page_CC20_430a CC20_430a MULTIPLE CHOICE During the past year did you ... (Check all that apply) year 1 □ Attend local political meetings (such as school board or city council) 2 □ Put up a political sign (such as a lawn sign or bumper sticker) 3 □ Work for a candidate or campaign 4 □ Attend a political protest, march or demonstration",CC20_430a,False,target_post,1.0,2,0.5708693443835181
CC20_430a_6,CC20_430,True,37,3,False,False,True,False,"please check the 'not sure' box. min 0 max 100 dk 1 left All from sales tax right All from income taxes show_value 1 Page: implicit_page_CC20_430a CC20_430a MULTIPLE CHOICE During the past year did you ... (Check all that apply) varlabel Past year 1 □ Attend local political meetings (such as school board or city council) 2 □ Put up a political sign (such as a lawn sign or bumper sticker) 3 □ Work for a candidate or campaign 4 □ Attend a political protest, march or demonstration","CC20_430a_6 please check the 'not sure' box. min 0 max 100 dk 1 left All from sales tax right All from income taxes show_value 1 Page: implicit_page_CC20_430a CC20_430a MULTIPLE CHOICE During the past year did you ... (Check all that apply) year 1 □ Attend local political meetings (such as school board or city council) 2 □ Put up a political sign (such as a lawn sign or bumper sticker) 3 □ Work for a candidate or campaign 4 □ Attend a political protest, march or demonstration",CC20_430a,False,target_post,1.0,2,0.6184501961270628
CC20_430a_7,CC20_430,True,37,3,False,False,True,False,"please check the 'not sure' box. min 0 max 100 dk 1 left All from sales tax right All from income taxes show_value 1 Page: implicit_page_CC20_430a CC20_430a MULTIPLE CHOICE During the past year did you ... (Check all that apply) varlabel Past year 1 □ Attend local political meetings (such as school board or city council) 2 □ Put up a political sign (such as a lawn sign or bumper sticker) 3 □ Work for a candidate or campaign 4 □ Attend a political protest, march or demonstration","CC20_430a_7 please check the 'not sure' box. min 0 max 100 dk 1 left All from sales tax right All from income taxes show_value 1 Page: implicit_page_CC20_430a CC20_430a MULTIPLE CHOICE During the past year did you ... (Check all that apply) year 1 □ Attend local political meetings (such as school board or city council) 2 □ Put up a political sign (such as a lawn sign or bumper sticker) 3 □ Work for a candidate or campaign 4 □ Attend a political protest, march or demonstration",CC20_430a,False,target_post,1.0,2,0.3223422596134992
CC20_430a_8,CC20_430,True,37,3,False,False,True,False,"please check the 'not sure' box. min 0 max 100 dk 1 left All from sales tax right All from income taxes show_value 1 Page: implicit_page_CC20_430a CC20_430a MULTIPLE CHOICE During the past year did you ... (Check all that apply) varlabel Past year 1 □ Attend local political meetings (such as school board or city council) 2 □ Put up a political sign (such as a lawn sign or bumper sticker) 3 □ Work for a candidate or campaign 4 □ Attend a political protest, march or demonstration","CC20_430a_8 please check the 'not sure' box. min 0 max 100 dk 1 left All from sales tax right All from income taxes show_value 1 Page: implicit_page_CC20_430a CC20_430a MULTIPLE CHOICE During the past year did you ... (Check all that apply) year 1 □ Attend local political meetings (such as school board or city council) 2 □ Put up a political sign (such as a lawn sign or bumper sticker) 3 □ Work for a candidate or campaign 4 □ Attend a political protest, march or demonstration",CC20_430a,False,target_post,1.0,2,0.6921086668446371
CC20_431a,CC20_431,True,39,2,True,False,True,False,Show if 6 in CC20_430a OPEN INTEGER TEXTBOX Approximately how much did you contribute to all candidates and committees over the last year? varlabel Amount contribute to all candidates/committees min 1 max 1000000 left &dollar; Page: implicit_page_CC20_431a CC20_431a SINGLE CHOICE Did a candidate or political campaign organization contact you during the 2020 election? varlabel Ever run for elective office 1 ○ Yes 2 ○ No 8 Skipped 9 Not Asked Page: implicit_page_CC20_431b CC20_431b- Show if CC20_431a == 1 MULTIPLE CHOICE How did these candidates or campaigns contact you? Check all that apply. varlabel Run for office 1 □ In person 2 □ Phone call,Show if 6 in CC20_430a OPEN INTEGER TEXTBOX Approximately how much did you contribute to all candidates and committees over the last year? contribute to all candidates/committees min 1 max 1000000 left &dollar; Page: implicit_page_CC20_431a CC20_431a SINGLE CHOICE Did a candidate or political campaign organization contact you during the 2020 election? run for elective office 1 ○ Yes 2 ○ No 8 Skipped 9 Not Asked Page: implicit_page_CC20_431b CC20_431b- Show if CC20_431a == 1 MULTIPLE CHOICE How did these candidates or campaigns contact you? Check all that apply. for office 1 □ In person 2 □ Phone call,,True,target_post,0.9986421213943474,2,0.6574293619214674
CC20_431b_1,CC20_431,True,39,1,True,False,True,False,CC20_431a SINGLE CHOICE Did a candidate or political campaign organization contact you during the 2020 election? varlabel Ever run for elective office 1 ○ Yes 2 ○ No 8 Skipped 9 Not Asked Page: implicit_page_CC20_431b CC20_431b- Show if CC20_431a == 1 MULTIPLE CHOICE How did these candidates or campaigns contact you? Check all that apply. varlabel Run for office 1 □ In person 2 □ Phone call 3 □ Email or text message 4 □ Letter or post card,CC20_431b_1 CC20_431a SINGLE CHOICE Did a candidate or political campaign organization contact you during the 2020 election? run for elective office 1 ○ Yes 2 ○ No 8 Skipped 9 Not Asked Page: implicit_page_CC20_431b CC20_431b- Show if CC20_431a == 1 MULTIPLE CHOICE How did these candidates or campaigns contact you? Check all that apply. for office 1 □ In person 2 □ Phone call 3 □ Email or text message 4 □ Letter or post card,CC20_431b,False,target_post,0.6319761013365405,2,0.3326444962175631
CC20_431b_2,CC20_431,True,39,1,True,False,True,False,CC20_431a SINGLE CHOICE Did a candidate or political campaign organization contact you during the 2020 election? varlabel Ever run for elective office 1 ○ Yes 2 ○ No 8 Skipped 9 Not Asked Page: implicit_page_CC20_431b CC20_431b- Show if CC20_431a == 1 MULTIPLE CHOICE How did these candidates or campaigns contact you? Check all that apply. varlabel Run for office 1 □ In person 2 □ Phone call 3 □ Email or text message 4 □ Letter or post card,CC20_431b_2 CC20_431a SINGLE CHOICE Did a candidate or political campaign organization contact you during the 2020 election? run for elective office 1 ○ Yes 2 ○ No 8 Skipped 9 Not Asked Page: implicit_page_CC20_431b CC20_431b- Show if CC20_431a == 1 MULTIPLE CHOICE How did these candidates or campaigns contact you? Check all that apply. for office 1 □ In person 2 □ Phone call 3 □ Email or text message 4 □ Letter or post card,CC20_431b,False,target_post,0.6319761013365405,2,0.6803989719480044
CC20_431b_3,CC20_431,True,39,1,True,False,True,False,CC20_431a SINGLE CHOICE Did a candidate or political campaign organization contact you during the 2020 election? varlabel Ever run for elective office 1 ○ Yes 2 ○ No 8 Skipped 9 Not Asked Page: implicit_page_CC20_431b CC20_431b- Show if CC20_431a == 1 MULTIPLE CHOICE How did these candidates or campaigns contact you? Check all that apply. varlabel Run for office 1 □ In person 2 □ Phone call 3 □ Email or text message 4 □ Letter or post card,CC20_431b_3 CC20_431a SINGLE CHOICE Did a candidate or political campaign organization contact you during the 2020 election? run for elective office 1 ○ Yes 2 ○ No 8 Skipped 9 Not Asked Page: implicit_page_CC20_431b CC20_431b- Show if CC20_431a == 1 MULTIPLE CHOICE How did these candidates or campaigns contact you? Check all that apply. for office 1 □ In person 2 □ Phone call 3 □ Email or text message 4 □ Letter or post card,CC20_431b,False,target_post,0.6319761013365405,2,0.4841238889344722
CC20_431b_4,CC20_431,True,39,1,True,False,True,False,CC20_431a SINGLE CHOICE Did a candidate or political campaign organization contact you during the 2020 election? varlabel Ever run for elective office 1 ○ Yes 2 ○ No 8 Skipped 9 Not Asked Page: implicit_page_CC20_431b CC20_431b- Show if CC20_431a == 1 MULTIPLE CHOICE How did these candidates or campaigns contact you? Check all that apply. varlabel Run for office 1 □ In person 2 □ Phone call 3 □ Email or text message 4 □ Letter or post card,CC20_431b_4 CC20_431a SINGLE CHOICE Did a candidate or political campaign organization contact you during the 2020 election? run for elective office 1 ○ Yes 2 ○ No 8 Skipped 9 Not Asked Page: implicit_page_CC20_431b CC20_431b- Show if CC20_431a == 1 MULTIPLE CHOICE How did these candidates or campaigns contact you? Check all that apply. for office 1 □ In person 2 □ Phone call 3 □ Email or text message 4 □ Letter or post card,CC20_431b,False,target_post,0.6319761013365405,2,0.683894570833119
CC20_432a,CC20_432,True,40,2,True,False,True,False,"Questionnaire 39 Page: implicit_page_CC20_432a CC20_432a SINGLE CHOICE Have you ever run for elective office at any level of government (local, state or federal)? varlabel Past year 1 ○ Yes 2 ○ No 8 Skipped 9 Not Asked Page: implicit_page_CC20_432b CC20_432b- Show if CC20_432a == 1 MULTIPLE CHOICE Which of the following offices have you run for? Select all that apply. varlabel Run for office 1 □ School Board 2 □ Other local board or commission (e.g.",,,True,target_post,0.9970902601307444,2,0.152163641870261
CC20_433a,CC20_433,True,41,2,True,False,False,False,"Questionnaire 40 Page: implicit_page_CC20_433a CC20_433a- required SINGLE CHOICE Generally speaking, do you think of yourself as a ... ? varlabel 3 pt party ID required HARD 1 ○ Democrat 2 ○ Republican 3 ○ Independent 4 ○ Other (open [CC20_433_t]) 8 Skipped 9 Not Asked Page: implicit_page_CC20_433_dem CC20_433_dem- Show if CC20_433a==1 SINGLE CHOICE Would you call yourself a strong Democrat or not so strong Democrat?",[CC20_433_t]) 8 Skipped 9 Not Asked Page: implicit_page_CC20_433_dem CC20_433_dem- Show if CC20_433a==1 SINGLE CHOICE Would you call yourself a strong Democrat or not so strong Democrat?,,True,target_post,1.0,4,1.22364132788346
CC20_440a,CC20_440,True,42,1,False,False,False,False,"8 ○ Not sure 98 Skipped 99 Not Asked Page: implicit_page_CC20_440_grid CC20_440_grid DYNAMIC GRID Do you agree or disagree with the following statements? varlabel Racial/Sexual agreement ROWS CC20_440a White people in the U.S. have certain advantages because of the color of their skin. CC20_440b Racial problems in the U.S. are rare, isolated situations. CC20_440c Women seek to gain power by getting control over men. CC20_440d Women are too easily offended. COLUMNS 1 ○ Strongly agree 2 ○ Somewhat agree 3 ○ Neither agree nor disagree 4 ○ Somewhat disagree 5 ○ Strongly disagree","8 ○ Not sure 98 Skipped 99 Not Asked Page: implicit_page_CC20_440_grid CC20_440_grid DYNAMIC GRID Do you agree or disagree with the following statements? /Sexual agreement ROWS CC20_440a White people in the U.S. have certain advantages because of the color of their skin. CC20_440b Racial problems in the U.S. are rare, isolated situations. CC20_440c Women seek to gain power by getting control over men. CC20_440d Women are too easily offended. COLUMNS 1 ○ Strongly agree 2 ○ Somewhat agree 3 ○ Neither agree nor disagree 4 ○ Somewhat disagree 5 ○ Strongly disagree",,True,target_post,0.999437450291944,5,1.5196935910291782
CC20_440b,CC20_440,True,42,1,False,False,False,False,"99 Not Asked Page: implicit_page_CC20_440_grid CC20_440_grid DYNAMIC GRID Do you agree or disagree with the following statements? varlabel Racial/Sexual agreement ROWS CC20_440a White people in the U.S. have certain advantages because of the color of their skin. CC20_440b Racial problems in the U.S. are rare, isolated situations. CC20_440c Women seek to gain power by getting control over men. CC20_440d Women are too easily offended. COLUMNS 1 ○ Strongly agree 2 ○ Somewhat agree 3 ○ Neither agree nor disagree 4 ○ Somewhat disagree 5 ○ Strongly disagree 8 Skipped 9 Not Asked","99 Not Asked Page: implicit_page_CC20_440_grid CC20_440_grid DYNAMIC GRID Do you agree or disagree with the following statements? /Sexual agreement ROWS CC20_440a White people in the U.S. have certain advantages because of the color of their skin. CC20_440b Racial problems in the U.S. are rare, isolated situations. CC20_440c Women seek to gain power by getting control over men. CC20_440d Women are too easily offended. COLUMNS 1 ○ Strongly agree 2 ○ Somewhat agree 3 ○ Neither agree nor disagree 4 ○ Somewhat disagree 5 ○ Strongly disagree 8 Skipped 9 Not Asked",,True,target_post,0.9753448041745068,5,1.4821873365804747
CC20_440c,CC20_440,True,42,1,False,False,False,False,"Page: implicit_page_CC20_440_grid CC20_440_grid DYNAMIC GRID Do you agree or disagree with the following statements? varlabel Racial/Sexual agreement ROWS CC20_440a White people in the U.S. have certain advantages because of the color of their skin. CC20_440b Racial problems in the U.S. are rare, isolated situations. CC20_440c Women seek to gain power by getting control over men. CC20_440d Women are too easily offended. COLUMNS 1 ○ Strongly agree 2 ○ Somewhat agree 3 ○ Neither agree nor disagree 4 ○ Somewhat disagree 5 ○ Strongly disagree 8 Skipped 9 Not Asked","Page: implicit_page_CC20_440_grid CC20_440_grid DYNAMIC GRID Do you agree or disagree with the following statements? /Sexual agreement ROWS CC20_440a White people in the U.S. have certain advantages because of the color of their skin. CC20_440b Racial problems in the U.S. are rare, isolated situations. CC20_440c Women seek to gain power by getting control over men. CC20_440d Women are too easily offended. COLUMNS 1 ○ Strongly agree 2 ○ Somewhat agree 3 ○ Neither agree nor disagree 4 ○ Somewhat disagree 5 ○ Strongly disagree 8 Skipped 9 Not Asked",,True,target_post,0.994859459564315,5,1.462667054432695
CC20_440d,CC20_440,True,42,1,False,False,False,False,"CC20_440_grid DYNAMIC GRID Do you agree or disagree with the following statements? varlabel Racial/Sexual agreement ROWS CC20_440a White people in the U.S. have certain advantages because of the color of their skin. CC20_440b Racial problems in the U.S. are rare, isolated situations. CC20_440c Women seek to gain power by getting control over men. CC20_440d Women are too easily offended. COLUMNS 1 ○ Strongly agree 2 ○ Somewhat agree 3 ○ Neither agree nor disagree 4 ○ Somewhat disagree 5 ○ Strongly disagree 8 Skipped 9 Not Asked","CC20_440_grid DYNAMIC GRID Do you agree or disagree with the following statements? /Sexual agreement ROWS CC20_440a White people in the U.S. have certain advantages because of the color of their skin. CC20_440b Racial problems in the U.S. are rare, isolated situations. CC20_440c Women seek to gain power by getting control over men. CC20_440d Women are too easily offended. COLUMNS 1 ○ Strongly agree 2 ○ Somewhat agree 3 ○ Neither agree nor disagree 4 ○ Somewhat disagree 5 ○ Strongly disagree 8 Skipped 9 Not Asked",,True,target_post,0.9947236717037496,5,1.55926568647491
CC20_441a,CC20_441,True,43,1,True,False,False,False,"Page: implicit_page_CC20_441_grid CC20_441_grid- prompt once on skip GRID How much do you agree or disagree with the following statements? varlabel Racial Resentment required SOFT ROWS CC20_441a Irish, Italians, Jewish and many other minorities overcame prejudice and worked their way up. Blacks should do the same without any special favors. CC20_441b Generations of slavery and discrimination have created conditions that make it difficult for blacks to work their way out of the lower class. CC20_441e- Show if race != 1 I resent when Whites deny the existence of racial discrimination. CC20_441f- Show if race != 1 Whites get away with offenses that African Americans would never get away with. CC20_441g- Show if race != 1 Whites do not go to great lengths to understand the problems African Americans face. COLUMNS 1 ○ Strongly agree 2 ○ Somewhat agree","Page: implicit_page_CC20_441_grid CC20_441_grid- prompt once on skip GRID How much do you agree or disagree with the following statements? Resentment ROWS CC20_441a Irish, Italians, Jewish and many other minorities overcame prejudice and worked their way up. Blacks should do the same without any special favors. CC20_441b Generations of slavery and discrimination have created conditions that make it difficult for blacks to work their way out of the lower class. CC20_441e- Show if race != 1 I resent when Whites deny the existence of racial discrimination. CC20_441f- Show if race != 1 Whites get away with offenses that African Americans would never get away with. CC20_441g- Show if race != 1 Whites do not go to great lengths to understand the problems African Americans face. COLUMNS 1 ○ Strongly agree 2 ○ Somewhat agree",,True,target_post,0.9993210606971736,5,1.585283836720143
CC20_441b,CC20_441,True,43,1,True,False,False,False,"on skip GRID How much do you agree or disagree with the following statements? varlabel Racial Resentment required SOFT ROWS CC20_441a Irish, Italians, Jewish and many other minorities overcame prejudice and worked their way up. Blacks should do the same without any special favors. CC20_441b Generations of slavery and discrimination have created conditions that make it difficult for blacks to work their way out of the lower class. CC20_441e- Show if race != 1 I resent when Whites deny the existence of racial discrimination. CC20_441f- Show if race != 1 Whites get away with offenses that African Americans would never get away with. CC20_441g- Show if race != 1 Whites do not go to great lengths to understand the problems African Americans face. COLUMNS 1 ○ Strongly agree 2 ○ Somewhat agree 3 ○ Neither agree nor disagree 4 ○ Somewhat","on skip GRID How much do you agree or disagree with the following statements? Resentment ROWS CC20_441a Irish, Italians, Jewish and many other minorities overcame prejudice and worked their way up. Blacks should do the same without any special favors. CC20_441b Generations of slavery and discrimination have created conditions that make it difficult for blacks to work their way out of the lower class. CC20_441e- Show if race != 1 I resent when Whites deny the existence of racial discrimination. CC20_441f- Show if race != 1 Whites get away with offenses that African Americans would never get away with. CC20_441g- Show if race != 1 Whites do not go to great lengths to understand the problems African Americans face. COLUMNS 1 ○ Strongly agree 2 ○ Somewhat agree 3 ○ Neither agree nor disagree 4 ○ Somewhat",,True,target_post,0.9992240693681984,5,1.5585239908207842
CC20_442a,CC20_442,True,44,1,False,False,False,False,prompt once on skip GRID For each of the following tell us whether you support or oppose these decisions. varlabel Executive Orders Two width 100 required SOFT collapsible 0 ROWS CC20_442a Assassination of Iranian General Qasem Soleimani CC20_442b Withdraw the United States from the Iran Nuclear Accord and reimpose sanctions on Iran CC20_442c Declare a national emergency to permit construction of border wall with Mexico CC20_442d Suspend a program that allows migrants to remain in the US while their asylum cases were being decided. CC20_442e Withdraw troops from Kurdish-controlled region of northern Syria on the border with Turkey COLUMNS 1 ○ Support 2 ○ Oppose 8 Skipped 9 Not Asked,prompt once on skip GRID For each of the following tell us whether you support or oppose these decisions. Orders Two ROWS CC20_442a Assassination of Iranian General Qasem Soleimani CC20_442b Withdraw the United States from the Iran Nuclear Accord and reimpose sanctions on Iran CC20_442c Declare a national emergency to permit construction of border wall with Mexico CC20_442d Suspend a program that allows migrants to remain in the US while their asylum cases were being decided. CC20_442e Withdraw troops from Kurdish-controlled region of northern Syria on the border with Turkey COLUMNS 1 ○ Support 2 ○ Oppose 8 Skipped 9 Not Asked,,True,target_post,0.9992046711024034,2,0.6928555252481838
CC20_442b,CC20_442,True,44,1,False,False,False,False,on skip GRID For each of the following tell us whether you support or oppose these decisions. varlabel Executive Orders Two width 100 required SOFT collapsible 0 ROWS CC20_442a Assassination of Iranian General Qasem Soleimani CC20_442b Withdraw the United States from the Iran Nuclear Accord and reimpose sanctions on Iran CC20_442c Declare a national emergency to permit construction of border wall with Mexico CC20_442d Suspend a program that allows migrants to remain in the US while their asylum cases were being decided. CC20_442e Withdraw troops from Kurdish-controlled region of northern Syria on the border with Turkey COLUMNS 1 ○ Support 2 ○ Oppose 8 Skipped 9 Not Asked,on skip GRID For each of the following tell us whether you support or oppose these decisions. Orders Two ROWS CC20_442a Assassination of Iranian General Qasem Soleimani CC20_442b Withdraw the United States from the Iran Nuclear Accord and reimpose sanctions on Iran CC20_442c Declare a national emergency to permit construction of border wall with Mexico CC20_442d Suspend a program that allows migrants to remain in the US while their asylum cases were being decided. CC20_442e Withdraw troops from Kurdish-controlled region of northern Syria on the border with Turkey COLUMNS 1 ○ Support 2 ○ Oppose 8 Skipped 9 Not Asked,,True,target_post,0.999515043355124,2,0.6929550538665693
CC20_442c,CC20_442,True,44,1,False,False,False,False,varlabel Executive Orders Two width 100 required SOFT collapsible 0 ROWS CC20_442a Assassination of Iranian General Qasem Soleimani CC20_442b Withdraw the United States from the Iran Nuclear Accord and reimpose sanctions on Iran CC20_442c Declare a national emergency to permit construction of border wall with Mexico CC20_442d Suspend a program that allows migrants to remain in the US while their asylum cases were being decided. CC20_442e Withdraw troops from Kurdish-controlled region of northern Syria on the border with Turkey COLUMNS 1 ○ Support 2 ○ Oppose 8 Skipped 9 Not Asked,Orders Two ROWS CC20_442a Assassination of Iranian General Qasem Soleimani CC20_442b Withdraw the United States from the Iran Nuclear Accord and reimpose sanctions on Iran CC20_442c Declare a national emergency to permit construction of border wall with Mexico CC20_442d Suspend a program that allows migrants to remain in the US while their asylum cases were being decided. CC20_442e Withdraw troops from Kurdish-controlled region of northern Syria on the border with Turkey COLUMNS 1 ○ Support 2 ○ Oppose 8 Skipped 9 Not Asked,,True,target_post,0.9998060173420495,2,0.6468518993207031
CC20_442d,CC20_442,True,44,1,False,False,False,False,required SOFT collapsible 0 ROWS CC20_442a Assassination of Iranian General Qasem Soleimani CC20_442b Withdraw the United States from the Iran Nuclear Accord and reimpose sanctions on Iran CC20_442c Declare a national emergency to permit construction of border wall with Mexico CC20_442d Suspend a program that allows migrants to remain in the US while their asylum cases were being decided. CC20_442e Withdraw troops from Kurdish-controlled region of northern Syria on the border with Turkey COLUMNS 1 ○ Support 2 ○ Oppose 8 Skipped 9 Not Asked,ROWS CC20_442a Assassination of Iranian General Qasem Soleimani CC20_442b Withdraw the United States from the Iran Nuclear Accord and reimpose sanctions on Iran CC20_442c Declare a national emergency to permit construction of border wall with Mexico CC20_442d Suspend a program that allows migrants to remain in the US while their asylum cases were being decided. CC20_442e Withdraw troops from Kurdish-controlled region of northern Syria on the border with Turkey COLUMNS 1 ○ Support 2 ○ Oppose 8 Skipped 9 Not Asked,,True,target_post,0.9998060173420495,2,0.6648228101268275
CC20_442e,CC20_442,True,44,1,False,False,False,False,ROWS CC20_442a Assassination of Iranian General Qasem Soleimani CC20_442b Withdraw the United States from the Iran Nuclear Accord and reimpose sanctions on Iran CC20_442c Declare a national emergency to permit construction of border wall with Mexico CC20_442d Suspend a program that allows migrants to remain in the US while their asylum cases were being decided. CC20_442e Withdraw troops from Kurdish-controlled region of northern Syria on the border with Turkey COLUMNS 1 ○ Support 2 ○ Oppose 8 Skipped 9 Not Asked,ROWS CC20_442a Assassination of Iranian General Qasem Soleimani CC20_442b Withdraw the United States from the Iran Nuclear Accord and reimpose sanctions on Iran CC20_442c Declare a national emergency to permit construction of border wall with Mexico CC20_442d Suspend a program that allows migrants to remain in the US while their asylum cases were being decided. CC20_442e Withdraw troops from Kurdish-controlled region of northern Syria on the border with Turkey COLUMNS 1 ○ Support 2 ○ Oppose 8 Skipped 9 Not Asked,,True,target_post,0.9992434676339936,2,0.693130670867145
CC20_443_1,CC20_443,True,45,1,False,False,False,False,CC20_443- prompt once on skip GRID State legislatures must make choices when making spending decisions on important state programs. How would you like your legislature to spend money on each of the five areas below? varlabel State legislature spending required SOFT collapsible 0 ROWS CC20_443_1 Welfare CC20_443_2 Health Care CC20_443_3 Education CC20_443_4 Law Enforcement CC20_443_5 Transportation/Infrastructure COLUMNS 1 ○ Greatly increase 2 ○ Slightly increase 3 ○ Maintain 4 ○ Slightly decrease 5 ○ Greatly decrease 8 Skipped 9 Not Asked,CC20_443- prompt once on skip GRID State legislatures must make choices when making spending decisions on important state programs. How would you like your legislature to spend money on each of the five areas below? legislature spending ROWS CC20_443_1 Welfare CC20_443_2 Health Care CC20_443_3 Education CC20_443_4 Law Enforcement CC20_443_5 Transportation/Infrastructure COLUMNS 1 ○ Greatly increase 2 ○ Slightly increase 3 ○ Maintain 4 ○ Slightly decrease 5 ○ Greatly decrease 8 Skipped 9 Not Asked,,True,target_post,0.99992240693682,5,1.5111884701580929
CC20_443_2,CC20_443,True,45,1,False,False,False,False,CC20_443- prompt once on skip GRID State legislatures must make choices when making spending decisions on important state programs. How would you like your legislature to spend money on each of the five areas below? varlabel State legislature spending required SOFT collapsible 0 ROWS CC20_443_1 Welfare CC20_443_2 Health Care CC20_443_3 Education CC20_443_4 Law Enforcement CC20_443_5 Transportation/Infrastructure COLUMNS 1 ○ Greatly increase 2 ○ Slightly increase 3 ○ Maintain 4 ○ Slightly decrease 5 ○ Greatly decrease 8 Skipped 9 Not Asked,CC20_443- prompt once on skip GRID State legislatures must make choices when making spending decisions on important state programs. How would you like your legislature to spend money on each of the five areas below? legislature spending ROWS CC20_443_1 Welfare CC20_443_2 Health Care CC20_443_3 Education CC20_443_4 Law Enforcement CC20_443_5 Transportation/Infrastructure COLUMNS 1 ○ Greatly increase 2 ○ Slightly increase 3 ○ Maintain 4 ○ Slightly decrease 5 ○ Greatly decrease 8 Skipped 9 Not Asked,,True,target_post,0.99992240693682,5,1.310291022073197
CC20_443_3,CC20_443,True,45,1,False,False,False,False,CC20_443- prompt once on skip GRID State legislatures must make choices when making spending decisions on important state programs. How would you like your legislature to spend money on each of the five areas below? varlabel State legislature spending required SOFT collapsible 0 ROWS CC20_443_1 Welfare CC20_443_2 Health Care CC20_443_3 Education CC20_443_4 Law Enforcement CC20_443_5 Transportation/Infrastructure COLUMNS 1 ○ Greatly increase 2 ○ Slightly increase 3 ○ Maintain 4 ○ Slightly decrease 5 ○ Greatly decrease 8 Skipped 9 Not Asked,CC20_443- prompt once on skip GRID State legislatures must make choices when making spending decisions on important state programs. How would you like your legislature to spend money on each of the five areas below? legislature spending ROWS CC20_443_1 Welfare CC20_443_2 Health Care CC20_443_3 Education CC20_443_4 Law Enforcement CC20_443_5 Transportation/Infrastructure COLUMNS 1 ○ Greatly increase 2 ○ Slightly increase 3 ○ Maintain 4 ○ Slightly decrease 5 ○ Greatly decrease 8 Skipped 9 Not Asked,,True,target_post,0.9999030086710248,5,1.320827089725514
CC20_443_4,CC20_443,True,45,1,False,False,False,False,CC20_443- prompt once on skip GRID State legislatures must make choices when making spending decisions on important state programs. How would you like your legislature to spend money on each of the five areas below? varlabel State legislature spending required SOFT collapsible 0 ROWS CC20_443_1 Welfare CC20_443_2 Health Care CC20_443_3 Education CC20_443_4 Law Enforcement CC20_443_5 Transportation/Infrastructure COLUMNS 1 ○ Greatly increase 2 ○ Slightly increase 3 ○ Maintain 4 ○ Slightly decrease 5 ○ Greatly decrease 8 Skipped 9 Not Asked,CC20_443- prompt once on skip GRID State legislatures must make choices when making spending decisions on important state programs. How would you like your legislature to spend money on each of the five areas below? legislature spending ROWS CC20_443_1 Welfare CC20_443_2 Health Care CC20_443_3 Education CC20_443_4 Law Enforcement CC20_443_5 Transportation/Infrastructure COLUMNS 1 ○ Greatly increase 2 ○ Slightly increase 3 ○ Maintain 4 ○ Slightly decrease 5 ○ Greatly decrease 8 Skipped 9 Not Asked,,True,target_post,0.99992240693682,5,1.5280875028142706
CC20_443_5,CC20_443,True,45,1,False,False,False,False,CC20_443- prompt once on skip GRID State legislatures must make choices when making spending decisions on important state programs. How would you like your legislature to spend money on each of the five areas below? varlabel State legislature spending required SOFT collapsible 0 ROWS CC20_443_1 Welfare CC20_443_2 Health Care CC20_443_3 Education CC20_443_4 Law Enforcement CC20_443_5 Transportation/Infrastructure COLUMNS 1 ○ Greatly increase 2 ○ Slightly increase 3 ○ Maintain 4 ○ Slightly decrease 5 ○ Greatly decrease 8 Skipped 9 Not Asked,CC20_443- prompt once on skip GRID State legislatures must make choices when making spending decisions on important state programs. How would you like your legislature to spend money on each of the five areas below? legislature spending ROWS CC20_443_1 Welfare CC20_443_2 Health Care CC20_443_3 Education CC20_443_4 Law Enforcement CC20_443_5 Transportation/Infrastructure COLUMNS 1 ○ Greatly increase 2 ○ Slightly increase 3 ○ Maintain 4 ○ Slightly decrease 5 ○ Greatly decrease 8 Skipped 9 Not Asked,,True,target_post,0.9997284242788694,5,1.2656084558892589
