item,family,question_text,option_code,option_label,option_position,n_options,option_text,paired_coverage,entropy_nats
CC20_401,CC20_401,"CC20_401- Show if askvote == 1 or int(statefips) == 38 SINGLE CHOICE Which of the following statements best describes you? in 2020 1 ○ I did not vote in the election this November. 2 ○ I thought about voting this time – but didn't. 3 ○ I usually vote, but didn't this time. 4 ○ I attempted to vote but did not or could not. 5 ○ I definitely voted in the November 2020",1,I did not vote in the election this November.,0,5,"Question: CC20_401- Show if askvote == 1 or int(statefips) == 38 SINGLE CHOICE Which of the following statements best describes you? in 2020 1 ○ I did not vote in the election this November. 2 ○ I thought about voting this time – but didn't. 3 ○ I usually vote, but didn't this time. 4 ○ I attempted to vote but did not or could not. 5 ○ I definitely voted in the November 2020 Response option: I did not vote in the election this November.",0.940078756959128,0.2940879593805904
CC20_401,CC20_401,"CC20_401- Show if askvote == 1 or int(statefips) == 38 SINGLE CHOICE Which of the following statements best describes you? in 2020 1 ○ I did not vote in the election this November. 2 ○ I thought about voting this time – but didn't. 3 ○ I usually vote, but didn't this time. 4 ○ I attempted to vote but did not or could not. 5 ○ I definitely voted in the November 2020",2,I thought about voting this time – but didn't.,1,5,"Question: CC20_401- Show if askvote == 1 or int(statefips) == 38 SINGLE CHOICE Which of the following statements best describes you? in 2020 1 ○ I did not vote in the election this November. 2 ○ I thought about voting this time – but didn't. 3 ○ I usually vote, but didn't this time. 4 ○ I attempted to vote but did not or could not. 5 ○ I definitely voted in the November 2020 Response option: I thought about voting this time – but didn't.",0.940078756959128,0.2940879593805904
CC20_401,CC20_401,"CC20_401- Show if askvote == 1 or int(statefips) == 38 SINGLE CHOICE Which of the following statements best describes you? in 2020 1 ○ I did not vote in the election this November. 2 ○ I thought about voting this time – but didn't. 3 ○ I usually vote, but didn't this time. 4 ○ I attempted to vote but did not or could not. 5 ○ I definitely voted in the November 2020",3,"I usually vote, but didn't this time.",2,5,"Question: CC20_401- Show if askvote == 1 or int(statefips) == 38 SINGLE CHOICE Which of the following statements best describes you? in 2020 1 ○ I did not vote in the election this November. 2 ○ I thought about voting this time – but didn't. 3 ○ I usually vote, but didn't this time. 4 ○ I attempted to vote but did not or could not. 5 ○ I definitely voted in the November 2020 Response option: I usually vote, but didn't this time.",0.940078756959128,0.2940879593805904
CC20_401,CC20_401,"CC20_401- Show if askvote == 1 or int(statefips) == 38 SINGLE CHOICE Which of the following statements best describes you? in 2020 1 ○ I did not vote in the election this November. 2 ○ I thought about voting this time – but didn't. 3 ○ I usually vote, but didn't this time. 4 ○ I attempted to vote but did not or could not. 5 ○ I definitely voted in the November 2020",4,I attempted to vote but did not or could not.,3,5,"Question: CC20_401- Show if askvote == 1 or int(statefips) == 38 SINGLE CHOICE Which of the following statements best describes you? in 2020 1 ○ I did not vote in the election this November. 2 ○ I thought about voting this time – but didn't. 3 ○ I usually vote, but didn't this time. 4 ○ I attempted to vote but did not or could not. 5 ○ I definitely voted in the November 2020 Response option: I attempted to vote but did not or could not.",0.940078756959128,0.2940879593805904
CC20_401,CC20_401,"CC20_401- Show if askvote == 1 or int(statefips) == 38 SINGLE CHOICE Which of the following statements best describes you? in 2020 1 ○ I did not vote in the election this November. 2 ○ I thought about voting this time – but didn't. 3 ○ I usually vote, but didn't this time. 4 ○ I attempted to vote but did not or could not. 5 ○ I definitely voted in the November 2020",5,I definitely voted in the November 2020,4,5,"Question: CC20_401- Show if askvote == 1 or int(statefips) == 38 SINGLE CHOICE Which of the following statements best describes you? in 2020 1 ○ I did not vote in the election this November. 2 ○ I thought about voting this time – but didn't. 3 ○ I usually vote, but didn't this time. 4 ○ I attempted to vote but did not or could not. 5 ○ I definitely voted in the November 2020 Response option: I definitely voted in the November 2020",0.940078756959128,0.2940879593805904
CC20_403,CC20_403,"CC20_403- Show if CC20_401 in [4,5] SINGLE CHOICE Did you vote in person _on_ Election Day, in person _before_ Election Day, or by mail (that is, absentee or vote by mail)? in person or by mail 1 ○ In person on election day (Did you vote at a precinct polling place or at a vote center? [CC20_403b]) 2 ○ In person before election day (early) 3 ○ Voted by mail (or absentee) 4 ○ Don't know 8 Skipped 9 Not Asked Page: implicit_page_CC20_403c",1,In person on election day (Did you vote at a precinct polling place or at a vote center? [CC20_403b]),0,4,"Question: CC20_403- Show if CC20_401 in [4,5] SINGLE CHOICE Did you vote in person _on_ Election Day, in person _before_ Election Day, or by mail (that is, absentee or vote by mail)? in person or by mail 1 ○ In person on election day (Did you vote at a precinct polling place or at a vote center? [CC20_403b]) 2 ○ In person before election day (early) 3 ○ Voted by mail (or absentee) 4 ○ Don't know 8 Skipped 9 Not Asked Page: implicit_page_CC20_403c Response option: In person on election day (Did you vote at a precinct polling place or at a vote center? [CC20_403b])",0.8932901398614964,1.08689703379166
CC20_403,CC20_403,"CC20_403- Show if CC20_401 in [4,5] SINGLE CHOICE Did you vote in person _on_ Election Day, in person _before_ Election Day, or by mail (that is, absentee or vote by mail)? in person or by mail 1 ○ In person on election day (Did you vote at a precinct polling place or at a vote center? [CC20_403b]) 2 ○ In person before election day (early) 3 ○ Voted by mail (or absentee) 4 ○ Don't know 8 Skipped 9 Not Asked Page: implicit_page_CC20_403c",2,In person before election day (early),1,4,"Question: CC20_403- Show if CC20_401 in [4,5] SINGLE CHOICE Did you vote in person _on_ Election Day, in person _before_ Election Day, or by mail (that is, absentee or vote by mail)? in person or by mail 1 ○ In person on election day (Did you vote at a precinct polling place or at a vote center? [CC20_403b]) 2 ○ In person before election day (early) 3 ○ Voted by mail (or absentee) 4 ○ Don't know 8 Skipped 9 Not Asked Page: implicit_page_CC20_403c Response option: In person before election day (early)",0.8932901398614964,1.08689703379166
CC20_403,CC20_403,"CC20_403- Show if CC20_401 in [4,5] SINGLE CHOICE Did you vote in person _on_ Election Day, in person _before_ Election Day, or by mail (that is, absentee or vote by mail)? in person or by mail 1 ○ In person on election day (Did you vote at a precinct polling place or at a vote center? [CC20_403b]) 2 ○ In person before election day (early) 3 ○ Voted by mail (or absentee) 4 ○ Don't know 8 Skipped 9 Not Asked Page: implicit_page_CC20_403c",3,Voted by mail (or absentee),2,4,"Question: CC20_403- Show if CC20_401 in [4,5] SINGLE CHOICE Did you vote in person _on_ Election Day, in person _before_ Election Day, or by mail (that is, absentee or vote by mail)? in person or by mail 1 ○ In person on election day (Did you vote at a precinct polling place or at a vote center? [CC20_403b]) 2 ○ In person before election day (early) 3 ○ Voted by mail (or absentee) 4 ○ Don't know 8 Skipped 9 Not Asked Page: implicit_page_CC20_403c Response option: Voted by mail (or absentee)",0.8932901398614964,1.08689703379166
CC20_403,CC20_403,"CC20_403- Show if CC20_401 in [4,5] SINGLE CHOICE Did you vote in person _on_ Election Day, in person _before_ Election Day, or by mail (that is, absentee or vote by mail)? in person or by mail 1 ○ In person on election day (Did you vote at a precinct polling place or at a vote center? [CC20_403b]) 2 ○ In person before election day (early) 3 ○ Voted by mail (or absentee) 4 ○ Don't know 8 Skipped 9 Not Asked Page: implicit_page_CC20_403c",4,Don't know,3,4,"Question: CC20_403- Show if CC20_401 in [4,5] SINGLE CHOICE Did you vote in person _on_ Election Day, in person _before_ Election Day, or by mail (that is, absentee or vote by mail)? in person or by mail 1 ○ In person on election day (Did you vote at a precinct polling place or at a vote center? [CC20_403b]) 2 ○ In person before election day (early) 3 ○ Voted by mail (or absentee) 4 ○ Don't know 8 Skipped 9 Not Asked Page: implicit_page_CC20_403c Response option: Don't know",0.8932901398614964,1.08689703379166
CC20_410,CC20_410,CC20_410 SINGLE CHOICE For whom did you vote for President of the United States? Pres vote order randomize 1 ○ Joe Biden (Democrat) 2 ○ Donald J. Trump (Republican) 4 ○ Other (open [CC20_410_t]) Not randomized 5 ○ I did not vote in this race Not randomized 6 ○ I did not vote Not randomized 7 ○ Not sure Not randomized 98 Skipped 99 Not Asked Page: implicit_page_CC20_411 CC20_411- Show if (SenCand1Name,1,Joe Biden (Democrat),0,6,Question: CC20_410 SINGLE CHOICE For whom did you vote for President of the United States? Pres vote order randomize 1 ○ Joe Biden (Democrat) 2 ○ Donald J. Trump (Republican) 4 ○ Other (open [CC20_410_t]) Not randomized 5 ○ I did not vote in this race Not randomized 6 ○ I did not vote Not randomized 7 ○ Not sure Not randomized 98 Skipped 99 Not Asked Page: implicit_page_CC20_411 CC20_411- Show if (SenCand1Name Response option: Joe Biden (Democrat),0.8855502318092763,0.8346931356876407
CC20_410,CC20_410,CC20_410 SINGLE CHOICE For whom did you vote for President of the United States? Pres vote order randomize 1 ○ Joe Biden (Democrat) 2 ○ Donald J. Trump (Republican) 4 ○ Other (open [CC20_410_t]) Not randomized 5 ○ I did not vote in this race Not randomized 6 ○ I did not vote Not randomized 7 ○ Not sure Not randomized 98 Skipped 99 Not Asked Page: implicit_page_CC20_411 CC20_411- Show if (SenCand1Name,2,Donald J. Trump (Republican),1,6,Question: CC20_410 SINGLE CHOICE For whom did you vote for President of the United States? Pres vote order randomize 1 ○ Joe Biden (Democrat) 2 ○ Donald J. Trump (Republican) 4 ○ Other (open [CC20_410_t]) Not randomized 5 ○ I did not vote in this race Not randomized 6 ○ I did not vote Not randomized 7 ○ Not sure Not randomized 98 Skipped 99 Not Asked Page: implicit_page_CC20_411 CC20_411- Show if (SenCand1Name Response option: Donald J. Trump (Republican),0.8855502318092763,0.8346931356876407
CC20_410,CC20_410,CC20_410 SINGLE CHOICE For whom did you vote for President of the United States? Pres vote order randomize 1 ○ Joe Biden (Democrat) 2 ○ Donald J. Trump (Republican) 4 ○ Other (open [CC20_410_t]) Not randomized 5 ○ I did not vote in this race Not randomized 6 ○ I did not vote Not randomized 7 ○ Not sure Not randomized 98 Skipped 99 Not Asked Page: implicit_page_CC20_411 CC20_411- Show if (SenCand1Name,4,Other (open [CC20_410_t]) Not randomized,2,6,Question: CC20_410 SINGLE CHOICE For whom did you vote for President of the United States? Pres vote order randomize 1 ○ Joe Biden (Democrat) 2 ○ Donald J. Trump (Republican) 4 ○ Other (open [CC20_410_t]) Not randomized 5 ○ I did not vote in this race Not randomized 6 ○ I did not vote Not randomized 7 ○ Not sure Not randomized 98 Skipped 99 Not Asked Page: implicit_page_CC20_411 CC20_411- Show if (SenCand1Name Response option: Other (open [CC20_410_t]) Not randomized,0.8855502318092763,0.8346931356876407
CC20_410,CC20_410,CC20_410 SINGLE CHOICE For whom did you vote for President of the United States? Pres vote order randomize 1 ○ Joe Biden (Democrat) 2 ○ Donald J. Trump (Republican) 4 ○ Other (open [CC20_410_t]) Not randomized 5 ○ I did not vote in this race Not randomized 6 ○ I did not vote Not randomized 7 ○ Not sure Not randomized 98 Skipped 99 Not Asked Page: implicit_page_CC20_411 CC20_411- Show if (SenCand1Name,5,I did not vote in this race Not randomized,3,6,Question: CC20_410 SINGLE CHOICE For whom did you vote for President of the United States? Pres vote order randomize 1 ○ Joe Biden (Democrat) 2 ○ Donald J. Trump (Republican) 4 ○ Other (open [CC20_410_t]) Not randomized 5 ○ I did not vote in this race Not randomized 6 ○ I did not vote Not randomized 7 ○ Not sure Not randomized 98 Skipped 99 Not Asked Page: implicit_page_CC20_411 CC20_411- Show if (SenCand1Name Response option: I did not vote in this race Not randomized,0.8855502318092763,0.8346931356876407
CC20_410,CC20_410,CC20_410 SINGLE CHOICE For whom did you vote for President of the United States? Pres vote order randomize 1 ○ Joe Biden (Democrat) 2 ○ Donald J. Trump (Republican) 4 ○ Other (open [CC20_410_t]) Not randomized 5 ○ I did not vote in this race Not randomized 6 ○ I did not vote Not randomized 7 ○ Not sure Not randomized 98 Skipped 99 Not Asked Page: implicit_page_CC20_411 CC20_411- Show if (SenCand1Name,6,I did not vote Not randomized,4,6,Question: CC20_410 SINGLE CHOICE For whom did you vote for President of the United States? Pres vote order randomize 1 ○ Joe Biden (Democrat) 2 ○ Donald J. Trump (Republican) 4 ○ Other (open [CC20_410_t]) Not randomized 5 ○ I did not vote in this race Not randomized 6 ○ I did not vote Not randomized 7 ○ Not sure Not randomized 98 Skipped 99 Not Asked Page: implicit_page_CC20_411 CC20_411- Show if (SenCand1Name Response option: I did not vote Not randomized,0.8855502318092763,0.8346931356876407
CC20_410,CC20_410,CC20_410 SINGLE CHOICE For whom did you vote for President of the United States? Pres vote order randomize 1 ○ Joe Biden (Democrat) 2 ○ Donald J. Trump (Republican) 4 ○ Other (open [CC20_410_t]) Not randomized 5 ○ I did not vote in this race Not randomized 6 ○ I did not vote Not randomized 7 ○ Not sure Not randomized 98 Skipped 99 Not Asked Page: implicit_page_CC20_411 CC20_411- Show if (SenCand1Name,7,Not sure Not randomized,5,6,Question: CC20_410 SINGLE CHOICE For whom did you vote for President of the United States? Pres vote order randomize 1 ○ Joe Biden (Democrat) 2 ○ Donald J. Trump (Republican) 4 ○ Other (open [CC20_410_t]) Not randomized 5 ○ I did not vote in this race Not randomized 6 ○ I did not vote Not randomized 7 ○ Not sure Not randomized 98 Skipped 99 Not Asked Page: implicit_page_CC20_411 CC20_411- Show if (SenCand1Name Response option: Not sure Not randomized,0.8855502318092763,0.8346931356876407
CC20_431a,CC20_431,Show if 6 in CC20_430a OPEN INTEGER TEXTBOX Approximately how much did you contribute to all candidates and committees over the last year? contribute to all candidates/committees min 1 max 1000000 left &dollar; Page: implicit_page_CC20_431a CC20_431a SINGLE CHOICE Did a candidate or political campaign organization contact you during the 2020 election? run for elective office 1 ○ Yes 2 ○ No 8 Skipped 9 Not Asked Page: implicit_page_CC20_431b CC20_431b- Show if CC20_431a == 1 MULTIPLE CHOICE How did these candidates or campaigns contact you? Check all that apply. for office 1 □ In person 2 □ Phone call,1,Yes,0,2,Question: Show if 6 in CC20_430a OPEN INTEGER TEXTBOX Approximately how much did you contribute to all candidates and committees over the last year? contribute to all candidates/committees min 1 max 1000000 left &dollar; Page: implicit_page_CC20_431a CC20_431a SINGLE CHOICE Did a candidate or political campaign organization contact you during the 2020 election? run for elective office 1 ○ Yes 2 ○ No 8 Skipped 9 Not Asked Page: implicit_page_CC20_431b CC20_431b- Show if CC20_431a == 1 MULTIPLE CHOICE How did these candidates or campaigns contact you? Check all that apply. for office 1 □ In person 2 □ Phone call Response option: Yes,0.9986421213943474,0.6574293619214674
CC20_431a,CC20_431,Show if 6 in CC20_430a OPEN INTEGER TEXTBOX Approximately how much did you contribute to all candidates and committees over the last year? contribute to all candidates/committees min 1 max 1000000 left &dollar; Page: implicit_page_CC20_431a CC20_431a SINGLE CHOICE Did a candidate or political campaign organization contact you during the 2020 election? run for elective office 1 ○ Yes 2 ○ No 8 Skipped 9 Not Asked Page: implicit_page_CC20_431b CC20_431b- Show if CC20_431a == 1 MULTIPLE CHOICE How did these candidates or campaigns contact you? Check all that apply. for office 1 □ In person 2 □ Phone call,2,No,1,2,Question: Show if 6 in CC20_430a OPEN INTEGER TEXTBOX Approximately how much did you contribute to all candidates and committees over the last year? contribute to all candidates/committees min 1 max 1000000 left &dollar; Page: implicit_page_CC20_431a CC20_431a SINGLE CHOICE Did a candidate or political campaign organization contact you during the 2020 election? run for elective office 1 ○ Yes 2 ○ No 8 Skipped 9 Not Asked Page: implicit_page_CC20_431b CC20_431b- Show if CC20_431a == 1 MULTIPLE CHOICE How did these candidates or campaigns contact you? Check all that apply. for office 1 □ In person 2 □ Phone call Response option: No,0.9986421213943474,0.6574293619214674
CC20_433a,CC20_433,[CC20_433_t]) 8 Skipped 9 Not Asked Page: implicit_page_CC20_433_dem CC20_433_dem- Show if CC20_433a==1 SINGLE CHOICE Would you call yourself a strong Democrat or not so strong Democrat?,1,Democrat,0,4,Question: [CC20_433_t]) 8 Skipped 9 Not Asked Page: implicit_page_CC20_433_dem CC20_433_dem- Show if CC20_433a==1 SINGLE CHOICE Would you call yourself a strong Democrat or not so strong Democrat? Response option: Democrat,1.0,1.22364132788346
CC20_433a,CC20_433,[CC20_433_t]) 8 Skipped 9 Not Asked Page: implicit_page_CC20_433_dem CC20_433_dem- Show if CC20_433a==1 SINGLE CHOICE Would you call yourself a strong Democrat or not so strong Democrat?,2,Republican,1,4,Question: [CC20_433_t]) 8 Skipped 9 Not Asked Page: implicit_page_CC20_433_dem CC20_433_dem- Show if CC20_433a==1 SINGLE CHOICE Would you call yourself a strong Democrat or not so strong Democrat? Response option: Republican,1.0,1.22364132788346
CC20_433a,CC20_433,[CC20_433_t]) 8 Skipped 9 Not Asked Page: implicit_page_CC20_433_dem CC20_433_dem- Show if CC20_433a==1 SINGLE CHOICE Would you call yourself a strong Democrat or not so strong Democrat?,3,Independent,2,4,Question: [CC20_433_t]) 8 Skipped 9 Not Asked Page: implicit_page_CC20_433_dem CC20_433_dem- Show if CC20_433a==1 SINGLE CHOICE Would you call yourself a strong Democrat or not so strong Democrat? Response option: Independent,1.0,1.22364132788346
CC20_433a,CC20_433,[CC20_433_t]) 8 Skipped 9 Not Asked Page: implicit_page_CC20_433_dem CC20_433_dem- Show if CC20_433a==1 SINGLE CHOICE Would you call yourself a strong Democrat or not so strong Democrat?,4,Other (open [CC20_433_t]),3,4,Question: [CC20_433_t]) 8 Skipped 9 Not Asked Page: implicit_page_CC20_433_dem CC20_433_dem- Show if CC20_433a==1 SINGLE CHOICE Would you call yourself a strong Democrat or not so strong Democrat? Response option: Other (open [CC20_433_t]),1.0,1.22364132788346
CC20_440a,CC20_440,"8 ○ Not sure 98 Skipped 99 Not Asked Page: implicit_page_CC20_440_grid CC20_440_grid DYNAMIC GRID Do you agree or disagree with the following statements? /Sexual agreement ROWS CC20_440a White people in the U.S. have certain advantages because of the color of their skin. CC20_440b Racial problems in the U.S. are rare, isolated situations. CC20_440c Women seek to gain power by getting control over men. CC20_440d Women are too easily offended. COLUMNS 1 ○ Strongly agree 2 ○ Somewhat agree 3 ○ Neither agree nor disagree 4 ○ Somewhat disagree 5 ○ Strongly disagree",1,Strongly agree,0,5,"Question: 8 ○ Not sure 98 Skipped 99 Not Asked Page: implicit_page_CC20_440_grid CC20_440_grid DYNAMIC GRID Do you agree or disagree with the following statements? /Sexual agreement ROWS CC20_440a White people in the U.S. have certain advantages because of the color of their skin. CC20_440b Racial problems in the U.S. are rare, isolated situations. CC20_440c Women seek to gain power by getting control over men. CC20_440d Women are too easily offended. COLUMNS 1 ○ Strongly agree 2 ○ Somewhat agree 3 ○ Neither agree nor disagree 4 ○ Somewhat disagree 5 ○ Strongly disagree Response option: Strongly agree",0.999437450291944,1.5196935910291782
CC20_440a,CC20_440,"8 ○ Not sure 98 Skipped 99 Not Asked Page: implicit_page_CC20_440_grid CC20_440_grid DYNAMIC GRID Do you agree or disagree with the following statements? /Sexual agreement ROWS CC20_440a White people in the U.S. have certain advantages because of the color of their skin. CC20_440b Racial problems in the U.S. are rare, isolated situations. CC20_440c Women seek to gain power by getting control over men. CC20_440d Women are too easily offended. COLUMNS 1 ○ Strongly agree 2 ○ Somewhat agree 3 ○ Neither agree nor disagree 4 ○ Somewhat disagree 5 ○ Strongly disagree",2,Somewhat agree,1,5,"Question: 8 ○ Not sure 98 Skipped 99 Not Asked Page: implicit_page_CC20_440_grid CC20_440_grid DYNAMIC GRID Do you agree or disagree with the following statements? /Sexual agreement ROWS CC20_440a White people in the U.S. have certain advantages because of the color of their skin. CC20_440b Racial problems in the U.S. are rare, isolated situations. CC20_440c Women seek to gain power by getting control over men. CC20_440d Women are too easily offended. COLUMNS 1 ○ Strongly agree 2 ○ Somewhat agree 3 ○ Neither agree nor disagree 4 ○ Somewhat disagree 5 ○ Strongly disagree Response option: Somewhat agree",0.999437450291944,1.5196935910291782
CC20_440a,CC20_440,"8 ○ Not sure 98 Skipped 99 Not Asked Page: implicit_page_CC20_440_grid CC20_440_grid DYNAMIC GRID Do you agree or disagree with the following statements? /Sexual agreement ROWS CC20_440a White people in the U.S. have certain advantages because of the color of their skin. CC20_440b Racial problems in the U.S. are rare, isolated situations. CC20_440c Women seek to gain power by getting control over men. CC20_440d Women are too easily offended. COLUMNS 1 ○ Strongly agree 2 ○ Somewhat agree 3 ○ Neither agree nor disagree 4 ○ Somewhat disagree 5 ○ Strongly disagree",3,Neither agree nor disagree,2,5,"Question: 8 ○ Not sure 98 Skipped 99 Not Asked Page: implicit_page_CC20_440_grid CC20_440_grid DYNAMIC GRID Do you agree or disagree with the following statements? /Sexual agreement ROWS CC20_440a White people in the U.S. have certain advantages because of the color of their skin. CC20_440b Racial problems in the U.S. are rare, isolated situations. CC20_440c Women seek to gain power by getting control over men. CC20_440d Women are too easily offended. COLUMNS 1 ○ Strongly agree 2 ○ Somewhat agree 3 ○ Neither agree nor disagree 4 ○ Somewhat disagree 5 ○ Strongly disagree Response option: Neither agree nor disagree",0.999437450291944,1.5196935910291782
CC20_440a,CC20_440,"8 ○ Not sure 98 Skipped 99 Not Asked Page: implicit_page_CC20_440_grid CC20_440_grid DYNAMIC GRID Do you agree or disagree with the following statements? /Sexual agreement ROWS CC20_440a White people in the U.S. have certain advantages because of the color of their skin. CC20_440b Racial problems in the U.S. are rare, isolated situations. CC20_440c Women seek to gain power by getting control over men. CC20_440d Women are too easily offended. COLUMNS 1 ○ Strongly agree 2 ○ Somewhat agree 3 ○ Neither agree nor disagree 4 ○ Somewhat disagree 5 ○ Strongly disagree",4,Somewhat disagree,3,5,"Question: 8 ○ Not sure 98 Skipped 99 Not Asked Page: implicit_page_CC20_440_grid CC20_440_grid DYNAMIC GRID Do you agree or disagree with the following statements? /Sexual agreement ROWS CC20_440a White people in the U.S. have certain advantages because of the color of their skin. CC20_440b Racial problems in the U.S. are rare, isolated situations. CC20_440c Women seek to gain power by getting control over men. CC20_440d Women are too easily offended. COLUMNS 1 ○ Strongly agree 2 ○ Somewhat agree 3 ○ Neither agree nor disagree 4 ○ Somewhat disagree 5 ○ Strongly disagree Response option: Somewhat disagree",0.999437450291944,1.5196935910291782
CC20_440a,CC20_440,"8 ○ Not sure 98 Skipped 99 Not Asked Page: implicit_page_CC20_440_grid CC20_440_grid DYNAMIC GRID Do you agree or disagree with the following statements? /Sexual agreement ROWS CC20_440a White people in the U.S. have certain advantages because of the color of their skin. CC20_440b Racial problems in the U.S. are rare, isolated situations. CC20_440c Women seek to gain power by getting control over men. CC20_440d Women are too easily offended. COLUMNS 1 ○ Strongly agree 2 ○ Somewhat agree 3 ○ Neither agree nor disagree 4 ○ Somewhat disagree 5 ○ Strongly disagree",5,Strongly disagree,4,5,"Question: 8 ○ Not sure 98 Skipped 99 Not Asked Page: implicit_page_CC20_440_grid CC20_440_grid DYNAMIC GRID Do you agree or disagree with the following statements? /Sexual agreement ROWS CC20_440a White people in the U.S. have certain advantages because of the color of their skin. CC20_440b Racial problems in the U.S. are rare, isolated situations. CC20_440c Women seek to gain power by getting control over men. CC20_440d Women are too easily offended. COLUMNS 1 ○ Strongly agree 2 ○ Somewhat agree 3 ○ Neither agree nor disagree 4 ○ Somewhat disagree 5 ○ Strongly disagree Response option: Strongly disagree",0.999437450291944,1.5196935910291782
CC20_440b,CC20_440,"99 Not Asked Page: implicit_page_CC20_440_grid CC20_440_grid DYNAMIC GRID Do you agree or disagree with the following statements? /Sexual agreement ROWS CC20_440a White people in the U.S. have certain advantages because of the color of their skin. CC20_440b Racial problems in the U.S. are rare, isolated situations. CC20_440c Women seek to gain power by getting control over men. CC20_440d Women are too easily offended. COLUMNS 1 ○ Strongly agree 2 ○ Somewhat agree 3 ○ Neither agree nor disagree 4 ○ Somewhat disagree 5 ○ Strongly disagree 8 Skipped 9 Not Asked",1,Strongly agree,0,5,"Question: 99 Not Asked Page: implicit_page_CC20_440_grid CC20_440_grid DYNAMIC GRID Do you agree or disagree with the following statements? /Sexual agreement ROWS CC20_440a White people in the U.S. have certain advantages because of the color of their skin. CC20_440b Racial problems in the U.S. are rare, isolated situations. CC20_440c Women seek to gain power by getting control over men. CC20_440d Women are too easily offended. COLUMNS 1 ○ Strongly agree 2 ○ Somewhat agree 3 ○ Neither agree nor disagree 4 ○ Somewhat disagree 5 ○ Strongly disagree 8 Skipped 9 Not Asked Response option: Strongly agree",0.9753448041745068,1.4821873365804747
CC20_440b,CC20_440,"99 Not Asked Page: implicit_page_CC20_440_grid CC20_440_grid DYNAMIC GRID Do you agree or disagree with the following statements? /Sexual agreement ROWS CC20_440a White people in the U.S. have certain advantages because of the color of their skin. CC20_440b Racial problems in the U.S. are rare, isolated situations. CC20_440c Women seek to gain power by getting control over men. CC20_440d Women are too easily offended. COLUMNS 1 ○ Strongly agree 2 ○ Somewhat agree 3 ○ Neither agree nor disagree 4 ○ Somewhat disagree 5 ○ Strongly disagree 8 Skipped 9 Not Asked",2,Somewhat agree,1,5,"Question: 99 Not Asked Page: implicit_page_CC20_440_grid CC20_440_grid DYNAMIC GRID Do you agree or disagree with the following statements? /Sexual agreement ROWS CC20_440a White people in the U.S. have certain advantages because of the color of their skin. CC20_440b Racial problems in the U.S. are rare, isolated situations. CC20_440c Women seek to gain power by getting control over men. CC20_440d Women are too easily offended. COLUMNS 1 ○ Strongly agree 2 ○ Somewhat agree 3 ○ Neither agree nor disagree 4 ○ Somewhat disagree 5 ○ Strongly disagree 8 Skipped 9 Not Asked Response option: Somewhat agree",0.9753448041745068,1.4821873365804747
CC20_440b,CC20_440,"99 Not Asked Page: implicit_page_CC20_440_grid CC20_440_grid DYNAMIC GRID Do you agree or disagree with the following statements? /Sexual agreement ROWS CC20_440a White people in the U.S. have certain advantages because of the color of their skin. CC20_440b Racial problems in the U.S. are rare, isolated situations. CC20_440c Women seek to gain power by getting control over men. CC20_440d Women are too easily offended. COLUMNS 1 ○ Strongly agree 2 ○ Somewhat agree 3 ○ Neither agree nor disagree 4 ○ Somewhat disagree 5 ○ Strongly disagree 8 Skipped 9 Not Asked",3,Neither agree nor disagree,2,5,"Question: 99 Not Asked Page: implicit_page_CC20_440_grid CC20_440_grid DYNAMIC GRID Do you agree or disagree with the following statements? /Sexual agreement ROWS CC20_440a White people in the U.S. have certain advantages because of the color of their skin. CC20_440b Racial problems in the U.S. are rare, isolated situations. CC20_440c Women seek to gain power by getting control over men. CC20_440d Women are too easily offended. COLUMNS 1 ○ Strongly agree 2 ○ Somewhat agree 3 ○ Neither agree nor disagree 4 ○ Somewhat disagree 5 ○ Strongly disagree 8 Skipped 9 Not Asked Response option: Neither agree nor disagree",0.9753448041745068,1.4821873365804747
CC20_440b,CC20_440,"99 Not Asked Page: implicit_page_CC20_440_grid CC20_440_grid DYNAMIC GRID Do you agree or disagree with the following statements? /Sexual agreement ROWS CC20_440a White people in the U.S. have certain advantages because of the color of their skin. CC20_440b Racial problems in the U.S. are rare, isolated situations. CC20_440c Women seek to gain power by getting control over men. CC20_440d Women are too easily offended. COLUMNS 1 ○ Strongly agree 2 ○ Somewhat agree 3 ○ Neither agree nor disagree 4 ○ Somewhat disagree 5 ○ Strongly disagree 8 Skipped 9 Not Asked",4,Somewhat disagree,3,5,"Question: 99 Not Asked Page: implicit_page_CC20_440_grid CC20_440_grid DYNAMIC GRID Do you agree or disagree with the following statements? /Sexual agreement ROWS CC20_440a White people in the U.S. have certain advantages because of the color of their skin. CC20_440b Racial problems in the U.S. are rare, isolated situations. CC20_440c Women seek to gain power by getting control over men. CC20_440d Women are too easily offended. COLUMNS 1 ○ Strongly agree 2 ○ Somewhat agree 3 ○ Neither agree nor disagree 4 ○ Somewhat disagree 5 ○ Strongly disagree 8 Skipped 9 Not Asked Response option: Somewhat disagree",0.9753448041745068,1.4821873365804747
CC20_440b,CC20_440,"99 Not Asked Page: implicit_page_CC20_440_grid CC20_440_grid DYNAMIC GRID Do you agree or disagree with the following statements? /Sexual agreement ROWS CC20_440a White people in the U.S. have certain advantages because of the color of their skin. CC20_440b Racial problems in the U.S. are rare, isolated situations. CC20_440c Women seek to gain power by getting control over men. CC20_440d Women are too easily offended. COLUMNS 1 ○ Strongly agree 2 ○ Somewhat agree 3 ○ Neither agree nor disagree 4 ○ Somewhat disagree 5 ○ Strongly disagree 8 Skipped 9 Not Asked",5,Strongly disagree,4,5,"Question: 99 Not Asked Page: implicit_page_CC20_440_grid CC20_440_grid DYNAMIC GRID Do you agree or disagree with the following statements? /Sexual agreement ROWS CC20_440a White people in the U.S. have certain advantages because of the color of their skin. CC20_440b Racial problems in the U.S. are rare, isolated situations. CC20_440c Women seek to gain power by getting control over men. CC20_440d Women are too easily offended. COLUMNS 1 ○ Strongly agree 2 ○ Somewhat agree 3 ○ Neither agree nor disagree 4 ○ Somewhat disagree 5 ○ Strongly disagree 8 Skipped 9 Not Asked Response option: Strongly disagree",0.9753448041745068,1.4821873365804747
CC20_440c,CC20_440,"Page: implicit_page_CC20_440_grid CC20_440_grid DYNAMIC GRID Do you agree or disagree with the following statements? /Sexual agreement ROWS CC20_440a White people in the U.S. have certain advantages because of the color of their skin. CC20_440b Racial problems in the U.S. are rare, isolated situations. CC20_440c Women seek to gain power by getting control over men. CC20_440d Women are too easily offended. COLUMNS 1 ○ Strongly agree 2 ○ Somewhat agree 3 ○ Neither agree nor disagree 4 ○ Somewhat disagree 5 ○ Strongly disagree 8 Skipped 9 Not Asked",1,Strongly agree,0,5,"Question: Page: implicit_page_CC20_440_grid CC20_440_grid DYNAMIC GRID Do you agree or disagree with the following statements? /Sexual agreement ROWS CC20_440a White people in the U.S. have certain advantages because of the color of their skin. CC20_440b Racial problems in the U.S. are rare, isolated situations. CC20_440c Women seek to gain power by getting control over men. CC20_440d Women are too easily offended. COLUMNS 1 ○ Strongly agree 2 ○ Somewhat agree 3 ○ Neither agree nor disagree 4 ○ Somewhat disagree 5 ○ Strongly disagree 8 Skipped 9 Not Asked Response option: Strongly agree",0.994859459564315,1.462667054432695
CC20_440c,CC20_440,"Page: implicit_page_CC20_440_grid CC20_440_grid DYNAMIC GRID Do you agree or disagree with the following statements? /Sexual agreement ROWS CC20_440a White people in the U.S. have certain advantages because of the color of their skin. CC20_440b Racial problems in the U.S. are rare, isolated situations. CC20_440c Women seek to gain power by getting control over men. CC20_440d Women are too easily offended. COLUMNS 1 ○ Strongly agree 2 ○ Somewhat agree 3 ○ Neither agree nor disagree 4 ○ Somewhat disagree 5 ○ Strongly disagree 8 Skipped 9 Not Asked",2,Somewhat agree,1,5,"Question: Page: implicit_page_CC20_440_grid CC20_440_grid DYNAMIC GRID Do you agree or disagree with the following statements? /Sexual agreement ROWS CC20_440a White people in the U.S. have certain advantages because of the color of their skin. CC20_440b Racial problems in the U.S. are rare, isolated situations. CC20_440c Women seek to gain power by getting control over men. CC20_440d Women are too easily offended. COLUMNS 1 ○ Strongly agree 2 ○ Somewhat agree 3 ○ Neither agree nor disagree 4 ○ Somewhat disagree 5 ○ Strongly disagree 8 Skipped 9 Not Asked Response option: Somewhat agree",0.994859459564315,1.462667054432695
CC20_440c,CC20_440,"Page: implicit_page_CC20_440_grid CC20_440_grid DYNAMIC GRID Do you agree or disagree with the following statements? /Sexual agreement ROWS CC20_440a White people in the U.S. have certain advantages because of the color of their skin. CC20_440b Racial problems in the U.S. are rare, isolated situations. CC20_440c Women seek to gain power by getting control over men. CC20_440d Women are too easily offended. COLUMNS 1 ○ Strongly agree 2 ○ Somewhat agree 3 ○ Neither agree nor disagree 4 ○ Somewhat disagree 5 ○ Strongly disagree 8 Skipped 9 Not Asked",3,Neither agree nor disagree,2,5,"Question: Page: implicit_page_CC20_440_grid CC20_440_grid DYNAMIC GRID Do you agree or disagree with the following statements? /Sexual agreement ROWS CC20_440a White people in the U.S. have certain advantages because of the color of their skin. CC20_440b Racial problems in the U.S. are rare, isolated situations. CC20_440c Women seek to gain power by getting control over men. CC20_440d Women are too easily offended. COLUMNS 1 ○ Strongly agree 2 ○ Somewhat agree 3 ○ Neither agree nor disagree 4 ○ Somewhat disagree 5 ○ Strongly disagree 8 Skipped 9 Not Asked Response option: Neither agree nor disagree",0.994859459564315,1.462667054432695
CC20_440c,CC20_440,"Page: implicit_page_CC20_440_grid CC20_440_grid DYNAMIC GRID Do you agree or disagree with the following statements? /Sexual agreement ROWS CC20_440a White people in the U.S. have certain advantages because of the color of their skin. CC20_440b Racial problems in the U.S. are rare, isolated situations. CC20_440c Women seek to gain power by getting control over men. CC20_440d Women are too easily offended. COLUMNS 1 ○ Strongly agree 2 ○ Somewhat agree 3 ○ Neither agree nor disagree 4 ○ Somewhat disagree 5 ○ Strongly disagree 8 Skipped 9 Not Asked",4,Somewhat disagree,3,5,"Question: Page: implicit_page_CC20_440_grid CC20_440_grid DYNAMIC GRID Do you agree or disagree with the following statements? /Sexual agreement ROWS CC20_440a White people in the U.S. have certain advantages because of the color of their skin. CC20_440b Racial problems in the U.S. are rare, isolated situations. CC20_440c Women seek to gain power by getting control over men. CC20_440d Women are too easily offended. COLUMNS 1 ○ Strongly agree 2 ○ Somewhat agree 3 ○ Neither agree nor disagree 4 ○ Somewhat disagree 5 ○ Strongly disagree 8 Skipped 9 Not Asked Response option: Somewhat disagree",0.994859459564315,1.462667054432695
CC20_440c,CC20_440,"Page: implicit_page_CC20_440_grid CC20_440_grid DYNAMIC GRID Do you agree or disagree with the following statements? /Sexual agreement ROWS CC20_440a White people in the U.S. have certain advantages because of the color of their skin. CC20_440b Racial problems in the U.S. are rare, isolated situations. CC20_440c Women seek to gain power by getting control over men. CC20_440d Women are too easily offended. COLUMNS 1 ○ Strongly agree 2 ○ Somewhat agree 3 ○ Neither agree nor disagree 4 ○ Somewhat disagree 5 ○ Strongly disagree 8 Skipped 9 Not Asked",5,Strongly disagree,4,5,"Question: Page: implicit_page_CC20_440_grid CC20_440_grid DYNAMIC GRID Do you agree or disagree with the following statements? /Sexual agreement ROWS CC20_440a White people in the U.S. have certain advantages because of the color of their skin. CC20_440b Racial problems in the U.S. are rare, isolated situations. CC20_440c Women seek to gain power by getting control over men. CC20_440d Women are too easily offended. COLUMNS 1 ○ Strongly agree 2 ○ Somewhat agree 3 ○ Neither agree nor disagree 4 ○ Somewhat disagree 5 ○ Strongly disagree 8 Skipped 9 Not Asked Response option: Strongly disagree",0.994859459564315,1.462667054432695
CC20_440d,CC20_440,"CC20_440_grid DYNAMIC GRID Do you agree or disagree with the following statements? /Sexual agreement ROWS CC20_440a White people in the U.S. have certain advantages because of the color of their skin. CC20_440b Racial problems in the U.S. are rare, isolated situations. CC20_440c Women seek to gain power by getting control over men. CC20_440d Women are too easily offended. COLUMNS 1 ○ Strongly agree 2 ○ Somewhat agree 3 ○ Neither agree nor disagree 4 ○ Somewhat disagree 5 ○ Strongly disagree 8 Skipped 9 Not Asked",1,Strongly agree,0,5,"Question: CC20_440_grid DYNAMIC GRID Do you agree or disagree with the following statements? /Sexual agreement ROWS CC20_440a White people in the U.S. have certain advantages because of the color of their skin. CC20_440b Racial problems in the U.S. are rare, isolated situations. CC20_440c Women seek to gain power by getting control over men. CC20_440d Women are too easily offended. COLUMNS 1 ○ Strongly agree 2 ○ Somewhat agree 3 ○ Neither agree nor disagree 4 ○ Somewhat disagree 5 ○ Strongly disagree 8 Skipped 9 Not Asked Response option: Strongly agree",0.9947236717037496,1.55926568647491
CC20_440d,CC20_440,"CC20_440_grid DYNAMIC GRID Do you agree or disagree with the following statements? /Sexual agreement ROWS CC20_440a White people in the U.S. have certain advantages because of the color of their skin. CC20_440b Racial problems in the U.S. are rare, isolated situations. CC20_440c Women seek to gain power by getting control over men. CC20_440d Women are too easily offended. COLUMNS 1 ○ Strongly agree 2 ○ Somewhat agree 3 ○ Neither agree nor disagree 4 ○ Somewhat disagree 5 ○ Strongly disagree 8 Skipped 9 Not Asked",2,Somewhat agree,1,5,"Question: CC20_440_grid DYNAMIC GRID Do you agree or disagree with the following statements? /Sexual agreement ROWS CC20_440a White people in the U.S. have certain advantages because of the color of their skin. CC20_440b Racial problems in the U.S. are rare, isolated situations. CC20_440c Women seek to gain power by getting control over men. CC20_440d Women are too easily offended. COLUMNS 1 ○ Strongly agree 2 ○ Somewhat agree 3 ○ Neither agree nor disagree 4 ○ Somewhat disagree 5 ○ Strongly disagree 8 Skipped 9 Not Asked Response option: Somewhat agree",0.9947236717037496,1.55926568647491
CC20_440d,CC20_440,"CC20_440_grid DYNAMIC GRID Do you agree or disagree with the following statements? /Sexual agreement ROWS CC20_440a White people in the U.S. have certain advantages because of the color of their skin. CC20_440b Racial problems in the U.S. are rare, isolated situations. CC20_440c Women seek to gain power by getting control over men. CC20_440d Women are too easily offended. COLUMNS 1 ○ Strongly agree 2 ○ Somewhat agree 3 ○ Neither agree nor disagree 4 ○ Somewhat disagree 5 ○ Strongly disagree 8 Skipped 9 Not Asked",3,Neither agree nor disagree,2,5,"Question: CC20_440_grid DYNAMIC GRID Do you agree or disagree with the following statements? /Sexual agreement ROWS CC20_440a White people in the U.S. have certain advantages because of the color of their skin. CC20_440b Racial problems in the U.S. are rare, isolated situations. CC20_440c Women seek to gain power by getting control over men. CC20_440d Women are too easily offended. COLUMNS 1 ○ Strongly agree 2 ○ Somewhat agree 3 ○ Neither agree nor disagree 4 ○ Somewhat disagree 5 ○ Strongly disagree 8 Skipped 9 Not Asked Response option: Neither agree nor disagree",0.9947236717037496,1.55926568647491
CC20_440d,CC20_440,"CC20_440_grid DYNAMIC GRID Do you agree or disagree with the following statements? /Sexual agreement ROWS CC20_440a White people in the U.S. have certain advantages because of the color of their skin. CC20_440b Racial problems in the U.S. are rare, isolated situations. CC20_440c Women seek to gain power by getting control over men. CC20_440d Women are too easily offended. COLUMNS 1 ○ Strongly agree 2 ○ Somewhat agree 3 ○ Neither agree nor disagree 4 ○ Somewhat disagree 5 ○ Strongly disagree 8 Skipped 9 Not Asked",4,Somewhat disagree,3,5,"Question: CC20_440_grid DYNAMIC GRID Do you agree or disagree with the following statements? /Sexual agreement ROWS CC20_440a White people in the U.S. have certain advantages because of the color of their skin. CC20_440b Racial problems in the U.S. are rare, isolated situations. CC20_440c Women seek to gain power by getting control over men. CC20_440d Women are too easily offended. COLUMNS 1 ○ Strongly agree 2 ○ Somewhat agree 3 ○ Neither agree nor disagree 4 ○ Somewhat disagree 5 ○ Strongly disagree 8 Skipped 9 Not Asked Response option: Somewhat disagree",0.9947236717037496,1.55926568647491
CC20_440d,CC20_440,"CC20_440_grid DYNAMIC GRID Do you agree or disagree with the following statements? /Sexual agreement ROWS CC20_440a White people in the U.S. have certain advantages because of the color of their skin. CC20_440b Racial problems in the U.S. are rare, isolated situations. CC20_440c Women seek to gain power by getting control over men. CC20_440d Women are too easily offended. COLUMNS 1 ○ Strongly agree 2 ○ Somewhat agree 3 ○ Neither agree nor disagree 4 ○ Somewhat disagree 5 ○ Strongly disagree 8 Skipped 9 Not Asked",5,Strongly disagree,4,5,"Question: CC20_440_grid DYNAMIC GRID Do you agree or disagree with the following statements? /Sexual agreement ROWS CC20_440a White people in the U.S. have certain advantages because of the color of their skin. CC20_440b Racial problems in the U.S. are rare, isolated situations. CC20_440c Women seek to gain power by getting control over men. CC20_440d Women are too easily offended. COLUMNS 1 ○ Strongly agree 2 ○ Somewhat agree 3 ○ Neither agree nor disagree 4 ○ Somewhat disagree 5 ○ Strongly disagree 8 Skipped 9 Not Asked Response option: Strongly disagree",0.9947236717037496,1.55926568647491
CC20_441a,CC20_441,"Page: implicit_page_CC20_441_grid CC20_441_grid- prompt once on skip GRID How much do you agree or disagree with the following statements? Resentment ROWS CC20_441a Irish, Italians, Jewish and many other minorities overcame prejudice and worked their way up. Blacks should do the same without any special favors. CC20_441b Generations of slavery and discrimination have created conditions that make it difficult for blacks to work their way out of the lower class. CC20_441e- Show if race != 1 I resent when Whites deny the existence of racial discrimination. CC20_441f- Show if race != 1 Whites get away with offenses that African Americans would never get away with. CC20_441g- Show if race != 1 Whites do not go to great lengths to understand the problems African Americans face. COLUMNS 1 ○ Strongly agree 2 ○ Somewhat agree",1,Strongly agree,0,5,"Question: Page: implicit_page_CC20_441_grid CC20_441_grid- prompt once on skip GRID How much do you agree or disagree with the following statements? Resentment ROWS CC20_441a Irish, Italians, Jewish and many other minorities overcame prejudice and worked their way up. Blacks should do the same without any special favors. CC20_441b Generations of slavery and discrimination have created conditions that make it difficult for blacks to work their way out of the lower class. CC20_441e- Show if race != 1 I resent when Whites deny the existence of racial discrimination. CC20_441f- Show if race != 1 Whites get away with offenses that African Americans would never get away with. CC20_441g- Show if race != 1 Whites do not go to great lengths to understand the problems African Americans face. COLUMNS 1 ○ Strongly agree 2 ○ Somewhat agree Response option: Strongly agree",0.9993210606971736,1.585283836720143
CC20_441a,CC20_441,"Page: implicit_page_CC20_441_grid CC20_441_grid- prompt once on skip GRID How much do you agree or disagree with the following statements? Resentment ROWS CC20_441a Irish, Italians, Jewish and many other minorities overcame prejudice and worked their way up. Blacks should do the same without any special favors. CC20_441b Generations of slavery and discrimination have created conditions that make it difficult for blacks to work their way out of the lower class. CC20_441e- Show if race != 1 I resent when Whites deny the existence of racial discrimination. CC20_441f- Show if race != 1 Whites get away with offenses that African Americans would never get away with. CC20_441g- Show if race != 1 Whites do not go to great lengths to understand the problems African Americans face. COLUMNS 1 ○ Strongly agree 2 ○ Somewhat agree",2,Somewhat agree,1,5,"Question: Page: implicit_page_CC20_441_grid CC20_441_grid- prompt once on skip GRID How much do you agree or disagree with the following statements? Resentment ROWS CC20_441a Irish, Italians, Jewish and many other minorities overcame prejudice and worked their way up. Blacks should do the same without any special favors. CC20_441b Generations of slavery and discrimination have created conditions that make it difficult for blacks to work their way out of the lower class. CC20_441e- Show if race != 1 I resent when Whites deny the existence of racial discrimination. CC20_441f- Show if race != 1 Whites get away with offenses that African Americans would never get away with. CC20_441g- Show if race != 1 Whites do not go to great lengths to understand the problems African Americans face. COLUMNS 1 ○ Strongly agree 2 ○ Somewhat agree Response option: Somewhat agree",0.9993210606971736,1.585283836720143
CC20_441a,CC20_441,"Page: implicit_page_CC20_441_grid CC20_441_grid- prompt once on skip GRID How much do you agree or disagree with the following statements? Resentment ROWS CC20_441a Irish, Italians, Jewish and many other minorities overcame prejudice and worked their way up. Blacks should do the same without any special favors. CC20_441b Generations of slavery and discrimination have created conditions that make it difficult for blacks to work their way out of the lower class. CC20_441e- Show if race != 1 I resent when Whites deny the existence of racial discrimination. CC20_441f- Show if race != 1 Whites get away with offenses that African Americans would never get away with. CC20_441g- Show if race != 1 Whites do not go to great lengths to understand the problems African Americans face. COLUMNS 1 ○ Strongly agree 2 ○ Somewhat agree",3,Neither agree nor disagree,2,5,"Question: Page: implicit_page_CC20_441_grid CC20_441_grid- prompt once on skip GRID How much do you agree or disagree with the following statements? Resentment ROWS CC20_441a Irish, Italians, Jewish and many other minorities overcame prejudice and worked their way up. Blacks should do the same without any special favors. CC20_441b Generations of slavery and discrimination have created conditions that make it difficult for blacks to work their way out of the lower class. CC20_441e- Show if race != 1 I resent when Whites deny the existence of racial discrimination. CC20_441f- Show if race != 1 Whites get away with offenses that African Americans would never get away with. CC20_441g- Show if race != 1 Whites do not go to great lengths to understand the problems African Americans face. COLUMNS 1 ○ Strongly agree 2 ○ Somewhat agree Response option: Neither agree nor disagree",0.9993210606971736,1.585283836720143
CC20_441a,CC20_441,"Page: implicit_page_CC20_441_grid CC20_441_grid- prompt once on skip GRID How much do you agree or disagree with the following statements? Resentment ROWS CC20_441a Irish, Italians, Jewish and many other minorities overcame prejudice and worked their way up. Blacks should do the same without any special favors. CC20_441b Generations of slavery and discrimination have created conditions that make it difficult for blacks to work their way out of the lower class. CC20_441e- Show if race != 1 I resent when Whites deny the existence of racial discrimination. CC20_441f- Show if race != 1 Whites get away with offenses that African Americans would never get away with. CC20_441g- Show if race != 1 Whites do not go to great lengths to understand the problems African Americans face. COLUMNS 1 ○ Strongly agree 2 ○ Somewhat agree",4,Somewhat disagree,3,5,"Question: Page: implicit_page_CC20_441_grid CC20_441_grid- prompt once on skip GRID How much do you agree or disagree with the following statements? Resentment ROWS CC20_441a Irish, Italians, Jewish and many other minorities overcame prejudice and worked their way up. Blacks should do the same without any special favors. CC20_441b Generations of slavery and discrimination have created conditions that make it difficult for blacks to work their way out of the lower class. CC20_441e- Show if race != 1 I resent when Whites deny the existence of racial discrimination. CC20_441f- Show if race != 1 Whites get away with offenses that African Americans would never get away with. CC20_441g- Show if race != 1 Whites do not go to great lengths to understand the problems African Americans face. COLUMNS 1 ○ Strongly agree 2 ○ Somewhat agree Response option: Somewhat disagree",0.9993210606971736,1.585283836720143
CC20_441a,CC20_441,"Page: implicit_page_CC20_441_grid CC20_441_grid- prompt once on skip GRID How much do you agree or disagree with the following statements? Resentment ROWS CC20_441a Irish, Italians, Jewish and many other minorities overcame prejudice and worked their way up. Blacks should do the same without any special favors. CC20_441b Generations of slavery and discrimination have created conditions that make it difficult for blacks to work their way out of the lower class. CC20_441e- Show if race != 1 I resent when Whites deny the existence of racial discrimination. CC20_441f- Show if race != 1 Whites get away with offenses that African Americans would never get away with. CC20_441g- Show if race != 1 Whites do not go to great lengths to understand the problems African Americans face. COLUMNS 1 ○ Strongly agree 2 ○ Somewhat agree",5,Strongly disagree,4,5,"Question: Page: implicit_page_CC20_441_grid CC20_441_grid- prompt once on skip GRID How much do you agree or disagree with the following statements? Resentment ROWS CC20_441a Irish, Italians, Jewish and many other minorities overcame prejudice and worked their way up. Blacks should do the same without any special favors. CC20_441b Generations of slavery and discrimination have created conditions that make it difficult for blacks to work their way out of the lower class. CC20_441e- Show if race != 1 I resent when Whites deny the existence of racial discrimination. CC20_441f- Show if race != 1 Whites get away with offenses that African Americans would never get away with. CC20_441g- Show if race != 1 Whites do not go to great lengths to understand the problems African Americans face. COLUMNS 1 ○ Strongly agree 2 ○ Somewhat agree Response option: Strongly disagree",0.9993210606971736,1.585283836720143
CC20_441b,CC20_441,"on skip GRID How much do you agree or disagree with the following statements? Resentment ROWS CC20_441a Irish, Italians, Jewish and many other minorities overcame prejudice and worked their way up. Blacks should do the same without any special favors. CC20_441b Generations of slavery and discrimination have created conditions that make it difficult for blacks to work their way out of the lower class. CC20_441e- Show if race != 1 I resent when Whites deny the existence of racial discrimination. CC20_441f- Show if race != 1 Whites get away with offenses that African Americans would never get away with. CC20_441g- Show if race != 1 Whites do not go to great lengths to understand the problems African Americans face. COLUMNS 1 ○ Strongly agree 2 ○ Somewhat agree 3 ○ Neither agree nor disagree 4 ○ Somewhat",1,Strongly agree,0,5,"Question: on skip GRID How much do you agree or disagree with the following statements? Resentment ROWS CC20_441a Irish, Italians, Jewish and many other minorities overcame prejudice and worked their way up. Blacks should do the same without any special favors. CC20_441b Generations of slavery and discrimination have created conditions that make it difficult for blacks to work their way out of the lower class. CC20_441e- Show if race != 1 I resent when Whites deny the existence of racial discrimination. CC20_441f- Show if race != 1 Whites get away with offenses that African Americans would never get away with. CC20_441g- Show if race != 1 Whites do not go to great lengths to understand the problems African Americans face. COLUMNS 1 ○ Strongly agree 2 ○ Somewhat agree 3 ○ Neither agree nor disagree 4 ○ Somewhat Response option: Strongly agree",0.9992240693681984,1.5585239908207842
CC20_441b,CC20_441,"on skip GRID How much do you agree or disagree with the following statements? Resentment ROWS CC20_441a Irish, Italians, Jewish and many other minorities overcame prejudice and worked their way up. Blacks should do the same without any special favors. CC20_441b Generations of slavery and discrimination have created conditions that make it difficult for blacks to work their way out of the lower class. CC20_441e- Show if race != 1 I resent when Whites deny the existence of racial discrimination. CC20_441f- Show if race != 1 Whites get away with offenses that African Americans would never get away with. CC20_441g- Show if race != 1 Whites do not go to great lengths to understand the problems African Americans face. COLUMNS 1 ○ Strongly agree 2 ○ Somewhat agree 3 ○ Neither agree nor disagree 4 ○ Somewhat",2,Somewhat agree,1,5,"Question: on skip GRID How much do you agree or disagree with the following statements? Resentment ROWS CC20_441a Irish, Italians, Jewish and many other minorities overcame prejudice and worked their way up. Blacks should do the same without any special favors. CC20_441b Generations of slavery and discrimination have created conditions that make it difficult for blacks to work their way out of the lower class. CC20_441e- Show if race != 1 I resent when Whites deny the existence of racial discrimination. CC20_441f- Show if race != 1 Whites get away with offenses that African Americans would never get away with. CC20_441g- Show if race != 1 Whites do not go to great lengths to understand the problems African Americans face. COLUMNS 1 ○ Strongly agree 2 ○ Somewhat agree 3 ○ Neither agree nor disagree 4 ○ Somewhat Response option: Somewhat agree",0.9992240693681984,1.5585239908207842
CC20_441b,CC20_441,"on skip GRID How much do you agree or disagree with the following statements? Resentment ROWS CC20_441a Irish, Italians, Jewish and many other minorities overcame prejudice and worked their way up. Blacks should do the same without any special favors. CC20_441b Generations of slavery and discrimination have created conditions that make it difficult for blacks to work their way out of the lower class. CC20_441e- Show if race != 1 I resent when Whites deny the existence of racial discrimination. CC20_441f- Show if race != 1 Whites get away with offenses that African Americans would never get away with. CC20_441g- Show if race != 1 Whites do not go to great lengths to understand the problems African Americans face. COLUMNS 1 ○ Strongly agree 2 ○ Somewhat agree 3 ○ Neither agree nor disagree 4 ○ Somewhat",3,Neither agree nor disagree,2,5,"Question: on skip GRID How much do you agree or disagree with the following statements? Resentment ROWS CC20_441a Irish, Italians, Jewish and many other minorities overcame prejudice and worked their way up. Blacks should do the same without any special favors. CC20_441b Generations of slavery and discrimination have created conditions that make it difficult for blacks to work their way out of the lower class. CC20_441e- Show if race != 1 I resent when Whites deny the existence of racial discrimination. CC20_441f- Show if race != 1 Whites get away with offenses that African Americans would never get away with. CC20_441g- Show if race != 1 Whites do not go to great lengths to understand the problems African Americans face. COLUMNS 1 ○ Strongly agree 2 ○ Somewhat agree 3 ○ Neither agree nor disagree 4 ○ Somewhat Response option: Neither agree nor disagree",0.9992240693681984,1.5585239908207842
CC20_441b,CC20_441,"on skip GRID How much do you agree or disagree with the following statements? Resentment ROWS CC20_441a Irish, Italians, Jewish and many other minorities overcame prejudice and worked their way up. Blacks should do the same without any special favors. CC20_441b Generations of slavery and discrimination have created conditions that make it difficult for blacks to work their way out of the lower class. CC20_441e- Show if race != 1 I resent when Whites deny the existence of racial discrimination. CC20_441f- Show if race != 1 Whites get away with offenses that African Americans would never get away with. CC20_441g- Show if race != 1 Whites do not go to great lengths to understand the problems African Americans face. COLUMNS 1 ○ Strongly agree 2 ○ Somewhat agree 3 ○ Neither agree nor disagree 4 ○ Somewhat",4,Somewhat disagree,3,5,"Question: on skip GRID How much do you agree or disagree with the following statements? Resentment ROWS CC20_441a Irish, Italians, Jewish and many other minorities overcame prejudice and worked their way up. Blacks should do the same without any special favors. CC20_441b Generations of slavery and discrimination have created conditions that make it difficult for blacks to work their way out of the lower class. CC20_441e- Show if race != 1 I resent when Whites deny the existence of racial discrimination. CC20_441f- Show if race != 1 Whites get away with offenses that African Americans would never get away with. CC20_441g- Show if race != 1 Whites do not go to great lengths to understand the problems African Americans face. COLUMNS 1 ○ Strongly agree 2 ○ Somewhat agree 3 ○ Neither agree nor disagree 4 ○ Somewhat Response option: Somewhat disagree",0.9992240693681984,1.5585239908207842
CC20_441b,CC20_441,"on skip GRID How much do you agree or disagree with the following statements? Resentment ROWS CC20_441a Irish, Italians, Jewish and many other minorities overcame prejudice and worked their way up. Blacks should do the same without any special favors. CC20_441b Generations of slavery and discrimination have created conditions that make it difficult for blacks to work their way out of the lower class. CC20_441e- Show if race != 1 I resent when Whites deny the existence of racial discrimination. CC20_441f- Show if race != 1 Whites get away with offenses that African Americans would never get away with. CC20_441g- Show if race != 1 Whites do not go to great lengths to understand the problems African Americans face. COLUMNS 1 ○ Strongly agree 2 ○ Somewhat agree 3 ○ Neither agree nor disagree 4 ○ Somewhat",5,Strongly disagree,4,5,"Question: on skip GRID How much do you agree or disagree with the following statements? Resentment ROWS CC20_441a Irish, Italians, Jewish and many other minorities overcame prejudice and worked their way up. Blacks should do the same without any special favors. CC20_441b Generations of slavery and discrimination have created conditions that make it difficult for blacks to work their way out of the lower class. CC20_441e- Show if race != 1 I resent when Whites deny the existence of racial discrimination. CC20_441f- Show if race != 1 Whites get away with offenses that African Americans would never get away with. CC20_441g- Show if race != 1 Whites do not go to great lengths to understand the problems African Americans face. COLUMNS 1 ○ Strongly agree 2 ○ Somewhat agree 3 ○ Neither agree nor disagree 4 ○ Somewhat Response option: Strongly disagree",0.9992240693681984,1.5585239908207842
CC20_442a,CC20_442,prompt once on skip GRID For each of the following tell us whether you support or oppose these decisions. Orders Two ROWS CC20_442a Assassination of Iranian General Qasem Soleimani CC20_442b Withdraw the United States from the Iran Nuclear Accord and reimpose sanctions on Iran CC20_442c Declare a national emergency to permit construction of border wall with Mexico CC20_442d Suspend a program that allows migrants to remain in the US while their asylum cases were being decided. CC20_442e Withdraw troops from Kurdish-controlled region of northern Syria on the border with Turkey COLUMNS 1 ○ Support 2 ○ Oppose 8 Skipped 9 Not Asked,1,Support,0,2,Question: prompt once on skip GRID For each of the following tell us whether you support or oppose these decisions. Orders Two ROWS CC20_442a Assassination of Iranian General Qasem Soleimani CC20_442b Withdraw the United States from the Iran Nuclear Accord and reimpose sanctions on Iran CC20_442c Declare a national emergency to permit construction of border wall with Mexico CC20_442d Suspend a program that allows migrants to remain in the US while their asylum cases were being decided. CC20_442e Withdraw troops from Kurdish-controlled region of northern Syria on the border with Turkey COLUMNS 1 ○ Support 2 ○ Oppose 8 Skipped 9 Not Asked Response option: Support,0.9992046711024034,0.6928555252481838
CC20_442a,CC20_442,prompt once on skip GRID For each of the following tell us whether you support or oppose these decisions. Orders Two ROWS CC20_442a Assassination of Iranian General Qasem Soleimani CC20_442b Withdraw the United States from the Iran Nuclear Accord and reimpose sanctions on Iran CC20_442c Declare a national emergency to permit construction of border wall with Mexico CC20_442d Suspend a program that allows migrants to remain in the US while their asylum cases were being decided. CC20_442e Withdraw troops from Kurdish-controlled region of northern Syria on the border with Turkey COLUMNS 1 ○ Support 2 ○ Oppose 8 Skipped 9 Not Asked,2,Oppose,1,2,Question: prompt once on skip GRID For each of the following tell us whether you support or oppose these decisions. Orders Two ROWS CC20_442a Assassination of Iranian General Qasem Soleimani CC20_442b Withdraw the United States from the Iran Nuclear Accord and reimpose sanctions on Iran CC20_442c Declare a national emergency to permit construction of border wall with Mexico CC20_442d Suspend a program that allows migrants to remain in the US while their asylum cases were being decided. CC20_442e Withdraw troops from Kurdish-controlled region of northern Syria on the border with Turkey COLUMNS 1 ○ Support 2 ○ Oppose 8 Skipped 9 Not Asked Response option: Oppose,0.9992046711024034,0.6928555252481838
CC20_442b,CC20_442,on skip GRID For each of the following tell us whether you support or oppose these decisions. Orders Two ROWS CC20_442a Assassination of Iranian General Qasem Soleimani CC20_442b Withdraw the United States from the Iran Nuclear Accord and reimpose sanctions on Iran CC20_442c Declare a national emergency to permit construction of border wall with Mexico CC20_442d Suspend a program that allows migrants to remain in the US while their asylum cases were being decided. CC20_442e Withdraw troops from Kurdish-controlled region of northern Syria on the border with Turkey COLUMNS 1 ○ Support 2 ○ Oppose 8 Skipped 9 Not Asked,1,Support,0,2,Question: on skip GRID For each of the following tell us whether you support or oppose these decisions. Orders Two ROWS CC20_442a Assassination of Iranian General Qasem Soleimani CC20_442b Withdraw the United States from the Iran Nuclear Accord and reimpose sanctions on Iran CC20_442c Declare a national emergency to permit construction of border wall with Mexico CC20_442d Suspend a program that allows migrants to remain in the US while their asylum cases were being decided. CC20_442e Withdraw troops from Kurdish-controlled region of northern Syria on the border with Turkey COLUMNS 1 ○ Support 2 ○ Oppose 8 Skipped 9 Not Asked Response option: Support,0.999515043355124,0.6929550538665693
CC20_442b,CC20_442,on skip GRID For each of the following tell us whether you support or oppose these decisions. Orders Two ROWS CC20_442a Assassination of Iranian General Qasem Soleimani CC20_442b Withdraw the United States from the Iran Nuclear Accord and reimpose sanctions on Iran CC20_442c Declare a national emergency to permit construction of border wall with Mexico CC20_442d Suspend a program that allows migrants to remain in the US while their asylum cases were being decided. CC20_442e Withdraw troops from Kurdish-controlled region of northern Syria on the border with Turkey COLUMNS 1 ○ Support 2 ○ Oppose 8 Skipped 9 Not Asked,2,Oppose,1,2,Question: on skip GRID For each of the following tell us whether you support or oppose these decisions. Orders Two ROWS CC20_442a Assassination of Iranian General Qasem Soleimani CC20_442b Withdraw the United States from the Iran Nuclear Accord and reimpose sanctions on Iran CC20_442c Declare a national emergency to permit construction of border wall with Mexico CC20_442d Suspend a program that allows migrants to remain in the US while their asylum cases were being decided. CC20_442e Withdraw troops from Kurdish-controlled region of northern Syria on the border with Turkey COLUMNS 1 ○ Support 2 ○ Oppose 8 Skipped 9 Not Asked Response option: Oppose,0.999515043355124,0.6929550538665693
CC20_442c,CC20_442,Orders Two ROWS CC20_442a Assassination of Iranian General Qasem Soleimani CC20_442b Withdraw the United States from the Iran Nuclear Accord and reimpose sanctions on Iran CC20_442c Declare a national emergency to permit construction of border wall with Mexico CC20_442d Suspend a program that allows migrants to remain in the US while their asylum cases were being decided. CC20_442e Withdraw troops from Kurdish-controlled region of northern Syria on the border with Turkey COLUMNS 1 ○ Support 2 ○ Oppose 8 Skipped 9 Not Asked,1,Support,0,2,Question: Orders Two ROWS CC20_442a Assassination of Iranian General Qasem Soleimani CC20_442b Withdraw the United States from the Iran Nuclear Accord and reimpose sanctions on Iran CC20_442c Declare a national emergency to permit construction of border wall with Mexico CC20_442d Suspend a program that allows migrants to remain in the US while their asylum cases were being decided. CC20_442e Withdraw troops from Kurdish-controlled region of northern Syria on the border with Turkey COLUMNS 1 ○ Support 2 ○ Oppose 8 Skipped 9 Not Asked Response option: Support,0.9998060173420495,0.6468518993207031
CC20_442c,CC20_442,Orders Two ROWS CC20_442a Assassination of Iranian General Qasem Soleimani CC20_442b Withdraw the United States from the Iran Nuclear Accord and reimpose sanctions on Iran CC20_442c Declare a national emergency to permit construction of border wall with Mexico CC20_442d Suspend a program that allows migrants to remain in the US while their asylum cases were being decided. CC20_442e Withdraw troops from Kurdish-controlled region of northern Syria on the border with Turkey COLUMNS 1 ○ Support 2 ○ Oppose 8 Skipped 9 Not Asked,2,Oppose,1,2,Question: Orders Two ROWS CC20_442a Assassination of Iranian General Qasem Soleimani CC20_442b Withdraw the United States from the Iran Nuclear Accord and reimpose sanctions on Iran CC20_442c Declare a national emergency to permit construction of border wall with Mexico CC20_442d Suspend a program that allows migrants to remain in the US while their asylum cases were being decided. CC20_442e Withdraw troops from Kurdish-controlled region of northern Syria on the border with Turkey COLUMNS 1 ○ Support 2 ○ Oppose 8 Skipped 9 Not Asked Response option: Oppose,0.9998060173420495,0.6468518993207031
CC20_442d,CC20_442,ROWS CC20_442a Assassination of Iranian General Qasem Soleimani CC20_442b Withdraw the United States from the Iran Nuclear Accord and reimpose sanctions on Iran CC20_442c Declare a national emergency to permit construction of border wall with Mexico CC20_442d Suspend a program that allows migrants to remain in the US while their asylum cases were being decided. CC20_442e Withdraw troops from Kurdish-controlled region of northern Syria on the border with Turkey COLUMNS 1 ○ Support 2 ○ Oppose 8 Skipped 9 Not Asked,1,Support,0,2,Question: ROWS CC20_442a Assassination of Iranian General Qasem Soleimani CC20_442b Withdraw the United States from the Iran Nuclear Accord and reimpose sanctions on Iran CC20_442c Declare a national emergency to permit construction of border wall with Mexico CC20_442d Suspend a program that allows migrants to remain in the US while their asylum cases were being decided. CC20_442e Withdraw troops from Kurdish-controlled region of northern Syria on the border with Turkey COLUMNS 1 ○ Support 2 ○ Oppose 8 Skipped 9 Not Asked Response option: Support,0.9998060173420495,0.6648228101268275
CC20_442d,CC20_442,ROWS CC20_442a Assassination of Iranian General Qasem Soleimani CC20_442b Withdraw the United States from the Iran Nuclear Accord and reimpose sanctions on Iran CC20_442c Declare a national emergency to permit construction of border wall with Mexico CC20_442d Suspend a program that allows migrants to remain in the US while their asylum cases were being decided. CC20_442e Withdraw troops from Kurdish-controlled region of northern Syria on the border with Turkey COLUMNS 1 ○ Support 2 ○ Oppose 8 Skipped 9 Not Asked,2,Oppose,1,2,Question: ROWS CC20_442a Assassination of Iranian General Qasem Soleimani CC20_442b Withdraw the United States from the Iran Nuclear Accord and reimpose sanctions on Iran CC20_442c Declare a national emergency to permit construction of border wall with Mexico CC20_442d Suspend a program that allows migrants to remain in the US while their asylum cases were being decided. CC20_442e Withdraw troops from Kurdish-controlled region of northern Syria on the border with Turkey COLUMNS 1 ○ Support 2 ○ Oppose 8 Skipped 9 Not Asked Response option: Oppose,0.9998060173420495,0.6648228101268275
CC20_442e,CC20_442,ROWS CC20_442a Assassination of Iranian General Qasem Soleimani CC20_442b Withdraw the United States from the Iran Nuclear Accord and reimpose sanctions on Iran CC20_442c Declare a national emergency to permit construction of border wall with Mexico CC20_442d Suspend a program that allows migrants to remain in the US while their asylum cases were being decided. CC20_442e Withdraw troops from Kurdish-controlled region of northern Syria on the border with Turkey COLUMNS 1 ○ Support 2 ○ Oppose 8 Skipped 9 Not Asked,1,Support,0,2,Question: ROWS CC20_442a Assassination of Iranian General Qasem Soleimani CC20_442b Withdraw the United States from the Iran Nuclear Accord and reimpose sanctions on Iran CC20_442c Declare a national emergency to permit construction of border wall with Mexico CC20_442d Suspend a program that allows migrants to remain in the US while their asylum cases were being decided. CC20_442e Withdraw troops from Kurdish-controlled region of northern Syria on the border with Turkey COLUMNS 1 ○ Support 2 ○ Oppose 8 Skipped 9 Not Asked Response option: Support,0.9992434676339936,0.693130670867145
CC20_442e,CC20_442,ROWS CC20_442a Assassination of Iranian General Qasem Soleimani CC20_442b Withdraw the United States from the Iran Nuclear Accord and reimpose sanctions on Iran CC20_442c Declare a national emergency to permit construction of border wall with Mexico CC20_442d Suspend a program that allows migrants to remain in the US while their asylum cases were being decided. CC20_442e Withdraw troops from Kurdish-controlled region of northern Syria on the border with Turkey COLUMNS 1 ○ Support 2 ○ Oppose 8 Skipped 9 Not Asked,2,Oppose,1,2,Question: ROWS CC20_442a Assassination of Iranian General Qasem Soleimani CC20_442b Withdraw the United States from the Iran Nuclear Accord and reimpose sanctions on Iran CC20_442c Declare a national emergency to permit construction of border wall with Mexico CC20_442d Suspend a program that allows migrants to remain in the US while their asylum cases were being decided. CC20_442e Withdraw troops from Kurdish-controlled region of northern Syria on the border with Turkey COLUMNS 1 ○ Support 2 ○ Oppose 8 Skipped 9 Not Asked Response option: Oppose,0.9992434676339936,0.693130670867145
CC20_443_1,CC20_443,CC20_443- prompt once on skip GRID State legislatures must make choices when making spending decisions on important state programs. How would you like your legislature to spend money on each of the five areas below? legislature spending ROWS CC20_443_1 Welfare CC20_443_2 Health Care CC20_443_3 Education CC20_443_4 Law Enforcement CC20_443_5 Transportation/Infrastructure COLUMNS 1 ○ Greatly increase 2 ○ Slightly increase 3 ○ Maintain 4 ○ Slightly decrease 5 ○ Greatly decrease 8 Skipped 9 Not Asked,1,Greatly increase,0,5,Question: CC20_443- prompt once on skip GRID State legislatures must make choices when making spending decisions on important state programs. How would you like your legislature to spend money on each of the five areas below? legislature spending ROWS CC20_443_1 Welfare CC20_443_2 Health Care CC20_443_3 Education CC20_443_4 Law Enforcement CC20_443_5 Transportation/Infrastructure COLUMNS 1 ○ Greatly increase 2 ○ Slightly increase 3 ○ Maintain 4 ○ Slightly decrease 5 ○ Greatly decrease 8 Skipped 9 Not Asked Response option: Greatly increase,0.99992240693682,1.5111884701580929
CC20_443_1,CC20_443,CC20_443- prompt once on skip GRID State legislatures must make choices when making spending decisions on important state programs. How would you like your legislature to spend money on each of the five areas below? legislature spending ROWS CC20_443_1 Welfare CC20_443_2 Health Care CC20_443_3 Education CC20_443_4 Law Enforcement CC20_443_5 Transportation/Infrastructure COLUMNS 1 ○ Greatly increase 2 ○ Slightly increase 3 ○ Maintain 4 ○ Slightly decrease 5 ○ Greatly decrease 8 Skipped 9 Not Asked,2,Slightly increase,1,5,Question: CC20_443- prompt once on skip GRID State legislatures must make choices when making spending decisions on important state programs. How would you like your legislature to spend money on each of the five areas below? legislature spending ROWS CC20_443_1 Welfare CC20_443_2 Health Care CC20_443_3 Education CC20_443_4 Law Enforcement CC20_443_5 Transportation/Infrastructure COLUMNS 1 ○ Greatly increase 2 ○ Slightly increase 3 ○ Maintain 4 ○ Slightly decrease 5 ○ Greatly decrease 8 Skipped 9 Not Asked Response option: Slightly increase,0.99992240693682,1.5111884701580929
CC20_443_1,CC20_443,CC20_443- prompt once on skip GRID State legislatures must make choices when making spending decisions on important state programs. How would you like your legislature to spend money on each of the five areas below? legislature spending ROWS CC20_443_1 Welfare CC20_443_2 Health Care CC20_443_3 Education CC20_443_4 Law Enforcement CC20_443_5 Transportation/Infrastructure COLUMNS 1 ○ Greatly increase 2 ○ Slightly increase 3 ○ Maintain 4 ○ Slightly decrease 5 ○ Greatly decrease 8 Skipped 9 Not Asked,3,Maintain,2,5,Question: CC20_443- prompt once on skip GRID State legislatures must make choices when making spending decisions on important state programs. How would you like your legislature to spend money on each of the five areas below? legislature spending ROWS CC20_443_1 Welfare CC20_443_2 Health Care CC20_443_3 Education CC20_443_4 Law Enforcement CC20_443_5 Transportation/Infrastructure COLUMNS 1 ○ Greatly increase 2 ○ Slightly increase 3 ○ Maintain 4 ○ Slightly decrease 5 ○ Greatly decrease 8 Skipped 9 Not Asked Response option: Maintain,0.99992240693682,1.5111884701580929
CC20_443_1,CC20_443,CC20_443- prompt once on skip GRID State legislatures must make choices when making spending decisions on important state programs. How would you like your legislature to spend money on each of the five areas below? legislature spending ROWS CC20_443_1 Welfare CC20_443_2 Health Care CC20_443_3 Education CC20_443_4 Law Enforcement CC20_443_5 Transportation/Infrastructure COLUMNS 1 ○ Greatly increase 2 ○ Slightly increase 3 ○ Maintain 4 ○ Slightly decrease 5 ○ Greatly decrease 8 Skipped 9 Not Asked,4,Slightly decrease,3,5,Question: CC20_443- prompt once on skip GRID State legislatures must make choices when making spending decisions on important state programs. How would you like your legislature to spend money on each of the five areas below? legislature spending ROWS CC20_443_1 Welfare CC20_443_2 Health Care CC20_443_3 Education CC20_443_4 Law Enforcement CC20_443_5 Transportation/Infrastructure COLUMNS 1 ○ Greatly increase 2 ○ Slightly increase 3 ○ Maintain 4 ○ Slightly decrease 5 ○ Greatly decrease 8 Skipped 9 Not Asked Response option: Slightly decrease,0.99992240693682,1.5111884701580929
CC20_443_1,CC20_443,CC20_443- prompt once on skip GRID State legislatures must make choices when making spending decisions on important state programs. How would you like your legislature to spend money on each of the five areas below? legislature spending ROWS CC20_443_1 Welfare CC20_443_2 Health Care CC20_443_3 Education CC20_443_4 Law Enforcement CC20_443_5 Transportation/Infrastructure COLUMNS 1 ○ Greatly increase 2 ○ Slightly increase 3 ○ Maintain 4 ○ Slightly decrease 5 ○ Greatly decrease 8 Skipped 9 Not Asked,5,Greatly decrease,4,5,Question: CC20_443- prompt once on skip GRID State legislatures must make choices when making spending decisions on important state programs. How would you like your legislature to spend money on each of the five areas below? legislature spending ROWS CC20_443_1 Welfare CC20_443_2 Health Care CC20_443_3 Education CC20_443_4 Law Enforcement CC20_443_5 Transportation/Infrastructure COLUMNS 1 ○ Greatly increase 2 ○ Slightly increase 3 ○ Maintain 4 ○ Slightly decrease 5 ○ Greatly decrease 8 Skipped 9 Not Asked Response option: Greatly decrease,0.99992240693682,1.5111884701580929
CC20_443_2,CC20_443,CC20_443- prompt once on skip GRID State legislatures must make choices when making spending decisions on important state programs. How would you like your legislature to spend money on each of the five areas below? legislature spending ROWS CC20_443_1 Welfare CC20_443_2 Health Care CC20_443_3 Education CC20_443_4 Law Enforcement CC20_443_5 Transportation/Infrastructure COLUMNS 1 ○ Greatly increase 2 ○ Slightly increase 3 ○ Maintain 4 ○ Slightly decrease 5 ○ Greatly decrease 8 Skipped 9 Not Asked,1,Greatly increase,0,5,Question: CC20_443- prompt once on skip GRID State legislatures must make choices when making spending decisions on important state programs. How would you like your legislature to spend money on each of the five areas below? legislature spending ROWS CC20_443_1 Welfare CC20_443_2 Health Care CC20_443_3 Education CC20_443_4 Law Enforcement CC20_443_5 Transportation/Infrastructure COLUMNS 1 ○ Greatly increase 2 ○ Slightly increase 3 ○ Maintain 4 ○ Slightly decrease 5 ○ Greatly decrease 8 Skipped 9 Not Asked Response option: Greatly increase,0.99992240693682,1.310291022073197
CC20_443_2,CC20_443,CC20_443- prompt once on skip GRID State legislatures must make choices when making spending decisions on important state programs. How would you like your legislature to spend money on each of the five areas below? legislature spending ROWS CC20_443_1 Welfare CC20_443_2 Health Care CC20_443_3 Education CC20_443_4 Law Enforcement CC20_443_5 Transportation/Infrastructure COLUMNS 1 ○ Greatly increase 2 ○ Slightly increase 3 ○ Maintain 4 ○ Slightly decrease 5 ○ Greatly decrease 8 Skipped 9 Not Asked,2,Slightly increase,1,5,Question: CC20_443- prompt once on skip GRID State legislatures must make choices when making spending decisions on important state programs. How would you like your legislature to spend money on each of the five areas below? legislature spending ROWS CC20_443_1 Welfare CC20_443_2 Health Care CC20_443_3 Education CC20_443_4 Law Enforcement CC20_443_5 Transportation/Infrastructure COLUMNS 1 ○ Greatly increase 2 ○ Slightly increase 3 ○ Maintain 4 ○ Slightly decrease 5 ○ Greatly decrease 8 Skipped 9 Not Asked Response option: Slightly increase,0.99992240693682,1.310291022073197
CC20_443_2,CC20_443,CC20_443- prompt once on skip GRID State legislatures must make choices when making spending decisions on important state programs. How would you like your legislature to spend money on each of the five areas below? legislature spending ROWS CC20_443_1 Welfare CC20_443_2 Health Care CC20_443_3 Education CC20_443_4 Law Enforcement CC20_443_5 Transportation/Infrastructure COLUMNS 1 ○ Greatly increase 2 ○ Slightly increase 3 ○ Maintain 4 ○ Slightly decrease 5 ○ Greatly decrease 8 Skipped 9 Not Asked,3,Maintain,2,5,Question: CC20_443- prompt once on skip GRID State legislatures must make choices when making spending decisions on important state programs. How would you like your legislature to spend money on each of the five areas below? legislature spending ROWS CC20_443_1 Welfare CC20_443_2 Health Care CC20_443_3 Education CC20_443_4 Law Enforcement CC20_443_5 Transportation/Infrastructure COLUMNS 1 ○ Greatly increase 2 ○ Slightly increase 3 ○ Maintain 4 ○ Slightly decrease 5 ○ Greatly decrease 8 Skipped 9 Not Asked Response option: Maintain,0.99992240693682,1.310291022073197
CC20_443_2,CC20_443,CC20_443- prompt once on skip GRID State legislatures must make choices when making spending decisions on important state programs. How would you like your legislature to spend money on each of the five areas below? legislature spending ROWS CC20_443_1 Welfare CC20_443_2 Health Care CC20_443_3 Education CC20_443_4 Law Enforcement CC20_443_5 Transportation/Infrastructure COLUMNS 1 ○ Greatly increase 2 ○ Slightly increase 3 ○ Maintain 4 ○ Slightly decrease 5 ○ Greatly decrease 8 Skipped 9 Not Asked,4,Slightly decrease,3,5,Question: CC20_443- prompt once on skip GRID State legislatures must make choices when making spending decisions on important state programs. How would you like your legislature to spend money on each of the five areas below? legislature spending ROWS CC20_443_1 Welfare CC20_443_2 Health Care CC20_443_3 Education CC20_443_4 Law Enforcement CC20_443_5 Transportation/Infrastructure COLUMNS 1 ○ Greatly increase 2 ○ Slightly increase 3 ○ Maintain 4 ○ Slightly decrease 5 ○ Greatly decrease 8 Skipped 9 Not Asked Response option: Slightly decrease,0.99992240693682,1.310291022073197
CC20_443_2,CC20_443,CC20_443- prompt once on skip GRID State legislatures must make choices when making spending decisions on important state programs. How would you like your legislature to spend money on each of the five areas below? legislature spending ROWS CC20_443_1 Welfare CC20_443_2 Health Care CC20_443_3 Education CC20_443_4 Law Enforcement CC20_443_5 Transportation/Infrastructure COLUMNS 1 ○ Greatly increase 2 ○ Slightly increase 3 ○ Maintain 4 ○ Slightly decrease 5 ○ Greatly decrease 8 Skipped 9 Not Asked,5,Greatly decrease,4,5,Question: CC20_443- prompt once on skip GRID State legislatures must make choices when making spending decisions on important state programs. How would you like your legislature to spend money on each of the five areas below? legislature spending ROWS CC20_443_1 Welfare CC20_443_2 Health Care CC20_443_3 Education CC20_443_4 Law Enforcement CC20_443_5 Transportation/Infrastructure COLUMNS 1 ○ Greatly increase 2 ○ Slightly increase 3 ○ Maintain 4 ○ Slightly decrease 5 ○ Greatly decrease 8 Skipped 9 Not Asked Response option: Greatly decrease,0.99992240693682,1.310291022073197
CC20_443_3,CC20_443,CC20_443- prompt once on skip GRID State legislatures must make choices when making spending decisions on important state programs. How would you like your legislature to spend money on each of the five areas below? legislature spending ROWS CC20_443_1 Welfare CC20_443_2 Health Care CC20_443_3 Education CC20_443_4 Law Enforcement CC20_443_5 Transportation/Infrastructure COLUMNS 1 ○ Greatly increase 2 ○ Slightly increase 3 ○ Maintain 4 ○ Slightly decrease 5 ○ Greatly decrease 8 Skipped 9 Not Asked,1,Greatly increase,0,5,Question: CC20_443- prompt once on skip GRID State legislatures must make choices when making spending decisions on important state programs. How would you like your legislature to spend money on each of the five areas below? legislature spending ROWS CC20_443_1 Welfare CC20_443_2 Health Care CC20_443_3 Education CC20_443_4 Law Enforcement CC20_443_5 Transportation/Infrastructure COLUMNS 1 ○ Greatly increase 2 ○ Slightly increase 3 ○ Maintain 4 ○ Slightly decrease 5 ○ Greatly decrease 8 Skipped 9 Not Asked Response option: Greatly increase,0.9999030086710248,1.320827089725514
CC20_443_3,CC20_443,CC20_443- prompt once on skip GRID State legislatures must make choices when making spending decisions on important state programs. How would you like your legislature to spend money on each of the five areas below? legislature spending ROWS CC20_443_1 Welfare CC20_443_2 Health Care CC20_443_3 Education CC20_443_4 Law Enforcement CC20_443_5 Transportation/Infrastructure COLUMNS 1 ○ Greatly increase 2 ○ Slightly increase 3 ○ Maintain 4 ○ Slightly decrease 5 ○ Greatly decrease 8 Skipped 9 Not Asked,2,Slightly increase,1,5,Question: CC20_443- prompt once on skip GRID State legislatures must make choices when making spending decisions on important state programs. How would you like your legislature to spend money on each of the five areas below? legislature spending ROWS CC20_443_1 Welfare CC20_443_2 Health Care CC20_443_3 Education CC20_443_4 Law Enforcement CC20_443_5 Transportation/Infrastructure COLUMNS 1 ○ Greatly increase 2 ○ Slightly increase 3 ○ Maintain 4 ○ Slightly decrease 5 ○ Greatly decrease 8 Skipped 9 Not Asked Response option: Slightly increase,0.9999030086710248,1.320827089725514
CC20_443_3,CC20_443,CC20_443- prompt once on skip GRID State legislatures must make choices when making spending decisions on important state programs. How would you like your legislature to spend money on each of the five areas below? legislature spending ROWS CC20_443_1 Welfare CC20_443_2 Health Care CC20_443_3 Education CC20_443_4 Law Enforcement CC20_443_5 Transportation/Infrastructure COLUMNS 1 ○ Greatly increase 2 ○ Slightly increase 3 ○ Maintain 4 ○ Slightly decrease 5 ○ Greatly decrease 8 Skipped 9 Not Asked,3,Maintain,2,5,Question: CC20_443- prompt once on skip GRID State legislatures must make choices when making spending decisions on important state programs. How would you like your legislature to spend money on each of the five areas below? legislature spending ROWS CC20_443_1 Welfare CC20_443_2 Health Care CC20_443_3 Education CC20_443_4 Law Enforcement CC20_443_5 Transportation/Infrastructure COLUMNS 1 ○ Greatly increase 2 ○ Slightly increase 3 ○ Maintain 4 ○ Slightly decrease 5 ○ Greatly decrease 8 Skipped 9 Not Asked Response option: Maintain,0.9999030086710248,1.320827089725514
CC20_443_3,CC20_443,CC20_443- prompt once on skip GRID State legislatures must make choices when making spending decisions on important state programs. How would you like your legislature to spend money on each of the five areas below? legislature spending ROWS CC20_443_1 Welfare CC20_443_2 Health Care CC20_443_3 Education CC20_443_4 Law Enforcement CC20_443_5 Transportation/Infrastructure COLUMNS 1 ○ Greatly increase 2 ○ Slightly increase 3 ○ Maintain 4 ○ Slightly decrease 5 ○ Greatly decrease 8 Skipped 9 Not Asked,4,Slightly decrease,3,5,Question: CC20_443- prompt once on skip GRID State legislatures must make choices when making spending decisions on important state programs. How would you like your legislature to spend money on each of the five areas below? legislature spending ROWS CC20_443_1 Welfare CC20_443_2 Health Care CC20_443_3 Education CC20_443_4 Law Enforcement CC20_443_5 Transportation/Infrastructure COLUMNS 1 ○ Greatly increase 2 ○ Slightly increase 3 ○ Maintain 4 ○ Slightly decrease 5 ○ Greatly decrease 8 Skipped 9 Not Asked Response option: Slightly decrease,0.9999030086710248,1.320827089725514
CC20_443_3,CC20_443,CC20_443- prompt once on skip GRID State legislatures must make choices when making spending decisions on important state programs. How would you like your legislature to spend money on each of the five areas below? legislature spending ROWS CC20_443_1 Welfare CC20_443_2 Health Care CC20_443_3 Education CC20_443_4 Law Enforcement CC20_443_5 Transportation/Infrastructure COLUMNS 1 ○ Greatly increase 2 ○ Slightly increase 3 ○ Maintain 4 ○ Slightly decrease 5 ○ Greatly decrease 8 Skipped 9 Not Asked,5,Greatly decrease,4,5,Question: CC20_443- prompt once on skip GRID State legislatures must make choices when making spending decisions on important state programs. How would you like your legislature to spend money on each of the five areas below? legislature spending ROWS CC20_443_1 Welfare CC20_443_2 Health Care CC20_443_3 Education CC20_443_4 Law Enforcement CC20_443_5 Transportation/Infrastructure COLUMNS 1 ○ Greatly increase 2 ○ Slightly increase 3 ○ Maintain 4 ○ Slightly decrease 5 ○ Greatly decrease 8 Skipped 9 Not Asked Response option: Greatly decrease,0.9999030086710248,1.320827089725514
CC20_443_4,CC20_443,CC20_443- prompt once on skip GRID State legislatures must make choices when making spending decisions on important state programs. How would you like your legislature to spend money on each of the five areas below? legislature spending ROWS CC20_443_1 Welfare CC20_443_2 Health Care CC20_443_3 Education CC20_443_4 Law Enforcement CC20_443_5 Transportation/Infrastructure COLUMNS 1 ○ Greatly increase 2 ○ Slightly increase 3 ○ Maintain 4 ○ Slightly decrease 5 ○ Greatly decrease 8 Skipped 9 Not Asked,1,Greatly increase,0,5,Question: CC20_443- prompt once on skip GRID State legislatures must make choices when making spending decisions on important state programs. How would you like your legislature to spend money on each of the five areas below? legislature spending ROWS CC20_443_1 Welfare CC20_443_2 Health Care CC20_443_3 Education CC20_443_4 Law Enforcement CC20_443_5 Transportation/Infrastructure COLUMNS 1 ○ Greatly increase 2 ○ Slightly increase 3 ○ Maintain 4 ○ Slightly decrease 5 ○ Greatly decrease 8 Skipped 9 Not Asked Response option: Greatly increase,0.99992240693682,1.5280875028142706
CC20_443_4,CC20_443,CC20_443- prompt once on skip GRID State legislatures must make choices when making spending decisions on important state programs. How would you like your legislature to spend money on each of the five areas below? legislature spending ROWS CC20_443_1 Welfare CC20_443_2 Health Care CC20_443_3 Education CC20_443_4 Law Enforcement CC20_443_5 Transportation/Infrastructure COLUMNS 1 ○ Greatly increase 2 ○ Slightly increase 3 ○ Maintain 4 ○ Slightly decrease 5 ○ Greatly decrease 8 Skipped 9 Not Asked,2,Slightly increase,1,5,Question: CC20_443- prompt once on skip GRID State legislatures must make choices when making spending decisions on important state programs. How would you like your legislature to spend money on each of the five areas below? legislature spending ROWS CC20_443_1 Welfare CC20_443_2 Health Care CC20_443_3 Education CC20_443_4 Law Enforcement CC20_443_5 Transportation/Infrastructure COLUMNS 1 ○ Greatly increase 2 ○ Slightly increase 3 ○ Maintain 4 ○ Slightly decrease 5 ○ Greatly decrease 8 Skipped 9 Not Asked Response option: Slightly increase,0.99992240693682,1.5280875028142706
CC20_443_4,CC20_443,CC20_443- prompt once on skip GRID State legislatures must make choices when making spending decisions on important state programs. How would you like your legislature to spend money on each of the five areas below? legislature spending ROWS CC20_443_1 Welfare CC20_443_2 Health Care CC20_443_3 Education CC20_443_4 Law Enforcement CC20_443_5 Transportation/Infrastructure COLUMNS 1 ○ Greatly increase 2 ○ Slightly increase 3 ○ Maintain 4 ○ Slightly decrease 5 ○ Greatly decrease 8 Skipped 9 Not Asked,3,Maintain,2,5,Question: CC20_443- prompt once on skip GRID State legislatures must make choices when making spending decisions on important state programs. How would you like your legislature to spend money on each of the five areas below? legislature spending ROWS CC20_443_1 Welfare CC20_443_2 Health Care CC20_443_3 Education CC20_443_4 Law Enforcement CC20_443_5 Transportation/Infrastructure COLUMNS 1 ○ Greatly increase 2 ○ Slightly increase 3 ○ Maintain 4 ○ Slightly decrease 5 ○ Greatly decrease 8 Skipped 9 Not Asked Response option: Maintain,0.99992240693682,1.5280875028142706
CC20_443_4,CC20_443,CC20_443- prompt once on skip GRID State legislatures must make choices when making spending decisions on important state programs. How would you like your legislature to spend money on each of the five areas below? legislature spending ROWS CC20_443_1 Welfare CC20_443_2 Health Care CC20_443_3 Education CC20_443_4 Law Enforcement CC20_443_5 Transportation/Infrastructure COLUMNS 1 ○ Greatly increase 2 ○ Slightly increase 3 ○ Maintain 4 ○ Slightly decrease 5 ○ Greatly decrease 8 Skipped 9 Not Asked,4,Slightly decrease,3,5,Question: CC20_443- prompt once on skip GRID State legislatures must make choices when making spending decisions on important state programs. How would you like your legislature to spend money on each of the five areas below? legislature spending ROWS CC20_443_1 Welfare CC20_443_2 Health Care CC20_443_3 Education CC20_443_4 Law Enforcement CC20_443_5 Transportation/Infrastructure COLUMNS 1 ○ Greatly increase 2 ○ Slightly increase 3 ○ Maintain 4 ○ Slightly decrease 5 ○ Greatly decrease 8 Skipped 9 Not Asked Response option: Slightly decrease,0.99992240693682,1.5280875028142706
CC20_443_4,CC20_443,CC20_443- prompt once on skip GRID State legislatures must make choices when making spending decisions on important state programs. How would you like your legislature to spend money on each of the five areas below? legislature spending ROWS CC20_443_1 Welfare CC20_443_2 Health Care CC20_443_3 Education CC20_443_4 Law Enforcement CC20_443_5 Transportation/Infrastructure COLUMNS 1 ○ Greatly increase 2 ○ Slightly increase 3 ○ Maintain 4 ○ Slightly decrease 5 ○ Greatly decrease 8 Skipped 9 Not Asked,5,Greatly decrease,4,5,Question: CC20_443- prompt once on skip GRID State legislatures must make choices when making spending decisions on important state programs. How would you like your legislature to spend money on each of the five areas below? legislature spending ROWS CC20_443_1 Welfare CC20_443_2 Health Care CC20_443_3 Education CC20_443_4 Law Enforcement CC20_443_5 Transportation/Infrastructure COLUMNS 1 ○ Greatly increase 2 ○ Slightly increase 3 ○ Maintain 4 ○ Slightly decrease 5 ○ Greatly decrease 8 Skipped 9 Not Asked Response option: Greatly decrease,0.99992240693682,1.5280875028142706
CC20_443_5,CC20_443,CC20_443- prompt once on skip GRID State legislatures must make choices when making spending decisions on important state programs. How would you like your legislature to spend money on each of the five areas below? legislature spending ROWS CC20_443_1 Welfare CC20_443_2 Health Care CC20_443_3 Education CC20_443_4 Law Enforcement CC20_443_5 Transportation/Infrastructure COLUMNS 1 ○ Greatly increase 2 ○ Slightly increase 3 ○ Maintain 4 ○ Slightly decrease 5 ○ Greatly decrease 8 Skipped 9 Not Asked,1,Greatly increase,0,5,Question: CC20_443- prompt once on skip GRID State legislatures must make choices when making spending decisions on important state programs. How would you like your legislature to spend money on each of the five areas below? legislature spending ROWS CC20_443_1 Welfare CC20_443_2 Health Care CC20_443_3 Education CC20_443_4 Law Enforcement CC20_443_5 Transportation/Infrastructure COLUMNS 1 ○ Greatly increase 2 ○ Slightly increase 3 ○ Maintain 4 ○ Slightly decrease 5 ○ Greatly decrease 8 Skipped 9 Not Asked Response option: Greatly increase,0.9997284242788694,1.2656084558892589
CC20_443_5,CC20_443,CC20_443- prompt once on skip GRID State legislatures must make choices when making spending decisions on important state programs. How would you like your legislature to spend money on each of the five areas below? legislature spending ROWS CC20_443_1 Welfare CC20_443_2 Health Care CC20_443_3 Education CC20_443_4 Law Enforcement CC20_443_5 Transportation/Infrastructure COLUMNS 1 ○ Greatly increase 2 ○ Slightly increase 3 ○ Maintain 4 ○ Slightly decrease 5 ○ Greatly decrease 8 Skipped 9 Not Asked,2,Slightly increase,1,5,Question: CC20_443- prompt once on skip GRID State legislatures must make choices when making spending decisions on important state programs. How would you like your legislature to spend money on each of the five areas below? legislature spending ROWS CC20_443_1 Welfare CC20_443_2 Health Care CC20_443_3 Education CC20_443_4 Law Enforcement CC20_443_5 Transportation/Infrastructure COLUMNS 1 ○ Greatly increase 2 ○ Slightly increase 3 ○ Maintain 4 ○ Slightly decrease 5 ○ Greatly decrease 8 Skipped 9 Not Asked Response option: Slightly increase,0.9997284242788694,1.2656084558892589
CC20_443_5,CC20_443,CC20_443- prompt once on skip GRID State legislatures must make choices when making spending decisions on important state programs. How would you like your legislature to spend money on each of the five areas below? legislature spending ROWS CC20_443_1 Welfare CC20_443_2 Health Care CC20_443_3 Education CC20_443_4 Law Enforcement CC20_443_5 Transportation/Infrastructure COLUMNS 1 ○ Greatly increase 2 ○ Slightly increase 3 ○ Maintain 4 ○ Slightly decrease 5 ○ Greatly decrease 8 Skipped 9 Not Asked,3,Maintain,2,5,Question: CC20_443- prompt once on skip GRID State legislatures must make choices when making spending decisions on important state programs. How would you like your legislature to spend money on each of the five areas below? legislature spending ROWS CC20_443_1 Welfare CC20_443_2 Health Care CC20_443_3 Education CC20_443_4 Law Enforcement CC20_443_5 Transportation/Infrastructure COLUMNS 1 ○ Greatly increase 2 ○ Slightly increase 3 ○ Maintain 4 ○ Slightly decrease 5 ○ Greatly decrease 8 Skipped 9 Not Asked Response option: Maintain,0.9997284242788694,1.2656084558892589
CC20_443_5,CC20_443,CC20_443- prompt once on skip GRID State legislatures must make choices when making spending decisions on important state programs. How would you like your legislature to spend money on each of the five areas below? legislature spending ROWS CC20_443_1 Welfare CC20_443_2 Health Care CC20_443_3 Education CC20_443_4 Law Enforcement CC20_443_5 Transportation/Infrastructure COLUMNS 1 ○ Greatly increase 2 ○ Slightly increase 3 ○ Maintain 4 ○ Slightly decrease 5 ○ Greatly decrease 8 Skipped 9 Not Asked,4,Slightly decrease,3,5,Question: CC20_443- prompt once on skip GRID State legislatures must make choices when making spending decisions on important state programs. How would you like your legislature to spend money on each of the five areas below? legislature spending ROWS CC20_443_1 Welfare CC20_443_2 Health Care CC20_443_3 Education CC20_443_4 Law Enforcement CC20_443_5 Transportation/Infrastructure COLUMNS 1 ○ Greatly increase 2 ○ Slightly increase 3 ○ Maintain 4 ○ Slightly decrease 5 ○ Greatly decrease 8 Skipped 9 Not Asked Response option: Slightly decrease,0.9997284242788694,1.2656084558892589
CC20_443_5,CC20_443,CC20_443- prompt once on skip GRID State legislatures must make choices when making spending decisions on important state programs. How would you like your legislature to spend money on each of the five areas below? legislature spending ROWS CC20_443_1 Welfare CC20_443_2 Health Care CC20_443_3 Education CC20_443_4 Law Enforcement CC20_443_5 Transportation/Infrastructure COLUMNS 1 ○ Greatly increase 2 ○ Slightly increase 3 ○ Maintain 4 ○ Slightly decrease 5 ○ Greatly decrease 8 Skipped 9 Not Asked,5,Greatly decrease,4,5,Question: CC20_443- prompt once on skip GRID State legislatures must make choices when making spending decisions on important state programs. How would you like your legislature to spend money on each of the five areas below? legislature spending ROWS CC20_443_1 Welfare CC20_443_2 Health Care CC20_443_3 Education CC20_443_4 Law Enforcement CC20_443_5 Transportation/Infrastructure COLUMNS 1 ○ Greatly increase 2 ○ Slightly increase 3 ○ Maintain 4 ○ Slightly decrease 5 ○ Greatly decrease 8 Skipped 9 Not Asked Response option: Greatly decrease,0.9997284242788694,1.2656084558892589
